PLAYER_NAME,fga,fgm,fg_pct,pps,assisted_make_pct,rim_rate,three_rate,efg,rim_a,rim_pct,three_a,three_pct,corner3_a,corner3_pct,games,tov,ast,stl,ftm,fta,pts,ast_tov,ts,orb,drb
AJ Green,39.0,18.0,46.15384615384615,1.3846153846153846,100.0,0.0,89.74358974358975,69.23076923076923,,,35.0,51.42857142857142,12.0,50.0,5,,10.0,,1.0,2.0,55,,68.9568706118355,2.0,12.0
Aaron Gordon,167.0,81.0,48.50299401197605,1.1017964071856288,64.19753086419753,41.91616766467065,34.73053892215569,55.08982035928144,70.0,58.57142857142858,58.0,37.93103448275862,21.0,28.57142857142857,14,26.0,38.0,8.0,43.0,50.0,227,1.4615384615384615,60.05291005291006,50.0,56.0
Aaron Holiday,10.0,4.0,40.0,1.0,50.0,10.0,50.0,50.0,1.0,0.0,5.0,40.0,,,3,1.0,3.0,,2.0,4.0,12,3.0,51.02040816326531,1.0,1.0
Aaron Nesmith,212.0,100.0,47.16981132075472,1.2264150943396226,86.0,17.92452830188679,57.54716981132076,61.32075471698113,38.0,50.0,122.0,49.18032786885246,51.0,49.01960784313725,23,23.0,26.0,20.0,31.0,36.0,291,1.1304347826086956,63.86060393258427,26.0,103.0
Aaron Wiggins,119.0,47.0,39.49579831932773,1.0,78.72340425531915,20.168067226890756,57.98319327731093,50.0,24.0,54.166666666666664,69.0,36.231884057971016,16.0,50.0,22,17.0,20.0,10.0,13.0,17.0,132,1.1764705882352942,52.18216318785579,14.0,36.0
Ajay Mitchell,35.0,16.0,45.714285714285715,1.0571428571428572,43.75,20.0,37.142857142857146,52.85714285714286,7.0,42.857142857142854,13.0,38.46153846153847,9.0,44.44444444444444,11,6.0,9.0,2.0,4.0,5.0,41,1.5,55.107526881720425,3.0,6.0
Al Horford,72.0,34.0,47.22222222222222,1.1388888888888888,76.47058823529412,19.444444444444446,48.61111111111111,56.94444444444444,14.0,78.57142857142857,35.0,40.0,10.0,40.0,11,7.0,20.0,7.0,6.0,7.0,88,2.857142857142857,58.60415556739478,18.0,48.0
Alec Burks,3.0,2.0,66.66666666666667,2.0,100.0,0.0,100.0,100.0,,,3.0,66.66666666666666,1.0,0.0,1,,2.0,,,,6,,,0.0,2.0
Alex Caruso,160.0,72.0,45.0,1.13125,83.33333333333333,33.75,56.25,56.56250000000001,54.0,50.0,90.0,41.11111111111111,37.0,35.13513513513514,23,19.0,51.0,45.0,31.0,39.0,212,2.6842105263157894,59.83291939489727,17.0,45.0
Alex Len,1.0,0.0,0.0,0.0,,0.0,0.0,0.0,,,,,,,1,,,,,,0,,,3.0,1.0
Alperen Sengun,131.0,59.0,45.038167938931295,0.9236641221374046,47.45762711864407,29.00763358778626,6.106870229007633,46.18320610687023,38.0,63.1578947368421,8.0,37.5,2.0,50.0,7,15.0,37.0,13.0,25.0,40.0,146,2.466666666666667,49.12516823687753,21.0,62.0
Amen Thompson,85.0,42.0,49.411764705882355,1.0,40.476190476190474,38.82352941176471,4.705882352941177,50.0,33.0,66.66666666666666,4.0,25.0,1.0,0.0,7,12.0,23.0,12.0,25.0,36.0,110,1.9166666666666667,54.541848472828235,19.0,29.0
Andre Jackson Jr.,1.0,0.0,0.0,0.0,,0.0,100.0,0.0,,,1.0,0.0,,,1,,,,,,0,,,,
Andrew Nembhard,223.0,105.0,47.08520179372197,1.1210762331838564,53.333333333333336,17.937219730941703,38.56502242152467,56.05381165919282,40.0,57.49999999999999,86.0,46.51162790697674,27.0,44.44444444444444,23,42.0,107.0,35.0,37.0,46.0,287,2.5476190476190474,58.995231047525074,14.0,60.0
Andrew Wiggins,43.0,16.0,37.2093023255814,0.9069767441860465,62.5,11.627906976744185,46.51162790697674,45.348837209302324,5.0,40.0,20.0,35.0,4.0,50.0,4,11.0,9.0,1.0,7.0,10.0,46,0.8181818181818182,48.52320675105485,4.0,9.0
Anthony Black,37.0,15.0,40.54054054054054,0.8648648648648649,60.0,37.83783783783784,35.13513513513514,43.24324324324324,14.0,64.28571428571429,13.0,15.384615384615385,3.0,33.33333333333333,5,2.0,,4.0,9.0,13.0,41,,47.98689138576779,10.0,12.0
Anthony Edwards,298.0,135.0,45.30201342281879,1.0604026845637584,45.925925925925924,32.21476510067114,43.624161073825505,53.02013422818792,96.0,58.333333333333336,130.0,35.38461538461539,15.0,46.666666666666664,15,39.0,82.0,17.0,64.0,89.0,380,2.1025641025641026,56.3530667932139,18.0,99.0
Ariel Hukporti,2.0,2.0,100.0,2.0,100.0,100.0,0.0,100.0,2.0,100.0,,,,,3,,,,,2.0,4,,69.44444444444444,0.0,2.0
Ausar Thompson,42.0,24.0,57.142857142857146,1.1428571428571428,79.16666666666667,71.42857142857143,4.761904761904762,57.14285714285714,30.0,73.33333333333333,2.0,0.0,1.0,0.0,6,11.0,6.0,7.0,21.0,36.0,69,0.5454545454545454,59.64730290456431,8.0,23.0
Austin Reaves,73.0,30.0,41.0958904109589,1.0273972602739727,56.666666666666664,13.698630136986301,64.38356164383562,51.369863013698634,10.0,70.0,47.0,31.914893617021278,11.0,45.45454545454545,5,14.0,18.0,1.0,6.0,7.0,81,1.2857142857142858,53.23343848580442,4.0,23.0
Bam Adebayo,64.0,28.0,43.75,0.984375,42.857142857142854,14.0625,32.8125,49.21875,9.0,77.77777777777779,21.0,33.33333333333333,11.0,36.36363636363637,4,12.0,17.0,4.0,7.0,11.0,70,1.4166666666666667,50.84253341080767,17.0,28.0
Baylor Scheierman,10.0,3.0,30.0,0.8,100.0,10.0,50.0,40.0,1.0,100.0,5.0,40.0,1.0,0.0,4,1.0,,,,,8,,,1.0,3.0
Ben Sheppard,51.0,24.0,47.05882352941177,1.2352941176470589,95.83333333333333,5.88235294117647,74.50980392156863,61.76470588235294,3.0,66.66666666666666,38.0,39.473684210526315,20.0,35.0,21,11.0,8.0,8.0,4.0,4.0,67,0.7272727272727273,63.4950720242608,8.0,31.0
Ben Simmons,6.0,2.0,33.333333333333336,0.6666666666666666,50.0,50.0,0.0,33.33333333333333,3.0,66.66666666666666,,,,,5,2.0,4.0,1.0,,,4,2.0,,3.0,4.0
Bennedict Mathurin,148.0,68.0,45.945945945945944,1.0405405405405406,66.17647058823529,35.13513513513514,40.54054054054054,52.02702702702703,52.0,65.38461538461539,60.0,30.0,18.0,44.44444444444444,22,26.0,19.0,9.0,89.0,103.0,243,0.7307692307692307,62.849162011173185,26.0,47.0
Bobby Portis,68.0,30.0,44.11764705882353,1.0294117647058822,83.33333333333333,20.588235294117645,41.17647058823529,51.470588235294116,14.0,57.14285714285714,28.0,35.714285714285715,10.0,30.0,5,6.0,7.0,2.0,,1.0,70,1.1666666666666667,51.13968439509059,8.0,33.0
Bogdan Bogdanović,44.0,16.0,36.36363636363637,0.8863636363636364,62.5,13.636363636363635,54.54545454545454,44.31818181818182,6.0,66.66666666666666,24.0,29.166666666666668,4.0,25.0,7,11.0,15.0,3.0,6.0,7.0,45,1.3636363636363635,47.7909940526763,5.0,15.0
Brandin Podziemski,132.0,48.0,36.36363636363637,0.8939393939393939,70.83333333333333,12.878787878787879,50.75757575757576,44.696969696969695,17.0,52.94117647058824,67.0,32.83582089552239,14.0,21.428571428571427,12,18.0,37.0,15.0,17.0,24.0,135,2.0555555555555554,47.348484848484844,16.0,44.0
Braxton Key,8.0,1.0,12.5,0.25,100.0,75.0,12.5,12.5,6.0,16.666666666666664,1.0,0.0,1.0,0.0,3,3.0,1.0,2.0,,,2,0.3333333333333333,,5.0,4.0
Bronny James,2.0,0.0,0.0,0.0,,0.0,100.0,0.0,,,2.0,0.0,,,1,,,,,,0,,,,
Brook Lopez,22.0,8.0,36.36363636363637,0.9090909090909091,87.5,18.181818181818183,68.18181818181817,45.45454545454545,4.0,75.0,15.0,26.666666666666668,,,5,4.0,4.0,1.0,5.0,5.0,25,1.0,51.65289256198348,3.0,5.0
Buddy Hield,125.0,52.0,41.6,1.096,73.07692307692308,19.2,61.6,54.800000000000004,24.0,50.0,77.0,42.857142857142854,18.0,33.33333333333333,12,13.0,21.0,14.0,13.0,14.0,150,1.6153846153846154,57.182067703568165,18.0,24.0
Cade Cunningham,129.0,55.0,42.63565891472868,0.8914728682170543,12.727272727272727,30.23255813953488,21.705426356589147,44.57364341085272,39.0,53.84615384615385,28.0,17.857142857142858,,,6,32.0,52.0,11.0,35.0,42.0,150,1.625,50.85435313262816,6.0,44.0
Caleb Houstan,14.0,2.0,14.285714285714286,0.42857142857142855,100.0,14.285714285714285,71.42857142857143,21.428571428571427,2.0,0.0,10.0,20.0,3.0,33.33333333333333,5,2.0,1.0,,,,6,0.5,,2.0,2.0
Cam Christie,3.0,2.0,66.66666666666667,1.6666666666666667,50.0,33.33333333333333,66.66666666666666,83.33333333333334,1.0,100.0,2.0,50.0,,,2,1.0,,1.0,,,5,,,0.0,2.0
Cam Whitmore,2.0,0.0,0.0,0.0,,50.0,50.0,0.0,1.0,0.0,1.0,0.0,,,2,,,,,,0,,,0.0,1.0
Cameron Payne,37.0,12.0,32.432432432432435,0.7837837837837838,58.333333333333336,10.81081081081081,56.75675675675676,39.189189189189186,4.0,50.0,21.0,23.809523809523807,4.0,25.0,14,7.0,9.0,5.0,1.0,3.0,30,1.2857142857142858,39.144050104384135,0.0,8.0
Cason Wallace,119.0,51.0,42.857142857142854,1.0252100840336134,76.47058823529412,25.210084033613445,52.10084033613446,51.26050420168067,30.0,73.33333333333333,62.0,32.25806451612903,28.0,35.714285714285715,23,16.0,48.0,32.0,6.0,9.0,128,3.0,52.0494469746259,23.0,38.0
Chet Holmgren,266.0,123.0,46.2406015037594,1.0263157894736843,78.04878048780488,41.72932330827068,34.21052631578947,51.31578947368421,111.0,65.76576576576578,91.0,29.67032967032967,25.0,32.0,23,28.0,22.0,17.0,76.0,97.0,349,0.7857142857142857,56.53103537644162,42.0,157.0
Chris Livingston,1.0,0.0,0.0,0.0,,0.0,100.0,0.0,,,1.0,0.0,,,2,,,,,,0,,,0.0,1.0
Christian Braun,148.0,67.0,45.270270270270274,1.0472972972972974,76.11940298507463,35.810810810810814,47.2972972972973,52.36486486486487,53.0,71.69811320754717,70.0,30.0,26.0,26.923076923076923,14,14.0,34.0,17.0,22.0,31.0,177,2.4285714285714284,54.75129918337046,25.0,65.0
Chuma Okeke,4.0,1.0,25.0,0.75,100.0,0.0,100.0,37.5,,,4.0,25.0,,,2,,1.0,1.0,,,3,,,,
Cole Anthony,14.0,4.0,28.571428571428573,0.5714285714285714,100.0,7.142857142857142,42.857142857142854,28.57142857142857,1.0,100.0,6.0,0.0,,,5,9.0,6.0,,3.0,4.0,11,0.6666666666666666,34.89847715736041,3.0,4.0
Cory Joseph,24.0,10.0,41.666666666666664,1.0416666666666667,90.0,8.333333333333332,66.66666666666666,52.083333333333336,2.0,100.0,16.0,31.25,5.0,20.0,5,2.0,15.0,5.0,,,25,7.5,,1.0,8.0
Craig Porter Jr.,12.0,6.0,50.0,1.0,16.666666666666668,41.66666666666667,25.0,50.0,5.0,80.0,3.0,0.0,,,6,2.0,9.0,3.0,,,12,4.5,,3.0,3.0
Dalton Knecht,5.0,2.0,40.0,1.0,50.0,0.0,80.0,50.0,,,4.0,25.0,1.0,0.0,2,,,,,,5,,,2.0,1.0
Damian Lillard,27.0,6.0,22.22222222222222,0.5555555555555556,33.333333333333336,7.4074074074074066,59.25925925925925,27.77777777777778,2.0,50.0,16.0,18.75,,,3,3.0,14.0,2.0,6.0,7.0,21,4.666666666666667,34.90691489361703,1.0,7.0
Darius Garland,69.0,29.0,42.028985507246375,0.9855072463768116,24.137931034482758,7.246376811594203,50.72463768115942,49.275362318840585,5.0,60.0,35.0,28.57142857142857,1.0,0.0,5,15.0,26.0,2.0,22.0,24.0,90,1.7333333333333334,56.56108597285068,1.0,10.0
Davion Mitchell,41.0,25.0,60.97560975609756,1.3902439024390243,40.0,24.390243902439025,34.146341463414636,69.51219512195121,10.0,70.0,14.0,50.0,2.0,50.0,4,8.0,25.0,3.0,3.0,7.0,60,3.125,68.05807622504537,2.0,7.0
De'Andre Hunter,63.0,27.0,42.857142857142854,1.0476190476190477,62.96296296296296,19.047619047619047,41.269841269841265,52.38095238095239,12.0,66.66666666666666,26.0,46.15384615384615,2.0,50.0,8,7.0,8.0,4.0,22.0,26.0,88,1.1428571428571428,59.108006448146156,6.0,23.0
DeAndre Jordan,3.0,3.0,100.0,2.0,100.0,66.66666666666666,0.0,100.0,2.0,100.0,,,,,7,2.0,2.0,,,4.0,6,1.0,63.02521008403361,1.0,8.0
Dean Wade,18.0,6.0,33.333333333333336,0.8333333333333334,66.66666666666667,16.666666666666664,77.77777777777779,41.66666666666667,3.0,100.0,14.0,21.428571428571427,6.0,16.666666666666664,9,3.0,6.0,3.0,,,15,2.0,,10.0,28.0
Delon Wright,9.0,2.0,22.22222222222222,0.5555555555555556,100.0,33.33333333333333,66.66666666666666,27.77777777777778,3.0,33.33333333333333,6.0,16.666666666666664,2.0,50.0,4,1.0,5.0,3.0,2.0,2.0,7,5.0,35.425101214574894,1.0,1.0
Dennis Schröder,53.0,26.0,49.056603773584904,1.169811320754717,30.76923076923077,16.9811320754717,39.62264150943396,58.490566037735846,9.0,66.66666666666666,21.0,47.61904761904761,6.0,33.33333333333333,6,7.0,22.0,7.0,13.0,16.0,75,3.142857142857143,62.45836109260493,4.0,10.0
Derrick Jones Jr.,48.0,21.0,43.75,1.0,85.71428571428571,31.25,41.66666666666667,50.0,15.0,53.333333333333336,20.0,30.0,14.0,35.714285714285715,7,3.0,2.0,4.0,3.0,8.0,51,0.6666666666666666,49.49534161490683,5.0,8.0
Derrick White,147.0,68.0,46.25850340136054,1.1972789115646258,67.6470588235294,15.646258503401361,70.74829931972789,59.863945578231295,23.0,82.6086956521739,104.0,38.46153846153847,23.0,43.47826086956522,11,13.0,39.0,7.0,31.0,36.0,207,3.0,63.559322033898304,14.0,42.0
Desmond Bane,63.0,20.0,31.746031746031747,0.746031746031746,45.0,20.634920634920633,50.79365079365079,37.301587301587304,13.0,76.92307692307693,32.0,21.875,7.0,28.57142857142857,4,15.0,13.0,3.0,14.0,15.0,61,0.8666666666666667,43.821839080459775,5.0,22.0
Dillon Brooks,63.0,28.0,44.44444444444444,1.0476190476190477,53.57142857142857,14.285714285714285,46.03174603174603,52.38095238095239,9.0,22.22222222222222,29.0,34.48275862068966,12.0,25.0,7,9.0,9.0,5.0,20.0,24.0,86,1.0,58.455682436106585,9.0,13.0
Dillon Jones,11.0,9.0,81.81818181818181,1.9090909090909092,77.77777777777777,36.36363636363637,36.36363636363637,95.45454545454545,4.0,100.0,4.0,75.0,2.0,50.0,8,6.0,5.0,1.0,2.0,2.0,23,0.8333333333333334,96.8013468013468,3.0,6.0
Donovan Mitchell,194.0,86.0,44.329896907216494,1.0309278350515463,36.04651162790697,25.257731958762886,43.29896907216495,51.546391752577314,49.0,61.224489795918366,84.0,33.33333333333333,11.0,36.36363636363637,9,17.0,35.0,17.0,66.0,89.0,266,2.0588235294117645,57.042374335220444,11.0,31.0
Donte DiVincenzo,126.0,46.0,36.507936507936506,0.9523809523809523,76.08695652173913,15.873015873015872,69.84126984126983,47.61904761904761,20.0,50.0,88.0,31.818181818181817,28.0,42.857142857142854,15,28.0,50.0,21.0,10.0,13.0,130,1.7857142857142858,49.34709990889766,12.0,34.0
Dorian Finney-Smith,29.0,12.0,41.37931034482759,1.0689655172413792,91.66666666666667,31.03448275862069,65.51724137931035,53.44827586206896,9.0,55.55555555555556,19.0,36.84210526315789,10.0,20.0,5,5.0,13.0,1.0,,,31,2.6,,10.0,11.0
Draymond Green,108.0,42.0,38.888888888888886,0.9259259259259259,80.95238095238095,22.22222222222222,55.55555555555556,46.2962962962963,24.0,66.66666666666666,60.0,26.666666666666668,22.0,22.727272727272727,12,36.0,46.0,17.0,9.0,13.0,109,1.2777777777777777,47.92472740063313,9.0,57.0
Drew Eubanks,2.0,0.0,0.0,0.0,,0.0,0.0,0.0,,,,,,,3,,,,4.0,6.0,4,,43.103448275862064,0.0,1.0
Duncan Robinson,14.0,5.0,35.714285714285715,1.0,100.0,0.0,85.71428571428571,50.0,,,12.0,33.33333333333333,2.0,0.0,4,6.0,1.0,,3.0,4.0,17,0.16666666666666666,53.93401015228426,0.0,4.0
Evan Mobley,87.0,51.0,58.62068965517241,1.3333333333333333,66.66666666666667,39.08045977011494,35.63218390804598,66.66666666666666,34.0,82.35294117647058,31.0,45.16129032258064,3.0,66.66666666666666,8,11.0,13.0,9.0,21.0,25.0,137,1.1818181818181819,69.89795918367348,21.0,44.0
Franz Wagner,115.0,51.0,44.34782608695652,0.9478260869565217,31.372549019607842,20.869565217391305,32.17391304347826,47.391304347826086,24.0,66.66666666666666,37.0,18.91891891891892,6.0,0.0,5,10.0,28.0,6.0,20.0,26.0,129,2.8,51.01233786776337,3.0,21.0
Fred VanVleet,93.0,40.0,43.01075268817204,1.1505376344086022,52.5,3.225806451612903,66.66666666666666,57.52688172043011,3.0,66.66666666666666,62.0,43.54838709677419,8.0,37.5,7,13.0,31.0,7.0,24.0,24.0,131,2.3846153846153846,63.24835843955194,3.0,26.0
Gabe Vincent,14.0,5.0,35.714285714285715,1.0,80.0,7.142857142857142,92.85714285714286,50.0,1.0,100.0,13.0,30.76923076923077,5.0,40.0,5,1.0,5.0,1.0,,,14,5.0,,0.0,5.0
Gary Harris,8.0,3.0,37.5,0.875,66.66666666666667,12.5,75.0,43.75,1.0,100.0,6.0,16.666666666666664,4.0,0.0,5,,3.0,3.0,,,7,,,1.0,4.0
Gary Payton II,47.0,21.0,44.680851063829785,1.0851063829787233,95.23809523809524,31.914893617021278,48.93617021276596,54.25531914893617,15.0,73.33333333333333,23.0,39.130434782608695,17.0,35.294117647058826,11,6.0,16.0,10.0,,,51,2.6666666666666665,,9.0,14.0
Gary Trent Jr.,62.0,32.0,51.61290322580645,1.3870967741935485,68.75,8.064516129032258,70.96774193548387,69.35483870967742,5.0,80.0,44.0,50.0,8.0,50.0,5,3.0,6.0,13.0,8.0,10.0,94,2.0,70.78313253012047,1.0,10.0
Giannis Antetokounmpo,99.0,60.0,60.60606060606061,1.2222222222222223,31.666666666666668,57.57575757575758,5.05050505050505,61.111111111111114,57.0,77.19298245614034,5.0,20.0,,,5,23.0,33.0,5.0,44.0,63.0,165,1.434782608695652,65.10416666666666,19.0,58.0
Goga Bitadze,1.0,1.0,100.0,2.0,100.0,100.0,0.0,100.0,1.0,100.0,,,,,2,,1.0,,,,2,,,0.0,3.0
Gui Santos,17.0,9.0,52.94117647058823,1.2941176470588236,77.77777777777777,23.52941176470588,58.82352941176471,64.70588235294117,4.0,75.0,10.0,40.0,2.0,50.0,9,6.0,8.0,3.0,4.0,6.0,26,1.3333333333333333,66.19144602851324,3.0,9.0
Haywood Highsmith,19.0,11.0,57.89473684210526,1.5263157894736843,90.9090909090909,15.789473684210526,78.94736842105263,76.31578947368422,3.0,100.0,15.0,46.666666666666664,6.0,50.0,4,4.0,4.0,3.0,,,29,1.0,,4.0,9.0
Hunter Tyson,10.0,5.0,50.0,1.1,40.0,20.0,50.0,55.00000000000001,2.0,100.0,5.0,20.0,3.0,33.33333333333333,5,1.0,2.0,1.0,4.0,4.0,15,2.0,63.775510204081634,4.0,4.0
Isaac Okoro,30.0,15.0,50.0,1.2,66.66666666666667,26.666666666666668,53.333333333333336,60.0,8.0,62.5,16.0,37.5,11.0,36.36363636363637,9,4.0,5.0,6.0,5.0,8.0,41,1.25,61.157517899761324,4.0,7.0
Isaiah Hartenstein,134.0,83.0,61.940298507462686,1.2388059701492538,72.28915662650603,48.507462686567166,0.0,61.940298507462686,65.0,75.38461538461539,,,,,23,27.0,51.0,19.0,20.0,30.0,186,1.8888888888888888,63.17934782608696,63.0,110.0
Isaiah Joe,73.0,36.0,49.31506849315068,1.3013698630136987,91.66666666666667,15.068493150684931,76.71232876712328,65.06849315068493,11.0,81.81818181818183,56.0,41.07142857142857,12.0,58.333333333333336,21,7.0,14.0,7.0,12.0,14.0,107,2.0,67.5846387064174,7.0,22.0
Isaiah Stewart,2.0,1.0,50.0,1.0,0.0,100.0,0.0,50.0,2.0,50.0,,,,,1,,1.0,,,,2,,,1.0,4.0
Ivica Zubac,82.0,54.0,65.85365853658537,1.3170731707317074,83.33333333333333,42.68292682926829,0.0,65.85365853658537,35.0,74.28571428571429,,,,,7,11.0,16.0,5.0,14.0,26.0,122,1.4545454545454546,65.28253424657534,27.0,44.0
JD Davison,8.0,1.0,12.5,0.375,100.0,37.5,25.0,18.75,3.0,0.0,2.0,50.0,,,4,1.0,3.0,,1.0,2.0,4,3.0,22.52252252252252,1.0,2.0
Ja Morant,53.0,22.0,41.509433962264154,0.9056603773584906,18.181818181818183,15.09433962264151,30.18867924528302,45.28301886792453,8.0,62.5,16.0,25.0,1.0,0.0,3,6.0,15.0,2.0,7.0,11.0,55,2.5,47.54495159059474,1.0,5.0
Jabari Smith Jr.,34.0,17.0,50.0,1.2941176470588236,100.0,2.941176470588235,64.70588235294117,64.70588235294117,1.0,100.0,22.0,45.45454545454545,10.0,50.0,7,10.0,4.0,1.0,8.0,10.0,52,0.4,67.70833333333334,7.0,20.0
Jaden McDaniels,169.0,87.0,51.4792899408284,1.1538461538461537,70.11494252873563,30.76923076923077,32.544378698224854,57.692307692307686,52.0,75.0,55.0,38.18181818181819,36.0,38.88888888888889,15,18.0,23.0,19.0,25.0,28.0,220,1.2777777777777777,60.66622545775425,27.0,57.0
Jaime Jaquez Jr.,6.0,1.0,16.666666666666668,0.3333333333333333,0.0,50.0,33.33333333333333,16.666666666666664,3.0,0.0,2.0,0.0,2.0,0.0,3,1.0,1.0,,2.0,2.0,4,1.0,29.069767441860467,2.0,1.0
Jalen Brunson,393.0,181.0,46.0559796437659,1.0432569974554708,19.337016574585636,17.302798982188293,34.096692111959285,52.16284987277354,68.0,52.94117647058824,134.0,35.82089552238806,17.0,58.82352941176471,18,55.0,126.0,8.0,120.0,141.0,530,2.290909090909091,58.236638537271446,12.0,50.0
Jalen Duren,40.0,26.0,65.0,1.3,61.53846153846154,80.0,0.0,65.0,32.0,68.75,,,,,6,10.0,21.0,2.0,19.0,23.0,71,2.1,70.83000798084598,26.0,38.0
Jalen Green,86.0,32.0,37.2093023255814,0.8953488372093024,46.875,24.418604651162788,51.162790697674424,44.76744186046512,21.0,71.42857142857143,44.0,29.545454545454547,8.0,12.5,7,10.0,20.0,4.0,16.0,24.0,93,2.0,48.156586578293286,3.0,35.0
Jalen Pickett,15.0,5.0,33.333333333333336,0.8666666666666667,60.0,6.666666666666667,60.0,43.333333333333336,1.0,100.0,9.0,33.33333333333333,2.0,0.0,8,6.0,5.0,,,,13,0.8333333333333334,,0.0,7.0
Jalen Williams,396.0,178.0,44.94949494949495,0.9873737373737373,43.258426966292134,31.313131313131315,29.040404040404038,49.368686868686865,124.0,63.70967741935484,115.0,30.434782608695656,15.0,40.0,23,41.0,111.0,32.0,101.0,128.0,492,2.707317073170732,54.386275203395826,24.0,103.0
Jamal Murray,250.0,111.0,44.4,1.024,39.63963963963964,18.8,38.4,51.2,47.0,68.08510638297872,96.0,35.41666666666667,9.0,22.22222222222222,14,44.0,73.0,17.0,49.0,56.0,305,1.6590909090909092,55.52723565394698,9.0,59.0
James Harden,101.0,44.0,43.56435643564357,1.0297029702970297,18.181818181818183,23.762376237623762,43.56435643564357,51.48514851485149,24.0,62.5,44.0,36.36363636363637,2.0,0.0,7,21.0,64.0,9.0,27.0,33.0,131,3.0476190476190474,56.70013850415513,4.0,34.0
James Johnson,5.0,3.0,60.0,1.2,0.0,20.0,20.0,60.0,1.0,100.0,1.0,0.0,,,4,1.0,2.0,2.0,1.0,2.0,7,2.0,59.523809523809526,0.0,1.0
Jarace Walker,34.0,13.0,38.23529411764706,1.0,84.61538461538461,2.941176470588235,58.82352941176471,50.0,1.0,100.0,20.0,40.0,3.0,66.66666666666666,11,7.0,8.0,2.0,2.0,4.0,36,1.1428571428571428,50.33557046979866,2.0,19.0
Jaren Jackson Jr.,58.0,22.0,37.93103448275862,0.8103448275862069,54.54545454545455,13.793103448275861,18.96551724137931,40.51724137931034,8.0,50.0,11.0,27.27272727272727,3.0,0.0,4,11.0,6.0,4.0,17.0,20.0,64,0.5454545454545454,47.90419161676647,9.0,11.0
Jarred Vanderbilt,6.0,2.0,33.333333333333336,0.6666666666666666,50.0,66.66666666666666,16.666666666666664,33.33333333333333,4.0,50.0,1.0,0.0,,,5,3.0,5.0,3.0,3.0,4.0,7,1.6666666666666667,45.103092783505154,4.0,15.0
Jarrett Allen,61.0,44.0,72.1311475409836,1.4426229508196722,84.0909090909091,68.85245901639344,0.0,72.1311475409836,42.0,73.80952380952381,,,,,9,17.0,12.0,13.0,33.0,35.0,121,0.7058823529411765,79.18848167539267,21.0,55.0
Javonte Green,10.0,4.0,40.0,0.9,50.0,40.0,50.0,45.0,4.0,75.0,5.0,20.0,4.0,25.0,6,2.0,2.0,4.0,6.0,6.0,15,1.0,59.33544303797468,1.0,8.0
Jaxson Hayes,8.0,3.0,37.5,0.75,100.0,75.0,0.0,37.5,6.0,50.0,,,,,4,1.0,1.0,,1.0,2.0,7,1.0,39.41441441441441,5.0,3.0
Jay Huff,4.0,2.0,50.0,1.0,50.0,50.0,25.0,50.0,2.0,100.0,1.0,0.0,,,2,1.0,1.0,,4.0,4.0,8,1.0,69.44444444444444,1.0,2.0
Jaylen Brown,195.0,86.0,44.1025641025641,0.9897435897435898,39.53488372093023,24.102564102564102,32.30769230769231,49.48717948717949,47.0,65.95744680851064,63.0,33.33333333333333,14.0,35.714285714285715,11,39.0,43.0,11.0,50.0,66.0,243,1.1025641025641026,54.231387252276384,13.0,64.0
Jaylen Clark,5.0,4.0,80.0,1.6,50.0,60.0,20.0,80.0,3.0,100.0,1.0,0.0,1.0,0.0,5,1.0,1.0,2.0,3.0,4.0,11,1.0,81.36094674556213,2.0,5.0
Jaylin Williams,35.0,15.0,42.857142857142854,1.1142857142857143,100.0,14.285714285714285,71.42857142857143,55.714285714285715,5.0,60.0,25.0,36.0,5.0,20.0,17,12.0,17.0,8.0,6.0,11.0,45,1.4166666666666667,56.47590361445782,4.0,28.0
Jaylon Tyson,15.0,7.0,46.666666666666664,1.2666666666666666,100.0,33.33333333333333,60.0,63.33333333333333,5.0,40.0,9.0,55.55555555555556,4.0,100.0,4,2.0,7.0,2.0,5.0,6.0,24,3.5,68.02721088435374,3.0,4.0
Jayson Tatum,175.0,74.0,42.285714285714285,1.0114285714285713,27.027027027027028,20.57142857142857,44.57142857142857,50.57142857142857,36.0,75.0,78.0,37.17948717948718,2.0,0.0,8,26.0,43.0,17.0,48.0,54.0,225,1.6538461538461537,56.60092573958543,9.0,83.0
Jeff Green,3.0,1.0,33.333333333333336,1.0,100.0,33.33333333333333,33.33333333333333,50.0,1.0,0.0,1.0,100.0,1.0,100.0,2,,,,,,3,,,1.0,0.0
Jericho Sims,6.0,6.0,100.0,2.0,83.33333333333333,100.0,0.0,100.0,6.0,100.0,,,,,5,5.0,1.0,,2.0,3.0,14,0.2,95.62841530054644,11.0,9.0
Jett Howard,2.0,2.0,100.0,3.0,50.0,0.0,100.0,150.0,,,2.0,100.0,,,1,,,,,,6,,,,
Jimmy Butler III,152.0,68.0,44.73684210526316,0.9671052631578947,44.11764705882353,28.947368421052634,23.684210526315788,48.35526315789473,44.0,68.18181818181817,36.0,30.555555555555557,16.0,25.0,11,13.0,57.0,14.0,64.0,80.0,211,4.384615384615385,56.35683760683761,26.0,47.0
Jock Landale,2.0,1.0,50.0,1.0,100.0,0.0,0.0,50.0,,,,,,,1,,,,,,2,,,,
John Konchar,9.0,3.0,33.333333333333336,0.7777777777777778,100.0,22.22222222222222,66.66666666666666,38.88888888888889,2.0,100.0,6.0,16.666666666666664,3.0,0.0,4,2.0,6.0,2.0,4.0,4.0,11,3.0,51.11524163568774,3.0,10.0
Johnny Furphy,4.0,1.0,25.0,0.5,100.0,25.0,50.0,25.0,1.0,100.0,2.0,0.0,2.0,0.0,7,1.0,1.0,,,1.0,2,1.0,22.52252252252252,1.0,5.0
Jonathan Isaac,12.0,7.0,58.333333333333336,1.25,100.0,58.333333333333336,33.33333333333333,62.5,7.0,85.71428571428571,4.0,25.0,2.0,50.0,5,2.0,2.0,2.0,3.0,5.0,18,1.0,63.38028169014085,5.0,5.0
Jonathan Kuminga,93.0,45.0,48.38709677419355,1.075268817204301,66.66666666666667,34.40860215053764,26.881720430107524,53.76344086021505,32.0,71.875,25.0,40.0,12.0,50.0,8,13.0,10.0,4.0,22.0,31.0,122,0.7692307692307693,57.20180045011253,7.0,13.0
Jordan Goodwin,5.0,1.0,20.0,0.4,100.0,20.0,40.0,20.0,1.0,0.0,2.0,0.0,1.0,0.0,4,1.0,2.0,1.0,1.0,2.0,3,2.0,25.510204081632654,2.0,3.0
Jordan Miller,7.0,3.0,42.857142857142854,0.8571428571428571,66.66666666666667,71.42857142857143,14.285714285714285,42.857142857142854,5.0,60.0,1.0,0.0,,,3,,4.0,3.0,1.0,2.0,7,,44.41624365482234,0.0,2.0
Jordan Walsh,1.0,0.0,0.0,0.0,,0.0,100.0,0.0,,,1.0,0.0,1.0,0.0,2,,1.0,,,,0,,,0.0,1.0
Josh Hart,144.0,68.0,47.22222222222222,1.0833333333333333,70.58823529411765,40.27777777777778,37.5,54.166666666666664,58.0,63.793103448275865,54.0,37.03703703703704,16.0,37.5,18,35.0,80.0,20.0,52.0,67.0,208,2.2857142857142856,59.949273691491825,44.0,114.0
Josh Minott,8.0,2.0,25.0,0.625,100.0,25.0,75.0,31.25,2.0,50.0,6.0,16.666666666666664,1.0,0.0,5,2.0,2.0,,,,5,1.0,,,
Jrue Holiday,60.0,29.0,48.333333333333336,1.1166666666666667,62.06896551724138,30.0,43.333333333333336,55.833333333333336,18.0,88.88888888888889,26.0,34.61538461538461,6.0,16.666666666666664,8,16.0,32.0,7.0,9.0,13.0,76,2.0,57.821059038344494,12.0,21.0
Julian Strawther,30.0,13.0,43.333333333333336,1.0666666666666667,84.61538461538461,16.666666666666664,40.0,53.333333333333336,5.0,60.0,12.0,50.0,5.0,40.0,8,5.0,2.0,2.0,6.0,7.0,38,0.4,57.436517533252726,4.0,5.0
Julius Randle,229.0,115.0,50.21834061135371,1.1353711790393013,51.30434782608695,27.947598253275107,34.06113537117904,56.76855895196506,64.0,65.625,78.0,38.46153846153847,18.0,22.22222222222222,15,49.0,74.0,12.0,66.0,75.0,326,1.510204081632653,62.213740458015266,27.0,61.0
Karl-Anthony Towns,285.0,139.0,48.771929824561404,1.0666666666666667,60.431654676258994,33.68421052631579,25.964912280701753,53.333333333333336,96.0,69.79166666666666,74.0,35.13513513513514,5.0,60.0,18,40.0,24.0,13.0,82.0,97.0,386,0.6,58.89892578125,38.0,171.0
Kawhi Leonard,123.0,66.0,53.65853658536585,1.1951219512195121,46.96969696969697,21.138211382113823,30.081300813008134,59.756097560975604,26.0,84.61538461538461,37.0,40.54054054054054,8.0,75.0,7,15.0,33.0,8.0,28.0,36.0,175,2.2,63.02218380870066,11.0,42.0
Kel'el Ware,18.0,8.0,44.44444444444444,1.0555555555555556,75.0,22.22222222222222,61.111111111111114,52.77777777777778,4.0,75.0,11.0,27.27272727272727,4.0,50.0,4,2.0,4.0,1.0,,,19,2.0,,4.0,15.0
Kenrich Williams,40.0,16.0,40.0,0.9,62.5,30.0,50.0,45.0,12.0,58.333333333333336,20.0,20.0,6.0,33.33333333333333,15,7.0,7.0,7.0,3.0,6.0,39,1.0,45.73170731707317,8.0,27.0
Kentavious Caldwell-Pope,30.0,8.0,26.666666666666668,0.7333333333333333,87.5,3.3333333333333335,76.66666666666667,36.666666666666664,1.0,0.0,23.0,26.08695652173913,8.0,25.0,5,2.0,9.0,7.0,3.0,4.0,25,4.5,39.357682619647356,1.0,14.0
Keshad Johnson,1.0,1.0,100.0,2.0,100.0,100.0,0.0,100.0,1.0,100.0,,,,,1,1.0,,,,,2,,,1.0,0.0
Kevin Knox II,20.0,8.0,40.0,0.85,87.5,45.0,30.0,42.5,9.0,66.66666666666666,6.0,16.666666666666664,3.0,33.33333333333333,5,2.0,4.0,,4.0,5.0,21,2.0,47.2972972972973,3.0,4.0
Kevin Porter Jr.,48.0,19.0,39.583333333333336,0.9375,31.57894736842105,16.666666666666664,31.25,46.875,8.0,50.0,15.0,46.666666666666664,2.0,50.0,5,9.0,27.0,4.0,11.0,13.0,56,3.0,52.12211466865227,3.0,15.0
Kevon Looney,23.0,10.0,43.47826086956522,0.8695652173913043,50.0,65.21739130434783,0.0,43.47826086956522,15.0,46.666666666666664,,,,,12,2.0,4.0,5.0,6.0,8.0,26,2.0,49.01960784313726,16.0,26.0
Kobe Brown,8.0,7.0,87.5,1.875,85.71428571428571,75.0,12.5,93.75,6.0,100.0,1.0,100.0,,,3,,4.0,,1.0,1.0,16,,94.7867298578199,0.0,1.0
Kris Dunn,44.0,17.0,38.63636363636363,1.0,100.0,25.0,63.63636363636363,50.0,11.0,54.54545454545454,28.0,35.714285714285715,15.0,26.666666666666668,7,1.0,9.0,8.0,,,44,9.0,,10.0,14.0
Kristaps Porziņģis,79.0,25.0,31.645569620253166,0.6835443037974683,76.0,30.37974683544304,32.91139240506329,34.177215189873415,24.0,58.333333333333336,26.0,15.384615384615385,1.0,0.0,11,10.0,8.0,10.0,31.0,45.0,85,0.8,43.01619433198381,21.0,30.0
Kyle Anderson,2.0,0.0,0.0,0.0,,0.0,0.0,0.0,,,,,,,2,1.0,1.0,,,,0,1.0,,0.0,1.0
Kyle Kuzma,35.0,12.0,34.285714285714285,0.7428571428571429,66.66666666666667,37.142857142857146,28.57142857142857,37.142857142857146,13.0,30.76923076923077,10.0,20.0,5.0,20.0,5,3.0,4.0,,3.0,6.0,29,1.3333333333333333,38.52284803400637,3.0,8.0
Lamar Stevens,9.0,2.0,22.22222222222222,0.4444444444444444,100.0,33.33333333333333,33.33333333333333,22.22222222222222,3.0,66.66666666666666,3.0,0.0,2.0,0.0,2,1.0,1.0,,,,4,1.0,,0.0,4.0
Landry Shamet,20.0,9.0,45.0,1.25,100.0,15.0,75.0,62.5,3.0,33.33333333333333,15.0,46.666666666666664,4.0,50.0,10,4.0,8.0,1.0,1.0,4.0,26,2.0,59.74264705882353,0.0,4.0
LeBron James,88.0,43.0,48.86363636363637,1.0909090909090908,60.46511627906977,34.090909090909086,31.818181818181817,54.54545454545454,30.0,73.33333333333333,28.0,35.714285714285715,7.0,57.14285714285714,5,13.0,28.0,10.0,31.0,40.0,127,2.1538461538461537,60.13257575757576,12.0,33.0
Leonard Miller,8.0,6.0,75.0,1.625,66.66666666666667,87.5,12.5,81.25,7.0,71.42857142857143,1.0,100.0,,,3,1.0,,,,,13,,,3.0,2.0
Luguentz Dort,164.0,60.0,36.58536585365854,1.024390243902439,95.0,7.926829268292683,85.36585365853658,51.21951219512195,13.0,84.61538461538461,140.0,34.285714285714285,43.0,44.18604651162791,23,20.0,20.0,29.0,14.0,22.0,182,1.0,52.39520958083832,32.0,57.0
Luka Dončić,104.0,47.0,45.19230769230769,1.0576923076923077,31.914893617021278,16.346153846153847,44.230769230769226,52.88461538461539,17.0,70.58823529411765,46.0,34.78260869565217,1.0,100.0,5,20.0,29.0,5.0,41.0,46.0,151,1.45,60.76947842884739,2.0,33.0
Luka Garza,6.0,6.0,100.0,2.1666666666666665,33.333333333333336,66.66666666666666,16.666666666666664,108.33333333333333,4.0,100.0,1.0,100.0,,,4,,,,,,13,,,3.0,0.0
Luke Kennard,18.0,8.0,44.44444444444444,1.0,62.5,16.666666666666664,50.0,50.0,3.0,66.66666666666666,9.0,22.22222222222222,1.0,0.0,4,6.0,8.0,4.0,,,18,1.3333333333333333,,2.0,12.0
Luke Kornet,29.0,21.0,72.41379310344827,1.4482758620689655,66.66666666666667,89.65517241379311,0.0,72.41379310344827,26.0,76.92307692307693,,,,,11,5.0,5.0,6.0,8.0,8.0,50,1.0,76.87576875768757,16.0,27.0
Malik Beasley,75.0,28.0,37.333333333333336,1.0133333333333334,85.71428571428571,10.666666666666668,78.66666666666666,50.66666666666667,8.0,75.0,59.0,33.89830508474576,18.0,38.88888888888889,6,7.0,7.0,3.0,8.0,8.0,84,1.0,53.48955680081509,1.0,14.0
Marvin Bagley III,9.0,8.0,88.88888888888889,1.8888888888888888,75.0,77.77777777777779,11.11111111111111,94.44444444444444,7.0,100.0,1.0,100.0,,,2,3.0,,2.0,,,17,,,2.0,4.0
Max Strus,89.0,37.0,41.57303370786517,1.1235955056179776,81.08108108108108,22.47191011235955,75.28089887640449,56.17977528089888,20.0,50.0,67.0,38.80597014925373,18.0,33.33333333333333,9,7.0,35.0,6.0,5.0,6.0,105,5.0,57.28939327804452,16.0,35.0
Maxi Kleber,1.0,0.0,0.0,0.0,,0.0,100.0,0.0,,,1.0,0.0,1.0,0.0,1,1.0,,,2.0,2.0,2,,53.191489361702125,,
Michael Porter Jr.,120.0,47.0,39.166666666666664,0.9833333333333333,85.1063829787234,22.5,58.333333333333336,49.166666666666664,27.0,59.25925925925925,70.0,34.285714285714285,21.0,23.809523809523807,14,13.0,9.0,9.0,10.0,14.0,128,0.6923076923076923,50.729232720355114,14.0,63.0
Mikal Bridges,263.0,120.0,45.627376425855516,1.0190114068441065,53.333333333333336,19.39163498098859,31.93916349809886,50.950570342205324,51.0,68.62745098039215,84.0,33.33333333333333,34.0,32.35294117647059,18,38.0,53.0,30.0,12.0,16.0,280,1.394736842105263,51.84417123389127,20.0,61.0
Mike Conley,96.0,29.0,30.208333333333332,0.8125,75.86206896551724,11.458333333333332,62.5,40.625,11.0,27.27272727272727,60.0,33.33333333333333,18.0,38.88888888888889,15,12.0,50.0,9.0,12.0,13.0,90,4.166666666666667,44.239087691702714,12.0,32.0
Miles McBride,90.0,34.0,37.77777777777778,1.0,52.94117647058823,10.0,65.55555555555556,50.0,9.0,55.55555555555556,59.0,37.28813559322034,21.0,47.61904761904761,18,11.0,18.0,8.0,14.0,17.0,104,1.6363636363636365,53.34427574887156,3.0,18.0
Mitchell Robinson,51.0,31.0,60.78431372549019,1.2156862745098038,48.38709677419355,94.11764705882352,0.0,60.78431372549019,48.0,62.5,,,,,18,13.0,7.0,17.0,22.0,56.0,84,0.5384615384615384,55.52617662612375,67.0,61.0
Moses Moody,80.0,28.0,35.0,0.8875,53.57142857142857,16.25,56.25,44.375,13.0,53.84615384615385,45.0,33.33333333333333,13.0,23.076923076923077,12,4.0,14.0,6.0,14.0,17.0,85,3.5,48.58253315043438,9.0,17.0
Myles Turner,219.0,106.0,48.401826484018265,1.1095890410958904,88.67924528301887,22.37442922374429,41.0958904109589,55.47945205479452,49.0,61.224489795918366,90.0,34.44444444444444,18.0,55.55555555555556,23,38.0,32.0,12.0,74.0,96.0,317,0.8421052631578947,60.67217883938141,27.0,82.0
Nate Williams,1.0,0.0,0.0,0.0,,0.0,100.0,0.0,,,1.0,0.0,1.0,0.0,2,1.0,,,,,0,,,,
Naz Reid,110.0,56.0,50.90909090909091,1.2454545454545454,69.64285714285714,21.818181818181817,57.27272727272727,62.272727272727266,24.0,58.333333333333336,63.0,39.682539682539684,19.0,36.84210526315789,15,28.0,25.0,11.0,19.0,25.0,156,0.8928571428571429,64.46280991735537,16.0,55.0
Neemias Queta,6.0,5.0,83.33333333333333,1.6666666666666667,60.0,100.0,0.0,83.33333333333334,6.0,83.33333333333334,,,,,3,,2.0,1.0,,,10,,,2.0,0.0
Nickeil Alexander-Walker,113.0,44.0,38.93805309734513,0.9734513274336283,77.27272727272727,26.548672566371685,55.75221238938053,48.67256637168141,30.0,60.0,63.0,34.92063492063492,27.0,33.33333333333333,15,23.0,35.0,6.0,15.0,17.0,125,1.5217391304347827,51.87583001328021,8.0,19.0
Nicolas Batum,33.0,13.0,39.39393939393939,1.1818181818181819,100.0,0.0,100.0,59.09090909090909,,,33.0,39.39393939393939,13.0,23.076923076923077,7,3.0,14.0,6.0,,,39,4.666666666666667,,4.0,23.0
Nikola Jokić,268.0,131.0,48.88059701492537,1.078358208955224,49.61832061068702,19.776119402985074,26.492537313432834,53.917910447761194,53.0,75.47169811320755,71.0,38.028169014084504,4.0,25.0,14,55.0,112.0,28.0,78.0,101.0,367,2.036363636363636,58.73127640506978,29.0,149.0
Nikola Jović,35.0,13.0,37.142857142857146,0.9142857142857143,76.92307692307692,14.285714285714285,68.57142857142857,45.714285714285715,5.0,80.0,24.0,25.0,12.0,25.0,4,5.0,6.0,3.0,6.0,6.0,38,1.2,50.47821466524973,4.0,12.0
Norman Powell,89.0,42.0,47.19101123595506,1.101123595505618,69.04761904761905,23.595505617977526,44.9438202247191,55.0561797752809,21.0,66.66666666666666,40.0,35.0,12.0,33.33333333333333,7,12.0,17.0,8.0,14.0,18.0,112,1.4166666666666667,57.77961205117623,1.0,16.0
OG Anunoby,247.0,103.0,41.70040485829959,1.0,66.01941747572816,27.93522267206478,48.987854251012145,50.0,69.0,60.86956521739131,121.0,33.88429752066116,60.0,25.0,18,30.0,24.0,36.0,47.0,58.0,294,0.8,53.940995156318806,24.0,59.0
Obi Toppin,171.0,83.0,48.538011695906434,1.1169590643274854,79.51807228915662,33.33333333333333,45.614035087719294,55.84795321637427,57.0,68.42105263157895,78.0,32.05128205128205,25.0,40.0,23,24.0,30.0,15.0,25.0,36.0,216,1.25,57.80346820809249,13.0,75.0
Ousmane Dieng,10.0,4.0,40.0,1.2,25.0,0.0,70.0,60.0,,,7.0,57.14285714285714,1.0,0.0,5,,3.0,,2.0,2.0,14,,64.33823529411764,0.0,4.0
Pacôme Dadiet,1.0,1.0,100.0,2.0,100.0,100.0,0.0,100.0,1.0,100.0,,,,,1,,,,,,2,,,,
Paolo Banchero,124.0,54.0,43.54838709677419,0.967741935483871,37.03703703703704,20.161290322580644,21.774193548387096,48.38709677419355,25.0,72.0,27.0,44.44444444444444,,,5,15.0,21.0,3.0,27.0,41.0,147,1.4,51.74598704590257,12.0,30.0
Pascal Siakam,341.0,175.0,51.31964809384164,1.1290322580645162,74.28571428571429,28.445747800586513,24.04692082111437,56.451612903225815,97.0,74.22680412371135,82.0,42.68292682926829,21.0,47.61904761904761,23,30.0,78.0,28.0,87.0,122.0,472,2.6,59.79527718658153,30.0,116.0
Pat Connaughton,8.0,2.0,25.0,0.625,100.0,12.5,50.0,31.25,1.0,100.0,4.0,25.0,3.0,33.33333333333333,2,1.0,1.0,,1.0,2.0,6,1.0,33.78378378378378,0.0,2.0
Pat Spencer,25.0,16.0,64.0,1.32,43.75,40.0,12.0,66.0,10.0,60.0,3.0,33.33333333333333,2.0,0.0,7,6.0,6.0,3.0,3.0,3.0,36,1.0,68.38905775075987,5.0,6.0
Patty Mills,2.0,1.0,50.0,1.5,100.0,50.0,50.0,75.0,1.0,0.0,1.0,100.0,,,1,1.0,,,,,3,,,,
Paul Reed,8.0,5.0,62.5,1.25,40.0,87.5,0.0,62.5,7.0,71.42857142857143,,,,,5,5.0,1.0,5.0,4.0,6.0,14,0.2,65.78947368421052,7.0,8.0
Payton Pritchard,99.0,45.0,45.45454545454545,1.1818181818181819,51.111111111111114,19.19191919191919,67.67676767676768,59.09090909090909,19.0,68.42105263157895,67.0,40.298507462686565,7.0,42.857142857142854,11,9.0,17.0,6.0,14.0,17.0,131,1.8888888888888888,61.51389932381668,9.0,16.0
Pelle Larsson,15.0,8.0,53.333333333333336,1.2666666666666666,75.0,33.33333333333333,53.333333333333336,63.33333333333333,5.0,60.0,8.0,37.5,1.0,100.0,3,2.0,4.0,1.0,1.0,3.0,20,2.0,61.274509803921575,2.0,7.0
Peyton Watson,59.0,24.0,40.67796610169491,0.9322033898305084,62.5,37.28813559322034,32.20338983050847,46.61016949152542,22.0,45.45454545454545,19.0,36.84210526315789,11.0,45.45454545454545,14,8.0,4.0,11.0,8.0,16.0,63,0.5,47.69836462749848,14.0,27.0
Precious Achiuwa,14.0,6.0,42.857142857142854,0.8571428571428571,50.0,57.14285714285714,7.142857142857142,42.857142857142854,8.0,62.5,1.0,0.0,,,7,1.0,,1.0,2.0,4.0,14,,44.41624365482234,3.0,6.0
Quinten Post,48.0,16.0,33.333333333333336,0.875,93.75,14.583333333333334,66.66666666666666,43.75,7.0,42.857142857142854,32.0,31.25,11.0,45.45454545454545,12,6.0,12.0,3.0,3.0,4.0,45,2.0,45.21704180064309,6.0,22.0
Reed Sheppard,2.0,0.0,0.0,0.0,,0.0,100.0,0.0,,,2.0,0.0,,,3,1.0,1.0,2.0,,,0,1.0,,0.0,1.0
Rob Dillingham,8.0,3.0,37.5,0.875,0.0,12.5,25.0,43.75,1.0,100.0,2.0,50.0,1.0,100.0,3,,7.0,,1.0,2.0,8,,45.04504504504504,0.0,2.0
Ronald Holland II,5.0,0.0,0.0,0.0,,40.0,60.0,0.0,2.0,0.0,3.0,0.0,2.0,0.0,5,6.0,,,9.0,10.0,9,,47.87234042553191,3.0,3.0
Rudy Gobert,79.0,46.0,58.22784810126582,1.1645569620253164,63.04347826086956,86.07594936708861,0.0,58.22784810126582,68.0,64.70588235294117,,,,,15,13.0,11.0,8.0,26.0,50.0,118,0.8461538461538461,58.415841584158414,47.0,82.0
Rui Hachimura,57.0,28.0,49.12280701754386,1.2456140350877194,96.42857142857143,24.561403508771928,54.385964912280706,62.28070175438597,14.0,71.42857142857143,31.0,48.38709677419355,15.0,46.666666666666664,5,7.0,5.0,3.0,3.0,3.0,74,0.7142857142857143,63.44307270233196,4.0,19.0
Russell Westbrook,133.0,52.0,39.097744360902254,0.9323308270676691,57.69230769230769,33.08270676691729,47.368421052631575,46.616541353383454,44.0,50.0,63.0,31.746031746031743,36.0,33.33333333333333,13,30.0,34.0,12.0,28.0,40.0,152,1.1333333333333333,50.46480743691899,19.0,29.0
Ryan Rollins,13.0,4.0,30.76923076923077,0.7692307692307693,75.0,15.384615384615385,53.84615384615385,38.46153846153847,2.0,100.0,7.0,28.57142857142857,,,3,,4.0,1.0,,,10,,,1.0,1.0
Sam Hauser,24.0,10.0,41.666666666666664,1.125,100.0,8.333333333333332,87.5,56.25,2.0,100.0,21.0,33.33333333333333,7.0,42.857142857142854,8,3.0,4.0,1.0,1.0,1.0,28,1.3333333333333333,57.283142389525366,0.0,12.0
Sam Merrill,40.0,15.0,37.5,1.1,86.66666666666667,2.5,97.5,55.00000000000001,1.0,100.0,39.0,35.8974358974359,13.0,38.46153846153847,8,2.0,14.0,4.0,2.0,3.0,46,7.0,55.663117134559535,7.0,13.0
Santi Aldama,44.0,21.0,47.72727272727273,1.1818181818181819,71.42857142857143,9.090909090909092,54.54545454545454,59.09090909090909,4.0,50.0,24.0,41.66666666666667,8.0,37.5,4,5.0,7.0,,,,52,1.4,,2.0,21.0
Scotty Pippen Jr.,58.0,22.0,37.93103448275862,0.9310344827586207,59.09090909090909,15.517241379310345,48.275862068965516,46.55172413793103,9.0,55.55555555555556,28.0,35.714285714285715,4.0,50.0,4,14.0,14.0,4.0,19.0,19.0,73,1.0,55.003013863773354,4.0,18.0
Shai Gilgeous-Alexander,504.0,233.0,46.23015873015873,0.9880952380952381,12.446351931330472,22.42063492063492,22.42063492063492,49.404761904761905,113.0,62.83185840707964,113.0,28.31858407079646,3.0,33.33333333333333,23,60.0,150.0,38.0,190.0,217.0,688,2.5,57.38306532328017,23.0,100.0
Shake Milton,1.0,0.0,0.0,0.0,,0.0,0.0,0.0,,,,,,,1,,,,,,0,,,,
Stephen Curry,130.0,62.0,47.69230769230769,1.2,43.54838709677419,7.6923076923076925,61.53846153846154,60.0,10.0,80.0,80.0,40.0,8.0,37.5,8,27.0,41.0,8.0,25.0,28.0,181,1.5185185185185186,63.589094997189434,2.0,40.0
Steven Adams,20.0,12.0,60.0,1.2,50.0,80.0,0.0,60.0,16.0,68.75,,,,,7,5.0,4.0,3.0,16.0,30.0,40,0.8,60.24096385542168,23.0,23.0
T.J. McConnell,175.0,94.0,53.714285714285715,1.12,27.659574468085108,33.714285714285715,10.857142857142858,56.00000000000001,59.0,59.32203389830508,19.0,42.10526315789473,4.0,75.0,23,44.0,93.0,20.0,22.0,27.0,218,2.1136363636363638,58.326198630136986,12.0,63.0
Tari Eason,44.0,21.0,47.72727272727273,1.1136363636363635,66.66666666666667,36.36363636363637,43.18181818181818,55.68181818181818,16.0,75.0,19.0,36.84210526315789,10.0,30.0,7,10.0,5.0,8.0,4.0,8.0,53,0.5,55.76599326599327,7.0,23.0
Taurean Prince,10.0,2.0,20.0,0.6,100.0,10.0,90.0,30.0,1.0,0.0,9.0,22.22222222222222,4.0,25.0,5,5.0,8.0,2.0,,,6,1.6,,0.0,5.0
Terrence Shannon Jr.,27.0,13.0,48.148148148148145,1.0740740740740742,92.3076923076923,37.03703703703704,29.629629629629626,53.70370370370371,10.0,70.0,8.0,37.5,7.0,42.857142857142854,9,3.0,3.0,4.0,12.0,12.0,41,1.0,63.506815365551425,1.0,9.0
Thomas Bryant,33.0,16.0,48.484848484848484,1.2424242424242424,93.75,30.303030303030305,54.54545454545454,62.121212121212125,10.0,60.0,18.0,50.0,11.0,63.63636363636363,19,7.0,4.0,4.0,11.0,14.0,52,0.5714285714285714,66.39427987742596,7.0,20.0
Tim Hardaway Jr.,71.0,24.0,33.80281690140845,0.9014084507042254,87.5,11.267605633802818,73.23943661971832,45.07042253521127,8.0,50.0,52.0,30.76923076923077,15.0,13.333333333333334,6,9.0,7.0,2.0,8.0,10.0,72,0.7777777777777778,47.745358090185675,2.0,15.0
Tobias Harris,71.0,34.0,47.88732394366197,1.0985915492957747,67.6470588235294,18.30985915492958,32.3943661971831,54.929577464788736,13.0,61.53846153846154,23.0,43.47826086956522,13.0,53.84615384615385,6,6.0,3.0,6.0,16.0,16.0,94,0.5,60.225525371604306,8.0,38.0
Tony Bradley,9.0,4.0,44.44444444444444,0.8888888888888888,75.0,88.88888888888889,11.11111111111111,44.44444444444444,8.0,50.0,1.0,0.0,1.0,0.0,11,4.0,3.0,,9.0,12.0,17,0.75,59.523809523809526,10.0,10.0
Torrey Craig,4.0,2.0,50.0,1.5,100.0,0.0,75.0,75.0,,,3.0,66.66666666666666,1.0,0.0,3,1.0,3.0,1.0,,,6,3.0,,2.0,3.0
Trayce Jackson-Davis,18.0,16.0,88.88888888888889,1.7777777777777777,56.25,94.44444444444444,0.0,88.88888888888889,17.0,88.23529411764706,,,,,8,1.0,2.0,3.0,5.0,13.0,37,2.0,77.99325463743678,9.0,12.0
Tristan Thompson,6.0,3.0,50.0,1.0,66.66666666666667,33.33333333333333,0.0,50.0,2.0,50.0,,,,,3,2.0,1.0,1.0,1.0,3.0,7,0.5,47.81420765027322,2.0,13.0
Tristan da Silva,1.0,0.0,0.0,0.0,,0.0,100.0,0.0,,,1.0,0.0,,,2,2.0,1.0,,,,0,0.5,,0.0,4.0
Ty Jerome,92.0,37.0,40.21739130434783,0.9565217391304348,27.027027027027028,16.304347826086957,39.130434782608695,47.82608695652174,15.0,46.666666666666664,36.0,38.88888888888889,2.0,50.0,9,11.0,32.0,5.0,17.0,20.0,105,2.909090909090909,52.083333333333336,5.0,17.0
Tyler Herro,65.0,27.0,41.53846153846154,0.9692307692307692,48.148148148148145,9.230769230769232,44.61538461538462,48.46153846153846,6.0,50.0,29.0,31.03448275862069,3.0,33.33333333333333,4,9.0,11.0,2.0,8.0,10.0,71,1.2222222222222223,51.15273775216138,0.0,14.0
Tyler Kolek,1.0,1.0,100.0,3.0,100.0,0.0,100.0,150.0,,,1.0,100.0,,,1,,3.0,,,,3,,,0.0,1.0
Tyrese Haliburton,315.0,146.0,46.34920634920635,1.0984126984126985,35.61643835616438,19.047619047619047,50.476190476190474,54.920634920634924,60.0,75.0,159.0,33.9622641509434,14.0,35.714285714285715,23,53.0,197.0,30.0,53.0,64.0,399,3.7169811320754715,58.13614640400979,7.0,116.0
Vince Williams Jr.,7.0,4.0,57.142857142857146,1.7142857142857142,100.0,0.0,100.0,85.71428571428571,,,7.0,57.14285714285714,4.0,75.0,3,3.0,4.0,2.0,2.0,2.0,14,1.3333333333333333,88.83248730964468,1.0,6.0
Wendell Carter Jr.,40.0,21.0,52.5,1.125,71.42857142857143,45.0,27.500000000000004,56.25,18.0,77.77777777777779,11.0,27.27272727272727,6.0,33.33333333333333,5,8.0,6.0,2.0,6.0,10.0,51,0.75,57.432432432432435,19.0,35.0
Xavier Tillman,4.0,1.0,25.0,0.5,100.0,50.0,50.0,25.0,2.0,50.0,2.0,0.0,,,1,,,,,,2,,,1.0,2.0
Zach Edey,15.0,10.0,66.66666666666667,1.3333333333333333,80.0,66.66666666666666,0.0,66.66666666666666,10.0,70.0,,,,,4,6.0,7.0,,5.0,7.0,25,1.1666666666666667,69.13716814159294,11.0,20.0
Zeke Nnaji,8.0,1.0,12.5,0.375,100.0,12.5,75.0,18.75,1.0,0.0,6.0,16.666666666666664,2.0,0.0,6,2.0,2.0,1.0,4.0,7.0,7,1.0,31.5884476534296,3.0,4.0
