PLAYER_NAME,three_a,three_pct,efg,rim_rate,ast_tov
Zach LaVine,536.0,44.58955223880597,60.87489779231399,28.04578904333606,1.4903846153846154
Taurean Prince,335.0,43.88059701492537,60.01945525291829,19.26070038910506,1.8902439024390243
Ty Jerome,253.0,43.873517786561266,60.59870550161812,14.724919093851131,2.5760869565217392
Vít Krejčí,206.0,43.689320388349515,65.06849315068493,14.726027397260276,3.108695652173913
Nicolas Batum,203.0,43.34975369458128,62.18487394957983,8.823529411764707,2.4705882352941178
Harrison Barnes,360.0,43.333333333333336,62.225475841874086,30.45387994143485,2.72
Keon Ellis,321.0,43.30218068535825,63.90086206896552,13.577586206896552,1.6901408450704225
Luke Kennard,261.0,43.29501915708812,60.90487238979119,10.672853828306264,2.986111111111111
Kevin Durant,372.0,43.01075268817204,59.7864768683274,11.032028469750893,1.3842105263157896
AJ Green,363.0,42.69972451790633,61.20283018867924,3.0660377358490565,2.7
Grayson Allen,350.0,42.57142857142857,60.02044989775052,15.132924335378323,1.8266666666666669
Alec Burks,207.0,42.51207729468599,58.67158671586717,7.011070110701106,1.896551724137931
Brice Sensabaugh,372.0,42.204301075268816,59.01502504173622,10.35058430717863,1.02803738317757
Karl-Anthony Towns,338.0,42.01183431952663,58.43621399176955,42.30452674897119,1.15625
Norman Powell,428.0,41.822429906542055,57.83068783068784,26.031746031746035,1.1574074074074074
Nikola Jokić,331.0,41.69184290030212,62.683284457478,31.59824046920821,3.11304347826087
Malik Beasley,766.0,41.64490861618799,57.936507936507944,8.309990662931838,1.6746987951807228
Sam Hauser,399.0,41.60401002506266,62.65822784810127,6.751054852320674,2.782608695652174
Gary Trent Jr.,433.0,41.570438799076214,56.77321156773212,8.82800608828006,2.0714285714285716
Tyus Jones,401.0,41.39650872817955,56.95461200585652,8.345534407027818,4.714285714285714
Rui Hachimura,247.0,41.29554655870445,59.72222222222222,32.63888888888889,1.6938775510204085
Isaiah Joe,466.0,41.201716738197426,60.37414965986394,8.503401360544217,3.1315789473684212
Kristaps Porziņģis,250.0,41.2,57.22996515679443,21.951219512195124,1.6415094339622642
Luguentz Dort,413.0,41.162227602905574,57.84148397976391,15.851602023608768,2.2549019607843137
Dorian Finney-Smith,314.0,41.082802547770704,59.6551724137931,20.689655172413794,1.6071428571428572
Mike Conley,310.0,40.96774193548387,53.52564102564102,11.965811965811966,4.253333333333333
Amir Coffey,247.0,40.89068825910931,56.96078431372549,20.784313725490197,1.711111111111111
Payton Pritchard,626.0,40.73482428115016,61.95150115473441,15.011547344110854,3.36144578313253
Collin Sexton,271.0,40.59040590405904,54.325259515570934,20.761245674740483,1.65
Royce O'Neale,441.0,40.58956916099773,57.98245614035088,11.578947368421051,2.5076923076923077
Georges Niang,409.0,40.58679706601467,59.51612903225807,16.612903225806452,1.353658536585366
Jamison Battle,259.0,40.54054054054054,58.06916426512968,11.81556195965418,1.962962962962963
Jay Huff,200.0,40.5,64.75409836065575,25.901639344262296,1.1176470588235294
De'Andre Hunter,388.0,40.4639175257732,57.28346456692913,18.503937007874015,1.1219512195121952
Nikola Vučević,321.0,40.18691588785047,59.20038535645472,26.300578034682083,2.1512605042016806
Kyrie Irving,359.0,40.11142061281337,54.920634920634924,19.894179894179896,2.081081081081081
Darius Garland,529.0,40.07561436672968,56.218057921635435,18.05792163543441,2.677248677248677
Ochai Agbaji,253.0,39.9209486166008,59.269662921348306,41.38576779026217,1.8148148148148149
Davion Mitchell,211.0,39.81042654028436,55.67226890756303,33.193277310924366,2.8359375
Christian Braun,224.0,39.732142857142854,63.398294762484774,52.131546894031665,2.5308641975308643
Scotty Pippen Jr.,219.0,39.726027397260275,55.3030303030303,32.659932659932664,2.5144927536231885
Donte DiVincenzo,438.0,39.726027397260275,56.82967959527825,15.345699831365936,2.272727272727273
Stephen Curry,784.0,39.66836734693878,57.1939586645469,12.87758346581876,2.105
Dillon Brooks,469.0,39.6588486140725,53.296089385474865,15.41899441340782,1.6842105263157894
Myles Turner,394.0,39.59390862944163,57.706535141800245,23.05795314426634,0.902439024390244
Michael Porter Jr.,489.0,39.46830265848671,59.58969465648855,27.958015267175572,1.5865384615384617
Anthony Edwards,811.0,39.457459926017265,54.65260545905707,22.51861042183623,1.4417670682730923
Duncan Robinson,483.0,39.33747412008282,58.06938159879337,14.630467571644044,2.046511627906977
Jamal Murray,397.0,39.29471032745592,54.32649420160571,19.090098126672615,2.920289855072464
Desmond Bane,418.0,39.23444976076555,56.48330058939096,24.95088408644401,2.1834319526627217
Josh Green,248.0,39.11290322580645,54.27553444180523,20.902612826603324,1.542857142857143
Klay Thompson,553.0,39.059674502712475,53.47776510832383,8.095781071835804,1.6477272727272727
Garrison Mathews,218.0,38.99082568807339,56.22568093385214,5.058365758754864,1.935483870967742
Cameron Johnson,408.0,38.97058823529411,58.16599732262383,22.48995983935743,1.9595959595959596
Pascal Siakam,324.0,38.88888888888889,57.1912013536379,28.934010152284262,2.4128440366972477
Tyrese Haliburton,562.0,38.79003558718861,58.15109343936382,13.02186878727634,5.608333333333333
Bradley Beal,264.0,38.63636363636363,57.06051873198847,19.164265129683,1.9696969696969695
Max Strus,293.0,38.56655290102389,59.383378016085786,15.81769436997319,2.925925925925926
Quentin Grimes,421.0,38.47980997624703,56.50060753341434,27.703523693803163,1.6170212765957446
Derrick White,691.0,38.35021707670043,58.02919708029197,10.740354535974973,2.7557251908396947
Aaron Wiggins,339.0,38.34808259587021,57.692307692307686,32.967032967032964,1.9420289855072463
Jalen Brunson,397.0,38.287153652392945,55.08333333333333,18.833333333333332,2.8963414634146343
Haywood Highsmith,233.0,38.197424892703864,57.1611253196931,23.785166240409207,2.074074074074074
Nickeil Alexander-Walker,370.0,38.108108108108105,55.27597402597403,19.967532467532468,2.2525252525252526
P.J. Washington,239.0,38.07531380753138,52.10526315789473,28.270676691729324,1.1101694915254237
Guerschon Yabusele,274.0,37.95620437956204,59.32504440497336,38.36589698046181,1.7011494252873562
Naz Reid,462.0,37.878787878787875,55.633802816901415,24.16034669555796,1.6759259259259258
Jordan Poole,622.0,37.78135048231511,54.3519394512772,20.908230842005675,1.4803921568627452
Immanuel Quickley,225.0,37.77777777777778,51.71232876712328,14.61187214611872,3.293103448275862
Josh Giddey,278.0,37.76978417266187,53.07017543859649,31.954887218045116,2.49009900990099
Chris Paul,371.0,37.735849056603776,54.71698113207547,2.9159519725557463,4.689922480620155
Austin Reaves,531.0,37.664783427495294,55.64127290260367,19.382835101253615,2.378531073446328
Dalton Knecht,340.0,37.64705882352941,57.63016157989228,19.92818671454219,1.7837837837837838
LeBron James,396.0,37.62626262626262,57.12598425196851,30.393700787401578,2.2115384615384617
Damian Lillard,524.0,37.595419847328245,54.6875,20.262096774193548,2.5308641975308643
Johnny Juzang,314.0,37.57961783439491,55.368421052631575,11.36842105263158,1.8888888888888888
Jaren Jackson Jr.,389.0,37.53213367609254,54.82275350370981,16.40560593569662,0.9673202614379084
Toumani Camara,360.0,37.5,55.237430167597765,35.614525139664806,1.6055045871559632
Shai Gilgeous-Alexander,435.0,37.47126436781609,56.85386473429952,25.483091787439616,2.6557377049180326
Tyler Herro,670.0,37.46268656716418,56.34978229317852,16.545718432510885,2.1414141414141414
Moses Moody,337.0,37.388724035608305,54.401408450704224,19.8943661971831,1.7777777777777777
Andrew Wiggins,348.0,37.35632183908046,52.56257449344458,23.12276519666269,1.595959595959596
Caris LeVert,284.0,37.32394366197183,55.59265442404006,32.5542570951586,2.8289473684210527
Brook Lopez,373.0,37.26541554959786,59.88372093023256,25.710594315245476,1.7023809523809523
CJ McCollum,459.0,37.25490196078432,52.95,18.7,2.141509433962264
Sam Merrill,368.0,37.22826086956522,56.72169811320755,8.962264150943396,3.085714285714286
Brandin Podziemski,309.0,37.2168284789644,53.65659777424483,16.05723370429253,2.933333333333333
OG Anunoby,460.0,37.173913043478265,55.93962999026291,37.9746835443038,1.607843137254902
Nikola Jović,210.0,37.142857142857146,55.96816976127321,23.607427055702917,2.183333333333333
Julian Champagnie,480.0,37.083333333333336,54.88721804511278,18.947368421052634,1.5
Coby White,584.0,36.986301369863014,54.95093666369313,25.780553077609277,1.8644067796610169
Buddy Hield,549.0,36.97632058287796,54.64376590330788,14.249363867684478,1.4725274725274726
Evan Mobley,230.0,36.95652173913043,60.43046357615894,47.682119205298015,1.5586206896551724
Miles McBride,312.0,36.858974358974365,51.09689213893967,16.63619744058501,4.560975609756097
Devin Vassell,429.0,36.82983682983683,53.2058492688414,16.87289088863892,2.0795454545454546
Santi Aldama,326.0,36.809815950920246,57.56172839506173,24.074074074074073,2.647887323943662
Donovan Mitchell,633.0,36.808846761453395,53.1439393939394,19.015151515151516,2.3758389261744965
Luka Dončić,481.0,36.7983367983368,53.609756097560975,15.414634146341465,2.1396648044692737
Tim Hardaway Jr.,457.0,36.76148796498906,52.94117647058824,10.735294117647058,2.5625
Max Christie,314.0,36.624203821656046,52.45762711864407,18.64406779661017,1.6590909090909092
Deni Avdija,342.0,36.54970760233918,55.035545023696685,38.74407582938388,1.433673469387755
Obi Toppin,301.0,36.544850498338874,62.10350584307178,34.05676126878131,1.8823529411764703
Jerami Grant,296.0,36.48648648648648,46.68989547038328,25.609756097560975,1.553846153846154
Jalen Williams,340.0,36.47058823529411,53.68150684931506,25.17123287671233,2.36
Corey Kispert,330.0,36.36363636363637,55.75221238938053,23.53982300884956,1.609375
Bogdan Bogdanović,289.0,36.332179930795846,53.35365853658537,13.821138211382117,2.0
Cameron Payne,256.0,36.328125,50.56053811659192,17.040358744394617,3.9038461538461537
Al Horford,314.0,36.30573248407643,54.66377440347071,16.48590021691974,2.782608695652174
Anfernee Simons,593.0,36.25632377740304,52.13333333333333,16.62222222222222,2.3496503496503496
Jordan Clarkson,232.0,36.206896551724135,49.290060851926974,11.967545638945234,1.6046511627906976
Matas Buzelis,266.0,36.09022556390977,54.054054054054056,36.93693693693694,1.0675675675675675
Trey Murphy III,438.0,36.07305936073059,54.82717520858165,25.26817640047676,1.825242718446602
Dean Wade,222.0,36.03603603603604,56.08856088560885,13.284132841328416,3.4545454545454546
Jose Alvarado,309.0,35.92233009708738,49.80806142034549,15.163147792706331,3.011627906976744
Paul George,268.0,35.82089552238806,51.40350877192983,14.035087719298245,1.679245283018868
Bam Adebayo,221.0,35.74660633484163,52.06648697214735,23.98921832884097,2.093167701863354
Cade Cunningham,418.0,35.645933014354064,52.05902539464653,24.982841455044618,2.0647249190938513
Derrick Jones Jr.,219.0,35.61643835616438,59.25297113752123,43.97283531409168,0.9090909090909092
Cason Wallace,208.0,35.57692307692308,55.010224948875255,32.92433537832311,2.9322033898305087
Brandon Miller,293.0,35.49488054607509,50.91649694501018,13.238289205702646,1.2894736842105263
Zaccharie Risacher,344.0,35.46511627906977,53.65853658536586,33.761232349165596,1.0
Mikal Bridges,463.0,35.42116630669546,56.9737954353339,20.37193575655114,2.3181818181818183
Jalen Green,661.0,35.400907715582456,50.45233124565066,24.28670842032011,1.3891625615763548
Jabari Smith Jr.,277.0,35.37906137184115,52.473498233215544,21.908127208480565,0.9836065573770492
Scoot Henderson,297.0,35.35353535353536,49.56204379562044,30.072992700729927,1.8926553672316384
Cole Anthony,218.0,35.321100917431195,49.447513812154696,18.41620626151013,1.854368932038835
Patrick Williams,272.0,35.294117647058826,49.031007751937985,23.643410852713178,1.441860465116279
Jrue Holiday,306.0,35.294117647058826,53.752181500872595,23.03664921465969,3.103896103896104
Gabe Vincent,309.0,35.275080906148865,52.976190476190474,10.0,2.3902439024390243
Victor Wembanyama,403.0,35.235732009925556,55.892648774795795,24.154025670945156,1.12751677852349
Jaylen Wells,392.0,35.204081632653065,52.66272189349112,16.86390532544379,1.9565217391304348
James Harden,668.0,35.17964071856288,50.07722007722008,15.83011583011583,2.0146627565982405
Tyrese Martin,282.0,35.1063829787234,51.29032258064517,16.989247311827956,1.648648648648649
Kyle Filipowski,220.0,35.0,57.625482625482626,30.11583011583012,1.3725490196078431
Gradey Dick,326.0,34.96932515337423,49.76816074188562,24.420401854714065,1.180722891566265
RJ Barrett,306.0,34.967320261437905,52.29124236252546,41.03869653767821,1.903030303030303
Julian Strawther,269.0,34.94423791821561,52.88065843621399,18.31275720164609,1.456140350877193
Lauri Markkanen,399.0,34.58646616541353,52.142857142857146,20.142857142857142,1.0606060606060606
Fred VanVleet,461.0,34.490238611713664,48.28722002635046,12.25296442687747,3.827586206896552
Svi Mykhailiuk,203.0,34.48275862068966,50.66225165562914,11.920529801324504,1.4615384615384617
Tobias Harris,264.0,34.46969696969697,53.35403726708074,21.987577639751553,1.9058823529411764
Julius Randle,314.0,34.394904458598724,54.20660276890309,31.309904153354633,1.6479591836734695
Jayson Tatum,728.0,34.34065934065934,53.720136518771334,23.34470989761092,2.062200956937799
Keyonte George,507.0,34.319526627218934,48.5310119695321,10.990206746463548,2.060109289617486
Keegan Murray,449.0,34.29844097995546,53.78048780487805,18.902439024390244,1.8166666666666669
Kentavious Caldwell-Pope,330.0,34.24242424242424,54.31985294117647,13.970588235294118,2.193548387096774
Dennis Schröder,371.0,34.23180592991914,48.30713422007255,18.742442563482467,2.8450704225352115
Ziaire Williams,302.0,34.105960264900666,51.05769230769231,28.846153846153843,1.2537313432835822
Dyson Daniels,235.0,34.04255319148936,53.62946912242686,34.45287107258938,2.1483870967741936
Trey Lyles,238.0,34.03361344537815,52.80748663101604,23.796791443850267,2.102564102564102
Bennedict Mathurin,288.0,34.02777777777778,51.58264947245017,34.46658851113716,1.0074074074074073
Nick Smith Jr.,306.0,33.98692810457516,48.23943661971831,7.922535211267606,1.7682926829268293
Trae Young,642.0,33.95638629283489,49.05523255813954,15.915697674418606,2.4788732394366195
Bub Carrington,407.0,33.90663390663391,49.331550802139034,12.299465240641712,2.625
LaMelo Ball,528.0,33.90151515151515,49.40179461615155,17.846460618145564,2.07185628742515
Kevin Huerter,391.0,33.75959079283887,53.47682119205298,16.721854304635762,2.328358208955224
Jalen Wilson,362.0,33.70165745856354,49.516129032258064,23.225806451612904,1.8354430379746836
Tyrese Maxey,478.0,33.68200836820084,51.09990834097159,29.23923006416132,2.556451612903226
Kris Dunn,224.0,33.482142857142854,52.517162471395885,20.36613272311213,2.8378378378378377
Simone Fontecchio,227.0,33.480176211453745,50.40214477211797,21.179624664879356,1.2037037037037035
Tristan da Silva,239.0,33.47280334728033,49.4824016563147,26.501035196687372,2.017857142857143
Spencer Dinwiddie,326.0,33.43558282208589,49.63343108504399,17.888563049853374,3.42156862745098
Noah Clowney,261.0,33.33333333333333,47.446236559139784,16.397849462365592,0.8695652173913043
Josh Hart,252.0,33.33333333333333,57.92207792207792,45.19480519480519,2.867088607594937
Devin Booker,551.0,33.21234119782214,52.5,14.225352112676056,2.4045454545454548
Jordan Hawkins,332.0,33.13253012048193,47.122302158273385,10.431654676258994,1.137931034482759
Jaden McDaniels,303.0,33.003300330033,53.71702637889688,29.856115107913663,1.7157894736842103
DeMar DeRozan,256.0,32.8125,50.917431192660544,9.250764525993883,3.257142857142857
Draymond Green,246.0,32.52032520325203,50.29469548133595,24.95088408644401,2.2011494252873565
Malik Monk,428.0,32.476635514018696,51.2779552715655,19.701810436634716,2.2767295597484276
Jalen Smith,222.0,32.432432432432435,55.392156862745104,34.55882352941176,1.7567567567567568
Dalano Banton,222.0,32.432432432432435,46.15384615384615,31.755424063116372,1.8604651162790695
Jaylen Brown,358.0,32.402234636871505,51.52057245080501,27.280858676207515,1.7654320987654322
Russell Westbrook,291.0,32.302405498281786,50.54151624548736,38.86883273164862,1.8884297520661155
Jamal Shead,223.0,32.28699551569507,47.61904761904761,21.23015873015873,2.700854700854701
Kyshawn George,354.0,32.20338983050847,47.61904761904761,20.146520146520142,1.7422680412371134
Paolo Banchero,272.0,31.985294117647054,50.0,26.5642151481888,1.6102941176470589
Keldon Johnson,274.0,31.751824817518248,53.83116883116883,42.077922077922075,1.6233766233766234
Keon Johnson,401.0,31.421446384039903,46.98331193838254,28.369704749679077,1.5086206896551724
Jalen Suggs,242.0,31.40495867768595,48.85654885654886,17.463617463617464,1.2647058823529411
D'Angelo Russell,360.0,31.38888888888889,47.88401253918495,13.166144200626958,2.75
Miles Bridges,450.0,31.333333333333336,49.54086317722681,30.303030303030305,1.8235294117647056
Shaedon Sharpe,472.0,31.14406779661017,51.85688405797102,26.6304347826087,1.32
Ryan Dunn,264.0,31.060606060606062,51.57232704402516,20.754716981132077,1.425
De'Aaron Fox,381.0,30.971128608923888,51.41874462596733,20.894239036973342,2.2528735632183907
Ja Morant,285.0,30.87719298245614,50.39370078740157,29.358830146231725,1.9675675675675677
Alex Sarr,341.0,30.791788856304983,45.71256038647343,23.18840579710145,1.3548387096774193
Kyle Kuzma,313.0,30.670926517571885,49.29245283018868,27.83018867924528,1.0410958904109588
Terry Rozier,308.0,29.545454545454547,46.22047244094488,22.677165354330707,2.141025641025641
Franz Wagner,352.0,29.545454545454547,50.73212747631353,28.42377260981912,2.0579710144927534
Kelly Oubre Jr.,242.0,29.338842975206617,51.75438596491229,39.13630229419703,1.35
Stephon Castle,333.0,28.52852852852853,47.621457489878544,37.14574898785425,1.8757062146892656
Tidjane Salaün,205.0,28.292682926829265,41.44927536231883,22.318840579710145,1.2352941176470589
Bilal Coulibaly,224.0,28.125,47.19551282051282,31.73076923076923,1.6
Naji Marshall,218.0,27.52293577981651,55.0561797752809,29.353932584269664,1.8571428571428572
Scottie Barnes,280.0,27.142857142857142,48.16556914393227,26.62276575729069,2.0432432432432432
Ricky Council IV,213.0,25.821596244131456,44.16846652267819,28.725701943844495,1.8653846153846152
