TEAM,poss,points,ortg,drtg,net,minutes,pace,wins,games,fga,fgm,fta,ftm,ast,tov,fg3m,fg3a,orb,drb,efg,ast_pct,three_rate,three_pct,tov_per100,oreb_pct,dreb_pct,ortg_rank,ortg_pctile,drtg_rank,drtg_pctile,net_rank,net_pctile,pace_rank,pace_pctile,efg_rank,efg_pctile,ast_pct_rank,ast_pct_pctile,three_rate_rank,three_rate_pctile,three_pct_rank,three_pct_pctile,tov_per100_rank,tov_per100_pctile,oreb_pct_rank,oreb_pct_pctile,dreb_pct_rank,dreb_pct_pctile
BOS,1003.0,1159.0,115.95214356929213,109.98003992015968,5.97210364913245,533,90.281425891182,6,11,913,404,249,199,220,145,156,433,119,354,52.79299014238773,54.45544554455446,47.426067907995616,36.027713625866056,14.456630109670987,25.982532751091703,72.24489795918367,4.0,80.0,2.0,93.33333333333333,3.0,86.66666666666667,15.0,6.666666666666667,7.0,60.0,12.0,26.666666666666668,3.0,86.66666666666667,6.0,66.66666666666666,7.0,60.0,8.0,53.333333333333336,13.0,20.0
CLE,864.0,1074.0,124.4212962962963,112.2685185185185,12.1527777777778,432,96.0,5,9,790,368,251,205,206,109,134,369,111,291,55.06329113924051,55.97826086956522,46.70886075949367,36.31436314363143,12.61574074074074,28.24427480916031,79.72602739726027,1.0,100.0,3.0,86.66666666666667,1.0,100.0,5.0,70.0,3.0,86.66666666666667,11.0,33.33333333333333,4.0,80.0,5.0,73.33333333333333,2.0,93.33333333333333,3.0,86.66666666666667,2.0,93.33333333333333
DEN,1348.0,1497.0,111.12759643916914,116.08598962194219,-4.958393182773051,682,94.9090909090909,7,14,1211,540,330,252,317,221,166,479,172,478,51.445086705202314,58.7037037037037,39.55408753096614,34.65553235908142,16.394658753709198,27.876823338735818,75.63291139240506,10.0,40.0,10.0,40.0,11.0,33.33333333333333,7.0,60.0,11.0,33.33333333333333,7.0,60.0,10.0,40.0,11.0,33.33333333333333,12.0,26.666666666666668,4.0,80.0,5.0,73.33333333333333
DET,577.0,640.0,110.91854419410745,112.5,-1.5814558058925456,288,96.08333333333334,2,6,496,223,167,133,120,99,61,188,66,197,51.108870967741936,53.81165919282511,37.903225806451616,32.4468085106383,17.157712305025996,27.160493827160494,75.47892720306514,11.0,33.33333333333333,5.0,73.33333333333333,9.0,46.666666666666664,4.0,80.0,12.0,26.666666666666668,13.0,20.0,13.0,20.0,14.0,13.333333333333334,14.0,13.333333333333334,6.0,66.66666666666666,6.0,66.66666666666666
GSW,1118.0,1237.0,110.64400715563507,113.86404293381038,-3.2200357781753155,576,93.16666666666667,5,12,1026,442,246,189,279,173,164,465,143,339,51.07212475633528,63.12217194570135,45.32163742690059,35.26881720430107,15.47406082289803,26.9811320754717,70.47817047817048,13.0,20.0,7.0,60.0,10.0,40.0,10.0,40.0,13.0,20.0,3.0,86.66666666666667,5.0,73.33333333333333,8.0,53.333333333333336,10.0,40.0,7.0,60.0,15.0,6.666666666666667
HOU,639.0,725.0,113.92801251956182,113.39563862928348,0.5323738902783361,336,91.5,3,7,576,257,200,140,137,95,74,198,94,234,51.041666666666664,53.30739299610895,34.375,37.37373737373738,14.86697965571205,31.543624161073826,76.2214983713355,8.0,53.333333333333336,6.0,66.66666666666666,7.0,60.0,11.0,30.0,14.0,13.333333333333334,14.0,13.333333333333334,16.0,0.0,3.0,86.66666666666667,9.0,46.666666666666664,1.0,100.0,4.0,80.0
IND,2257.0,2624.0,116.26052281789987,114.58425967096488,1.6762631469349856,1114,97.07719928186715,15,23,1940,938,567,445,608,330,303,776,183,748,56.15979381443299,64.81876332622602,40.0,39.04639175257732,14.621178555604786,20.22099447513812,73.5496558505408,3.0,86.66666666666667,8.0,53.333333333333336,5.0,73.33333333333333,3.0,86.66666666666667,1.0,100.0,1.0,100.0,8.0,53.333333333333336,1.0,100.0,8.0,53.333333333333336,16.0,0.0,8.0,53.333333333333336
LAC,644.0,757.0,117.70186335403727,117.0807453416149,0.6211180124223716,341,90.65102639296188,3,7,592,288,137,98,182,84,84,231,70,206,55.74324324324324,63.19444444444444,39.02027027027027,36.36363636363637,13.043478260869565,23.809523809523807,72.28070175438597,2.0,93.33333333333333,11.0,33.33333333333333,6.0,66.66666666666666,13.0,20.0,2.0,93.33333333333333,2.0,93.33333333333333,11.0,33.33333333333333,4.0,80.0,4.0,80.0,11.0,33.33333333333333,12.0,26.666666666666668
LAL,453.0,501.0,110.81677704194261,119.06873614190687,-8.251959099964253,240,90.4,1,5,394,173,106,88,106,73,68,194,48,147,52.53807106598985,61.27167630057804,49.23857868020304,35.051546391752574,16.114790286975715,23.762376237623762,69.33962264150944,12.0,26.666666666666668,13.0,20.0,13.0,20.0,14.0,13.333333333333334,8.0,53.333333333333336,5.0,73.33333333333333,1.0,100.0,9.0,46.666666666666664,11.0,33.33333333333333,12.0,26.666666666666668,16.0,0.0
MEM,404.0,402.0,99.5049504950495,118.22660098522168,-18.72165049017218,192,101.25,0,4,347,144,82,72,82,77,42,138,41,135,47.55043227665706,56.94444444444444,39.76945244956772,30.434782608695656,19.05940594059406,23.563218390804597,72.19251336898395,16.0,0.0,12.0,26.666666666666668,15.0,6.666666666666667,1.0,100.0,15.0,6.666666666666667,9.0,46.666666666666664,9.0,46.666666666666664,15.0,6.666666666666667,16.0,0.0,13.0,20.0,14.0,13.333333333333334
MIA,364.0,382.0,104.94505494505495,136.95652173913044,-32.01146679407549,192,91.5,0,4,326,145,53,37,85,64,55,159,40,109,52.91411042944786,58.620689655172406,48.77300613496933,34.59119496855346,17.582417582417584,23.25581395348837,72.66666666666667,15.0,6.666666666666667,16.0,0.0,16.0,0.0,11.0,30.0,6.0,66.66666666666666,8.0,53.333333333333336,2.0,93.33333333333333,12.0,26.666666666666668,15.0,6.666666666666667,14.0,13.333333333333334,11.0,33.33333333333333
MIL,488.0,551.0,112.90983606557377,119.71544715447155,-6.805611088897777,245,96.0,1,5,439,199,112,81,119,65,72,190,52,166,53.53075170842825,59.798994974874375,43.28018223234624,37.89473684210527,13.319672131147541,23.008849557522122,83.83838383838383,9.0,46.666666666666664,14.0,13.333333333333334,12.0,26.666666666666668,5.0,70.0,5.0,73.33333333333333,6.0,66.66666666666666,7.0,60.0,2.0,93.33333333333333,5.0,73.33333333333333,15.0,6.666666666666667,1.0,100.0
MIN,1417.0,1636.0,115.45518701482005,112.47357293868923,2.9816140761308247,720,94.53333333333333,9,15,1282,592,328,253,363,235,199,556,176,457,53.939157566302654,61.317567567567565,43.36973478939157,35.79136690647482,16.584333098094568,28.852459016393446,73.23717948717949,6.0,66.66666666666666,4.0,80.0,4.0,80.0,8.0,53.333333333333336,4.0,80.0,4.0,80.0,6.0,66.66666666666666,7.0,60.0,13.0,20.0,2.0,93.33333333333333,9.0,46.666666666666664
NYK,1717.0,1972.0,114.85148514851484,114.78463329452853,0.06685185398630722,874,94.32494279176201,10,18,1557,709,467,355,357,248,199,570,212,556,51.92678227360308,50.352609308885754,36.60886319845857,34.91228070175438,14.44379732090856,27.461139896373055,75.13513513513513,7.0,60.0,9.0,46.666666666666664,8.0,53.333333333333336,9.0,46.666666666666664,10.0,40.0,16.0,0.0,15.0,6.666666666666667,10.0,40.0,6.0,66.66666666666666,5.0,73.33333333333333,7.0,60.0
OKC,2282.0,2634.0,115.60035056967573,107.37489025460931,8.225460315066414,1109,98.68349864743013,16,23,2066,943,599,480,528,284,272,805,263,739,52.22652468538238,55.991516436903495,38.96418199419168,33.7888198757764,12.445223488168274,25.583657587548636,73.16831683168317,5.0,73.33333333333333,1.0,100.0,2.0,93.33333333333333,2.0,93.33333333333333,9.0,46.666666666666664,10.0,40.0,12.0,26.666666666666668,13.0,20.0,1.0,100.0,9.0,46.666666666666664,10.0,40.0
ORL,445.0,468.0,105.16853932584269,119.81981981981981,-14.651280493977126,240,88.9,1,5,422,178,103,71,93,58,41,156,57,142,47.03791469194313,52.24719101123596,36.96682464454976,26.282051282051285,13.03370786516854,25.56053811659193,76.34408602150538,14.0,13.333333333333334,15.0,6.666666666666667,14.0,13.333333333333334,16.0,0.0,16.0,0.0,15.0,6.666666666666667,14.0,13.333333333333334,16.0,0.0,3.0,86.66666666666667,10.0,40.0,3.0,86.66666666666667
