team,poss,points,ppp,tov_rate,efg,orb_poss,avg_seconds,scope,side,split,share,rank_ppp,rank_share,percentile_ppp
BOS,1003.0,1159.0,1.155533399800598,14.456630109670987,53.0939226519337,12.462612163509473,15.785643070787637,all_minutes,off,all,100.0,4.0,1.0,80.0
CLE,864.0,1074.0,1.2430555555555556,12.61574074074074,55.343511450381676,14.23611111111111,14.45949074074074,all_minutes,off,all,100.0,1.0,1.0,100.0
DEN,1348.0,1497.0,1.11053412462908,16.394658753709198,51.873438800999175,13.427299703264095,15.794510385756677,all_minutes,off,all,100.0,10.0,1.0,40.0
DET,577.0,640.0,1.1091854419410745,16.984402079722706,51.41987829614605,12.99826689774697,14.176776429809358,all_minutes,off,all,100.0,11.0,1.0,33.33333333333333
GSW,1118.0,1237.0,1.1064400715563507,15.47406082289803,51.42017629774731,12.701252236135957,15.348837209302326,all_minutes,off,all,100.0,12.0,1.0,26.666666666666668
HOU,639.0,725.0,1.134585289514867,14.710485133020345,51.493848857644984,13.458528951486699,15.890453834115807,all_minutes,off,all,100.0,8.0,1.0,53.333333333333336
IND,2257.0,2624.0,1.1626052281789987,14.48825875055383,56.42154324184361,10.057598582188747,14.538768276473194,all_minutes,off,all,100.0,3.0,1.0,86.66666666666667
LAC,644.0,757.0,1.1754658385093169,13.043478260869565,55.932203389830505,12.267080745341614,15.591614906832298,all_minutes,off,all,100.0,2.0,1.0,93.33333333333333
LAL,453.0,501.0,1.1059602649006623,16.114790286975715,52.67175572519084,10.154525386313466,15.810154525386313,all_minutes,off,all,100.0,13.0,1.0,20.0
MEM,404.0,402.0,0.995049504950495,19.05940594059406,47.687861271676304,12.376237623762377,14.985148514851485,all_minutes,off,all,100.0,16.0,1.0,0.0
MIA,364.0,382.0,1.0494505494505495,17.582417582417584,53.07692307692308,12.362637362637363,16.714285714285715,all_minutes,off,all,100.0,15.0,1.0,6.666666666666667
MIL,488.0,551.0,1.1290983606557377,13.319672131147541,53.775743707093824,10.860655737704917,14.51844262295082,all_minutes,off,all,100.0,9.0,1.0,46.666666666666664
MIN,1417.0,1636.0,1.1545518701482005,16.51376146788991,54.10798122065727,13.40860973888497,15.175723359209599,all_minutes,off,all,100.0,5.0,1.0,73.33333333333333
NYK,1717.0,1972.0,1.1485148514851484,14.44379732090856,52.19496449322143,13.74490390215492,15.95282469423413,all_minutes,off,all,100.0,7.0,1.0,60.0
OKC,2282.0,2634.0,1.154250657318142,12.401402278702891,52.30247212796898,12.269938650306749,14.056967572304996,all_minutes,off,all,100.0,6.0,1.0,66.66666666666666
ORL,445.0,468.0,1.051685393258427,13.03370786516854,47.26190476190476,13.707865168539326,16.152808988764043,all_minutes,off,all,100.0,14.0,1.0,13.333333333333334
BOS,1002.0,1102.0,1.0998003992015968,13.47305389221557,49.3576017130621,14.471057884231536,15.99500998003992,all_minutes,def,all,100.0,2.0,1.0,93.33333333333333
CLE,864.0,970.0,1.1226851851851851,15.74074074074074,56.30026809651475,9.837962962962964,15.4375,all_minutes,def,all,100.0,3.0,1.0,86.66666666666667
DEN,1349.0,1563.0,1.1586360266864344,12.008895478131949,53.75,12.527798369162344,14.447739065974796,all_minutes,def,all,100.0,10.0,1.0,40.0
DET,576.0,648.0,1.125,13.541666666666666,51.42857142857142,12.67361111111111,15.730902777777779,all_minutes,def,all,100.0,5.0,1.0,73.33333333333333
GSW,1118.0,1270.0,1.1359570661896243,16.636851520572453,53.669724770642205,12.880143112701253,15.377459749552774,all_minutes,def,all,100.0,7.0,1.0,60.0
HOU,642.0,728.0,1.1339563862928348,13.551401869158877,52.475247524752476,11.682242990654206,15.378504672897197,all_minutes,def,all,100.0,6.0,1.0,66.66666666666666
IND,2249.0,2575.0,1.1449533125833704,14.361938639395285,51.71543895055499,12.98354824366385,15.01111605157848,all_minutes,def,all,100.0,8.0,1.0,53.333333333333336
LAC,644.0,753.0,1.1692546583850931,15.062111801242237,55.13468013468014,13.819875776397517,16.04192546583851,all_minutes,def,all,100.0,11.0,1.0,33.33333333333333
LAL,451.0,537.0,1.1906873614190687,12.416851441241686,51.1520737327189,15.96452328159645,15.9490022172949,all_minutes,def,all,100.0,14.0,1.0,13.333333333333334
MEM,406.0,479.0,1.1798029556650247,10.344827586206897,52.48041775456919,12.561576354679804,13.423645320197044,all_minutes,def,all,100.0,12.0,1.0,26.666666666666668
MIA,368.0,504.0,1.3695652173913044,10.869565217391305,63.01169590643275,12.771739130434783,14.682065217391305,all_minutes,def,all,100.0,16.0,1.0,0.0
MIL,492.0,589.0,1.1971544715447155,11.178861788617885,58.12356979405035,8.333333333333332,15.386178861788618,all_minutes,def,all,100.0,15.0,1.0,6.666666666666667
MIN,1419.0,1595.0,1.124031007751938,15.926708949964762,53.00721732157177,11.839323467230443,15.175475687103594,all_minutes,def,all,100.0,4.0,1.0,80.0
NYK,1718.0,1972.0,1.1478463329452853,14.610011641443538,53.331134564643804,12.281722933643772,14.49243306169965,all_minutes,def,all,100.0,9.0,1.0,46.666666666666664
OKC,2278.0,2446.0,1.0737489025460931,18.173836698858647,51.125895598771756,12.554872695346795,15.031606672519754,all_minutes,def,all,100.0,1.0,1.0,100.0
ORL,444.0,528.0,1.1891891891891893,14.63963963963964,54.66321243523316,11.486486486486488,16.103603603603602,all_minutes,def,all,100.0,13.0,1.0,20.0
BOS,121.0,202.0,1.6694214876033058,15.702479338842975,100.0,0.0,5.074380165289257,all_minutes,off,quick_live_7s,12.063808574277168,2.0,9.0,93.33333333333333
CLE,95.0,160.0,1.6842105263157894,10.526315789473683,98.33333333333333,0.0,4.757894736842105,all_minutes,off,quick_live_7s,10.99537037037037,1.0,14.0,100.0
DEN,177.0,241.0,1.3615819209039548,22.598870056497177,86.57407407407408,0.0,4.423728813559322,all_minutes,off,quick_live_7s,13.130563798219585,15.0,7.0,6.666666666666667
DET,97.0,127.0,1.309278350515464,23.711340206185564,81.81818181818183,0.0,4.206185567010309,all_minutes,off,quick_live_7s,16.81109185441941,16.0,1.0,0.0
GSW,134.0,201.0,1.5,17.16417910447761,89.8876404494382,0.0,4.843283582089552,all_minutes,off,quick_live_7s,11.985688729874775,7.0,10.0,60.0
HOU,76.0,105.0,1.381578947368421,18.421052631578945,85.55555555555556,0.0,4.592105263157895,all_minutes,off,quick_live_7s,11.89358372456964,12.0,11.0,26.666666666666668
IND,311.0,467.0,1.5016077170418007,21.54340836012862,95.38461538461539,0.0,4.543408360128617,all_minutes,off,quick_live_7s,13.779353123615417,5.0,5.0,73.33333333333333
LAC,102.0,159.0,1.5588235294117647,14.705882352941178,91.0958904109589,0.0,4.568627450980392,all_minutes,off,quick_live_7s,15.838509316770185,3.0,2.0,86.66666666666667
LAL,62.0,85.0,1.3709677419354838,25.806451612903224,94.28571428571428,0.0,4.306451612903226,all_minutes,off,quick_live_7s,13.686534216335541,13.0,6.0,20.0
MEM,40.0,56.0,1.4,17.5,78.84615384615384,0.0,4.775,all_minutes,off,quick_live_7s,9.900990099009901,10.0,16.0,40.0
MIA,39.0,56.0,1.435897435897436,23.076923076923077,96.0,0.0,4.512820512820513,all_minutes,off,quick_live_7s,10.714285714285714,9.0,15.0,46.666666666666664
MIL,71.0,97.0,1.3661971830985915,21.12676056338028,84.88372093023256,0.0,4.971830985915493,all_minutes,off,quick_live_7s,14.549180327868852,14.0,3.0,13.333333333333334
MIN,179.0,271.0,1.5139664804469273,18.435754189944134,88.84297520661157,0.0,4.379888268156424,all_minutes,off,quick_live_7s,12.632321806633733,4.0,8.0,80.0
NYK,194.0,270.0,1.3917525773195876,19.587628865979383,86.11111111111111,0.0,4.587628865979381,all_minutes,off,quick_live_7s,11.29877693651718,11.0,13.0,33.33333333333333
OKC,319.0,479.0,1.5015673981191222,17.86833855799373,90.86538461538461,0.0,4.454545454545454,all_minutes,off,quick_live_7s,13.978965819456619,6.0,4.0,66.66666666666666
ORL,51.0,74.0,1.4509803921568627,19.607843137254903,89.39393939393939,0.0,4.705882352941177,all_minutes,off,quick_live_7s,11.46067415730337,8.0,12.0,53.333333333333336
BOS,111.0,155.0,1.3963963963963963,18.91891891891892,84.93150684931507,0.0,4.8558558558558556,all_minutes,def,quick_live_7s,11.077844311377245,3.0,16.0,86.66666666666667
CLE,103.0,148.0,1.4368932038834952,24.271844660194176,95.16129032258065,0.0,4.388349514563107,all_minutes,def,quick_live_7s,11.921296296296296,5.0,11.0,73.33333333333333
DEN,214.0,334.0,1.560747663551402,13.084112149532709,89.2156862745098,0.0,4.570093457943925,all_minutes,def,quick_live_7s,15.86360266864344,12.0,2.0,26.666666666666668
DET,79.0,114.0,1.4430379746835442,16.455696202531644,89.62264150943396,0.0,4.3924050632911396,all_minutes,def,quick_live_7s,13.715277777777779,6.0,7.0,66.66666666666666
GSW,143.0,196.0,1.3706293706293706,22.377622377622377,87.93103448275862,0.0,4.510489510489511,all_minutes,def,quick_live_7s,12.790697674418606,2.0,10.0,93.33333333333333
HOU,75.0,115.0,1.5333333333333334,13.333333333333334,86.79245283018868,0.0,4.8933333333333335,all_minutes,def,quick_live_7s,11.682242990654206,11.0,14.0,33.33333333333333
IND,256.0,361.0,1.41015625,21.875,89.04109589041096,0.0,4.58984375,all_minutes,def,quick_live_7s,11.382836816362827,4.0,15.0,80.0
LAC,89.0,134.0,1.5056179775280898,16.853932584269664,91.26984126984127,0.0,4.426966292134831,all_minutes,def,quick_live_7s,13.819875776397517,9.0,5.0,46.666666666666664
LAL,64.0,112.0,1.75,7.8125,91.66666666666666,0.0,4.1875,all_minutes,def,quick_live_7s,14.19068736141907,14.0,4.0,13.333333333333334
MEM,65.0,98.0,1.5076923076923077,16.923076923076923,91.11111111111111,0.0,3.9384615384615387,all_minutes,def,quick_live_7s,16.00985221674877,10.0,1.0,40.0
MIA,43.0,78.0,1.813953488372093,6.976744186046512,101.66666666666666,0.0,4.906976744186046,all_minutes,def,quick_live_7s,11.684782608695652,16.0,13.0,0.0
MIL,64.0,102.0,1.59375,17.1875,95.55555555555556,0.0,4.828125,all_minutes,def,quick_live_7s,13.008130081300814,13.0,9.0,20.0
MIN,185.0,270.0,1.4594594594594594,22.702702702702705,95.17543859649122,0.0,4.675675675675675,all_minutes,def,quick_live_7s,13.03735024665257,7.0,8.0,60.0
NYK,245.0,367.0,1.4979591836734694,20.0,92.1875,0.0,4.551020408163265,all_minutes,def,quick_live_7s,14.260768335273575,8.0,3.0,53.333333333333336
OKC,271.0,358.0,1.3210332103321034,24.354243542435423,83.44155844155844,0.0,4.535055350553505,all_minutes,def,quick_live_7s,11.89640035118525,1.0,12.0,100.0
ORL,61.0,108.0,1.7704918032786885,14.754098360655737,108.10810810810811,0.0,5.016393442622951,all_minutes,def,quick_live_7s,13.73873873873874,15.0,6.0,6.666666666666667
BOS,437.0,482.0,1.102974828375286,16.475972540045767,52.34375,11.212814645308924,18.787185354691076,all_minutes,off,after_make,43.56929212362911,5.0,11.0,73.33333333333333
CLE,366.0,457.0,1.2486338797814207,14.48087431693989,57.84615384615385,12.568306010928962,16.494535519125684,all_minutes,off,after_make,42.36111111111111,1.0,13.0,100.0
DEN,587.0,640.0,1.090289608177172,17.37649063032368,52.75590551181102,12.095400340715502,19.03747870528109,all_minutes,off,after_make,43.5459940652819,7.0,12.0,60.0
DET,242.0,249.0,1.0289256198347108,16.115702479338843,48.529411764705884,10.743801652892563,17.776859504132233,all_minutes,off,after_make,41.94107452339688,13.0,14.0,20.0
GSW,488.0,511.0,1.0471311475409837,15.983606557377051,48.97959183673469,12.5,17.852459016393443,all_minutes,off,after_make,43.64937388193202,9.0,10.0,46.666666666666664
HOU,265.0,270.0,1.0188679245283019,16.9811320754717,48.451327433628315,12.830188679245284,18.845283018867924,all_minutes,off,after_make,41.47104851330204,15.0,16.0,6.666666666666667
IND,988.0,1076.0,1.0890688259109311,15.08097165991903,54.32692307692307,8.400809716599191,16.824898785425102,all_minutes,off,after_make,43.774922463447055,8.0,8.0,53.333333333333336
LAC,292.0,331.0,1.1335616438356164,12.67123287671233,55.13307984790875,9.58904109589041,19.267123287671232,all_minutes,off,after_make,45.3416149068323,3.0,3.0,86.66666666666667
LAL,202.0,211.0,1.0445544554455446,14.85148514851485,50.57471264367817,7.920792079207921,18.524752475247524,all_minutes,off,after_make,44.5916114790287,11.0,5.0,33.33333333333333
MEM,183.0,174.0,0.9508196721311475,13.661202185792352,42.64705882352941,14.754098360655737,17.661202185792348,all_minutes,off,after_make,45.2970297029703,16.0,4.0,0.0
MIA,182.0,186.0,1.021978021978022,19.230769230769234,55.4140127388535,8.791208791208792,19.181318681318682,all_minutes,off,after_make,50.0,14.0,1.0,13.333333333333334
MIL,222.0,232.0,1.045045045045045,13.513513513513514,50.51282051282051,9.90990990990991,17.545045045045047,all_minutes,off,after_make,45.49180327868852,10.0,2.0,40.0
MIN,619.0,678.0,1.0953150242326333,18.901453957996768,52.319109461966605,13.5702746365105,17.92730210016155,all_minutes,off,after_make,43.68383909668314,6.0,9.0,66.66666666666666
NYK,756.0,836.0,1.1058201058201058,13.492063492063492,48.15905743740795,14.417989417989418,19.304232804232804,all_minutes,off,after_make,44.030285381479324,4.0,6.0,80.0
OKC,947.0,1093.0,1.154171066525871,12.249208025343188,52.17391304347826,11.08764519535375,16.74973600844773,all_minutes,off,after_make,41.498685363716035,2.0,15.0,93.33333333333333
ORL,195.0,202.0,1.035897435897436,10.76923076923077,47.76536312849162,11.794871794871794,18.712820512820514,all_minutes,off,after_make,43.82022471910113,12.0,7.0,26.666666666666668
BOS,430.0,450.0,1.0465116279069768,12.325581395348838,45.58080808080808,15.348837209302326,18.77906976744186,all_minutes,def,after_make,42.91417165668663,3.0,11.0,86.66666666666667
CLE,401.0,425.0,1.059850374064838,15.710723192019952,54.06976744186046,7.98004987531172,18.069825436408976,all_minutes,def,after_make,46.41203703703704,6.0,1.0,66.66666666666666
DEN,584.0,664.0,1.1369863013698631,11.472602739726028,53.63128491620112,10.102739726027398,17.626712328767123,all_minutes,def,after_make,43.29132690882135,15.0,8.0,6.666666666666667
DET,248.0,274.0,1.1048387096774193,13.709677419354838,47.80701754385965,14.516129032258066,19.911290322580644,all_minutes,def,after_make,43.05555555555556,10.0,9.0,40.0
GSW,463.0,481.0,1.038876889848812,18.790496760259177,50.649350649350644,12.311015118790497,18.19654427645788,all_minutes,def,after_make,41.41323792486583,1.0,13.0,100.0
HOU,278.0,294.0,1.0575539568345325,13.66906474820144,49.43396226415094,11.151079136690647,17.899280575539567,all_minutes,def,after_make,43.30218068535825,4.0,7.0,80.0
IND,999.0,1115.0,1.1161161161161162,14.514514514514515,51.0477299185099,11.511511511511511,17.645645645645647,all_minutes,def,after_make,44.419742107603376,12.0,3.0,26.666666666666668
LAC,277.0,306.0,1.1046931407942238,18.4115523465704,56.69456066945606,10.469314079422382,19.490974729241877,all_minutes,def,after_make,43.01242236024845,9.0,10.0,46.666666666666664
LAL,192.0,214.0,1.1145833333333333,16.145833333333336,47.23756906077348,17.708333333333336,19.651041666666668,all_minutes,def,after_make,42.572062084257205,11.0,12.0,33.33333333333333
MEM,163.0,184.0,1.1288343558282208,11.042944785276074,48.70967741935484,13.496932515337424,16.74846625766871,all_minutes,def,after_make,40.14778325123153,14.0,15.0,13.333333333333334
MIA,144.0,206.0,1.4305555555555556,11.805555555555555,68.6046511627907,9.722222222222223,16.875,all_minutes,def,after_make,39.130434782608695,16.0,16.0,0.0
MIL,203.0,229.0,1.1280788177339902,11.330049261083744,56.94444444444444,6.896551724137931,17.891625615763548,all_minutes,def,after_make,41.260162601626014,13.0,14.0,20.0
MIN,622.0,686.0,1.1028938906752412,15.27331189710611,52.23048327137546,10.77170418006431,17.758842443729904,all_minutes,def,after_make,43.83368569415081,8.0,4.0,53.333333333333336
NYK,752.0,816.0,1.0851063829787233,15.02659574468085,51.54320987654321,10.638297872340425,17.283244680851062,all_minutes,def,after_make,43.77182770663563,7.0,5.0,60.0
OKC,1022.0,1083.0,1.0596868884540118,17.80821917808219,51.48571428571429,12.035225048923678,17.47945205479452,all_minutes,def,after_make,44.863915715539946,5.0,2.0,73.33333333333333
ORL,193.0,201.0,1.0414507772020725,17.616580310880828,48.80952380952381,10.880829015544041,19.626943005181346,all_minutes,def,after_make,43.468468468468465,2.0,6.0,93.33333333333333
BOS,70.0,95.0,1.3571428571428572,14.285714285714285,65.67164179104478,15.714285714285714,8.9,all_minutes,off,after_steal,6.979062811565304,6.0,10.0,66.66666666666666
CLE,76.0,101.0,1.3289473684210527,7.894736842105263,56.75675675675676,13.157894736842104,9.986842105263158,all_minutes,off,after_steal,8.796296296296296,7.0,3.0,60.0
DEN,102.0,107.0,1.0490196078431373,14.705882352941178,47.91666666666667,17.647058823529413,10.019607843137255,all_minutes,off,after_steal,7.566765578635016,14.0,9.0,13.333333333333334
DET,40.0,56.0,1.4,17.5,66.66666666666666,7.5,6.55,all_minutes,off,after_steal,6.932409012131716,2.0,12.0,90.0
GSW,103.0,142.0,1.3786407766990292,10.679611650485436,59.693877551020414,15.53398058252427,9.533980582524272,all_minutes,off,after_steal,9.212880143112702,4.0,2.0,80.0
HOU,55.0,77.0,1.4,12.727272727272727,71.5909090909091,9.090909090909092,7.5636363636363635,all_minutes,off,after_steal,8.607198748043817,2.0,4.0,90.0
IND,180.0,218.0,1.211111111111111,13.333333333333334,54.74683544303798,14.444444444444443,10.05,all_minutes,off,after_steal,7.9751883030571555,11.0,6.0,33.33333333333333
LAC,53.0,70.0,1.320754716981132,3.7735849056603774,56.36363636363636,15.09433962264151,10.037735849056604,all_minutes,off,after_steal,8.229813664596273,8.0,5.0,53.333333333333336
LAL,23.0,20.0,0.8695652173913043,26.08695652173913,52.94117647058824,4.3478260869565215,9.08695652173913,all_minutes,off,after_steal,5.077262693156733,16.0,15.0,0.0
MEM,22.0,30.0,1.3636363636363635,22.727272727272727,73.52941176470588,13.636363636363635,9.318181818181818,all_minutes,off,after_steal,5.445544554455446,5.0,14.0,73.33333333333333
MIA,18.0,26.0,1.4444444444444444,5.555555555555555,61.76470588235294,11.11111111111111,9.0,all_minutes,off,after_steal,4.945054945054945,1.0,16.0,100.0
MIL,30.0,36.0,1.2,26.666666666666668,66.66666666666666,10.0,7.366666666666666,all_minutes,off,after_steal,6.147540983606557,12.0,13.0,26.666666666666668
MIN,108.0,142.0,1.3148148148148149,15.74074074074074,61.578947368421055,14.814814814814813,7.824074074074074,all_minutes,off,after_steal,7.621736062103035,9.0,8.0,46.666666666666664
NYK,135.0,135.0,1.0,21.48148148148148,51.26050420168067,14.074074074074074,9.125925925925927,all_minutes,off,after_steal,7.862550960978451,15.0,7.0,6.666666666666667
OKC,242.0,316.0,1.3057851239669422,12.8099173553719,59.624413145539904,11.570247933884298,8.458677685950413,all_minutes,off,after_steal,10.60473269062226,10.0,1.0,40.0
ORL,31.0,34.0,1.096774193548387,19.35483870967742,50.0,16.129032258064516,9.35483870967742,all_minutes,off,after_steal,6.96629213483146,13.0,11.0,20.0
BOS,69.0,79.0,1.144927536231884,14.492753623188406,50.0,18.84057971014493,9.72463768115942,all_minutes,def,after_steal,6.88622754491018,5.0,15.0,73.33333333333333
CLE,50.0,65.0,1.3,12.0,61.36363636363637,10.0,10.08,all_minutes,def,after_steal,5.787037037037037,9.0,16.0,46.666666666666664
DEN,126.0,170.0,1.3492063492063493,8.73015873015873,60.08064516129033,14.285714285714285,8.595238095238095,all_minutes,def,after_steal,9.34025203854707,10.0,3.0,40.0
DET,50.0,52.0,1.04,26.0,58.536585365853654,14.000000000000002,8.24,all_minutes,def,after_steal,8.680555555555555,1.0,5.0,100.0
GSW,96.0,124.0,1.2916666666666667,14.583333333333334,65.85365853658537,10.416666666666668,8.041666666666666,all_minutes,def,after_steal,8.586762075134168,8.0,7.0,53.333333333333336
HOU,59.0,82.0,1.3898305084745763,8.47457627118644,66.34615384615384,6.779661016949152,9.813559322033898,all_minutes,def,after_steal,9.190031152647975,12.0,4.0,26.666666666666668
IND,189.0,204.0,1.0793650793650793,18.51851851851852,49.03846153846153,11.64021164021164,9.386243386243386,all_minutes,def,after_steal,8.403734993330369,2.0,9.0,93.33333333333333
LAC,51.0,56.0,1.0980392156862746,11.76470588235294,47.27272727272727,23.52941176470588,9.627450980392156,all_minutes,def,after_steal,7.919254658385093,4.0,11.0,80.0
LAL,39.0,57.0,1.4615384615384615,12.82051282051282,62.121212121212125,12.82051282051282,6.846153846153846,all_minutes,def,after_steal,8.647450110864744,14.0,6.0,13.333333333333334
MEM,42.0,63.0,1.5,9.523809523809524,75.67567567567568,7.142857142857142,6.928571428571429,all_minutes,def,after_steal,10.344827586206897,15.0,1.0,6.666666666666667
MIA,38.0,58.0,1.5263157894736843,5.263157894736842,72.72727272727273,7.894736842105263,8.68421052631579,all_minutes,def,after_steal,10.326086956521738,16.0,2.0,0.0
MIL,35.0,38.0,1.0857142857142856,11.428571428571429,50.0,14.285714285714285,10.028571428571428,all_minutes,def,after_steal,7.113821138211382,3.0,13.0,86.66666666666667
MIN,120.0,146.0,1.2166666666666666,15.833333333333332,53.53982300884957,16.666666666666664,9.433333333333334,all_minutes,def,after_steal,8.456659619450317,7.0,8.0,60.0
NYK,121.0,167.0,1.3801652892561984,13.223140495867769,64.42307692307693,11.570247933884298,7.471074380165289,all_minutes,def,after_steal,7.043073341094296,11.0,14.0,33.33333333333333
OKC,166.0,192.0,1.1566265060240963,16.867469879518072,52.51798561151079,16.867469879518072,10.144578313253012,all_minutes,def,after_steal,7.287093942054433,6.0,12.0,66.66666666666666
ORL,37.0,52.0,1.4054054054054055,18.91891891891892,75.0,13.513513513513514,10.027027027027026,all_minutes,def,after_steal,8.333333333333332,13.0,10.0,20.0
BOS,305.0,376.0,1.2327868852459016,11.475409836065573,53.61010830324909,13.114754098360656,12.518032786885247,all_minutes,off,after_miss,30.408773678963108,5.0,6.0,73.33333333333333
CLE,267.0,328.0,1.2284644194756553,10.486891385767791,51.6,17.97752808988764,12.314606741573034,all_minutes,off,after_miss,30.90277777777778,6.0,4.0,66.66666666666666
DEN,429.0,487.0,1.1351981351981353,15.85081585081585,52.89473684210526,13.053613053613052,12.272727272727273,all_minutes,off,after_miss,31.824925816023743,12.0,3.0,26.666666666666668
DET,177.0,206.0,1.1638418079096045,15.819209039548024,53.5483870967742,14.124293785310735,10.581920903954803,all_minutes,off,after_miss,30.675909878682845,9.0,5.0,46.666666666666664
GSW,308.0,391.0,1.2694805194805194,13.96103896103896,59.29824561403508,11.688311688311687,12.376623376623376,all_minutes,off,after_miss,27.549194991055455,2.0,14.0,93.33333333333333
HOU,210.0,241.0,1.1476190476190475,13.333333333333334,51.041666666666664,12.380952380952381,13.842857142857143,all_minutes,off,after_miss,32.863849765258216,11.0,1.0,33.33333333333333
IND,673.0,825.0,1.2258543833580982,15.89895988112927,60.39426523297491,10.401188707280832,11.644873699851411,all_minutes,off,after_miss,29.818342933097032,7.0,7.0,60.0
LAC,177.0,230.0,1.2994350282485876,11.299435028248588,60.8433734939759,12.429378531073446,11.175141242937853,all_minutes,off,after_miss,27.48447204968944,1.0,15.0,100.0
LAL,133.0,154.0,1.1578947368421053,19.548872180451127,54.67289719626168,11.278195488721805,11.150375939849624,all_minutes,off,after_miss,29.3598233995585,10.0,9.0,40.0
MEM,114.0,117.0,1.0263157894736843,22.807017543859647,55.81395348837209,7.894736842105263,12.12280701754386,all_minutes,off,after_miss,28.217821782178216,15.0,12.0,6.666666666666667
MIA,99.0,109.0,1.101010101010101,16.161616161616163,53.2967032967033,14.14141414141414,12.262626262626263,all_minutes,off,after_miss,27.197802197802197,14.0,16.0,13.333333333333334
MIL,157.0,195.0,1.2420382165605095,8.9171974522293,58.445945945945944,9.554140127388536,11.261146496815286,all_minutes,off,after_miss,32.17213114754098,3.0,2.0,86.66666666666667
MIN,391.0,484.0,1.237851662404092,14.066496163682865,56.21621621621622,13.299232736572892,12.26086956521739,all_minutes,off,after_miss,27.59350741002117,4.0,13.0,80.0
NYK,497.0,602.0,1.2112676056338028,12.877263581488934,54.13943355119826,13.480885311871226,12.231388329979879,all_minutes,off,after_miss,28.945835760046595,8.0,10.0,53.333333333333336
OKC,648.0,717.0,1.1064814814814814,12.191358024691358,50.8605851979346,12.037037037037036,11.725308641975309,all_minutes,off,after_miss,28.396143733567047,13.0,11.0,20.0
ORL,132.0,133.0,1.0075757575757576,15.151515151515152,44.4,16.666666666666664,12.68939393939394,all_minutes,off,after_miss,29.662921348314608,16.0,8.0,0.0
BOS,307.0,328.0,1.0684039087947883,14.006514657980457,49.471830985915496,13.355048859934854,12.677524429967427,all_minutes,def,after_miss,30.63872255489022,1.0,6.0,100.0
CLE,249.0,297.0,1.1927710843373494,16.46586345381526,58.944954128440365,12.449799196787147,11.726907630522089,all_minutes,def,after_miss,28.819444444444443,8.0,11.0,53.333333333333336
DEN,386.0,464.0,1.2020725388601037,11.398963730569948,55.367231638418076,12.694300518134716,11.261658031088082,all_minutes,def,after_miss,28.613787991104523,9.0,13.0,46.666666666666664
DET,157.0,186.0,1.1847133757961783,10.828025477707007,52.013422818791945,13.375796178343949,10.94267515923567,all_minutes,def,after_miss,27.256944444444443,6.0,16.0,66.66666666666666
GSW,343.0,413.0,1.2040816326530612,15.451895043731778,55.608974358974365,12.536443148688047,13.008746355685131,all_minutes,def,after_miss,30.67978533094812,10.0,5.0,40.0
HOU,184.0,233.0,1.266304347826087,11.41304347826087,56.353591160220994,13.043478260869565,12.532608695652174,all_minutes,def,after_miss,28.66043613707165,14.0,12.0,13.333333333333334
IND,656.0,775.0,1.1814024390243902,11.890243902439025,52.52525252525253,13.414634146341465,12.128048780487806,all_minutes,def,after_miss,29.168519341929745,5.0,9.0,73.33333333333333
LAC,204.0,250.0,1.2254901960784315,10.784313725490197,57.10526315789474,12.254901960784313,12.411764705882353,all_minutes,def,after_miss,31.67701863354037,11.0,4.0,33.33333333333333
LAL,133.0,165.0,1.2406015037593985,8.270676691729323,54.166666666666664,13.533834586466165,12.338345864661655,all_minutes,def,after_miss,29.490022172949004,12.0,7.0,26.666666666666668
MEM,114.0,124.0,1.087719298245614,7.894736842105263,47.27272727272727,14.035087719298245,11.043859649122806,all_minutes,def,after_miss,28.078817733990146,2.0,14.0,93.33333333333333
MIA,125.0,175.0,1.4,10.4,59.67741935483871,19.2,13.016,all_minutes,def,after_miss,33.96739130434783,16.0,1.0,0.0
MIL,156.0,194.0,1.2435897435897436,12.179487179487179,59.46969696969697,7.6923076923076925,12.66025641025641,all_minutes,def,after_miss,31.70731707317073,13.0,3.0,20.0
MIN,390.0,465.0,1.1923076923076923,17.692307692307693,58.30769230769231,10.256410256410255,11.733333333333333,all_minutes,def,after_miss,27.48414376321353,7.0,15.0,60.0
NYK,497.0,586.0,1.1790744466800804,14.688128772635814,54.723502304147466,12.474849094567404,11.251509054325956,all_minutes,def,after_miss,28.92898719441211,4.0,10.0,80.0
OKC,671.0,744.0,1.1087928464977646,19.374068554396423,53.27433628318584,12.369597615499254,12.12220566318927,all_minutes,def,after_miss,29.455662862159787,3.0,8.0,86.66666666666667
ORL,145.0,196.0,1.3517241379310345,9.655172413793103,57.936507936507944,12.413793103448276,12.648275862068965,all_minutes,def,after_miss,32.65765765765766,15.0,2.0,6.666666666666667
BOS,55.0,48.0,0.8727272727272727,18.181818181818183,38.297872340425535,14.545454545454545,19.21818181818182,all_minutes,off,after_timeout,5.483549351944168,16.0,13.0,0.0
CLE,44.0,53.0,1.2045454545454546,15.909090909090908,54.166666666666664,15.909090909090908,18.227272727272727,all_minutes,off,after_timeout,5.092592592592593,3.0,16.0,86.66666666666667
DEN,91.0,112.0,1.2307692307692308,12.087912087912088,48.86363636363637,17.582417582417584,18.912087912087912,all_minutes,off,after_timeout,6.750741839762611,1.0,5.0,100.0
DET,38.0,46.0,1.2105263157894737,23.684210526315788,52.77777777777778,21.052631578947366,17.0,all_minutes,off,after_timeout,6.5857885615251295,2.0,6.0,93.33333333333333
GSW,77.0,73.0,0.948051948051948,18.181818181818183,43.83561643835616,16.883116883116884,18.961038961038962,all_minutes,off,after_timeout,6.887298747763864,13.0,3.0,20.0
HOU,34.0,34.0,1.0,14.705882352941178,40.27777777777778,17.647058823529413,18.941176470588236,all_minutes,off,after_timeout,5.320813771517996,12.0,15.0,26.666666666666668
IND,123.0,137.0,1.113821138211382,13.821138211382115,50.413223140495866,15.447154471544716,18.520325203252032,all_minutes,off,after_timeout,5.449712007089056,8.0,14.0,53.333333333333336
LAC,36.0,34.0,0.9444444444444444,22.22222222222222,44.285714285714285,19.444444444444446,19.88888888888889,all_minutes,off,after_timeout,5.590062111801243,14.0,12.0,13.333333333333334
LAL,29.0,34.0,1.1724137931034482,6.896551724137931,56.666666666666664,6.896551724137931,18.896551724137932,all_minutes,off,after_timeout,6.401766004415011,6.0,7.0,66.66666666666666
MEM,28.0,33.0,1.1785714285714286,21.428571428571427,42.592592592592595,21.428571428571427,16.535714285714285,all_minutes,off,after_timeout,6.9306930693069315,5.0,2.0,73.33333333333333
MIA,25.0,26.0,1.04,28.000000000000004,46.0,36.0,22.24,all_minutes,off,after_timeout,6.868131868131869,10.0,4.0,40.0
MIL,29.0,30.0,1.0344827586206897,20.689655172413794,51.85185185185185,17.24137931034483,16.137931034482758,all_minutes,off,after_timeout,5.942622950819672,11.0,10.0,33.33333333333333
MIN,86.0,103.0,1.197674418604651,18.6046511627907,51.21951219512195,18.6046511627907,18.569767441860463,all_minutes,off,after_timeout,6.069160197600565,4.0,8.0,80.0
NYK,104.0,111.0,1.0673076923076923,19.230769230769234,53.2608695652174,13.461538461538462,18.60576923076923,all_minutes,off,after_timeout,6.0570762958648805,9.0,9.0,46.666666666666664
OKC,130.0,147.0,1.1307692307692307,10.76923076923077,48.0,17.692307692307693,16.9,all_minutes,off,after_timeout,5.696757230499562,7.0,11.0,60.0
ORL,32.0,30.0,0.9375,9.375,40.0,12.5,20.96875,all_minutes,off,after_timeout,7.191011235955057,15.0,1.0,6.666666666666667
BOS,64.0,68.0,1.0625,12.5,46.15384615384615,14.0625,19.765625,all_minutes,def,after_timeout,6.387225548902195,8.0,4.0,53.333333333333336
CLE,51.0,57.0,1.1176470588235294,21.568627450980394,56.52173913043478,19.607843137254903,20.313725490196077,all_minutes,def,after_timeout,5.902777777777778,11.0,9.0,30.0
DEN,78.0,79.0,1.0128205128205128,17.94871794871795,45.83333333333333,19.230769230769234,17.397435897435898,all_minutes,def,after_timeout,5.782060785767236,4.0,11.0,80.0
DET,37.0,33.0,0.8918918918918919,18.91891891891892,51.724137931034484,5.405405405405405,19.08108108108108,all_minutes,def,after_timeout,6.423611111111111,1.0,3.0,100.0
GSW,64.0,67.0,1.046875,15.625,43.84615384615385,17.1875,18.53125,all_minutes,def,after_timeout,5.724508050089446,7.0,12.0,60.0
HOU,44.0,48.0,1.0909090909090908,20.454545454545457,55.12820512820513,13.636363636363635,18.727272727272727,all_minutes,def,after_timeout,6.853582554517133,10.0,2.0,40.0
IND,134.0,155.0,1.1567164179104477,16.417910447761194,51.20967741935484,17.91044776119403,17.62686567164179,all_minutes,def,after_timeout,5.958203646064917,13.0,8.0,20.0
LAC,49.0,68.0,1.3877551020408163,14.285714285714285,56.00000000000001,24.489795918367346,19.3265306122449,all_minutes,def,after_timeout,7.608695652173914,15.0,1.0,6.666666666666667
LAL,27.0,34.0,1.2592592592592593,11.11111111111111,53.84615384615385,18.51851851851852,21.074074074074073,all_minutes,def,after_timeout,5.986696230598669,14.0,7.0,13.333333333333334
MEM,20.0,20.0,1.0,5.0,40.0,10.0,17.55,all_minutes,def,after_timeout,4.926108374384237,3.0,14.0,86.66666666666667
MIA,17.0,19.0,1.1176470588235294,17.647058823529413,60.71428571428571,11.76470588235294,19.11764705882353,all_minutes,def,after_timeout,4.619565217391304,11.0,16.0,30.0
MIL,28.0,39.0,1.3928571428571428,14.285714285714285,72.0,7.142857142857142,18.714285714285715,all_minutes,def,after_timeout,5.691056910569105,16.0,13.0,0.0
MIN,87.0,90.0,1.0344827586206897,11.494252873563218,46.111111111111114,17.24137931034483,18.471264367816094,all_minutes,def,after_timeout,6.13107822410148,5.0,6.0,73.33333333333333
NYK,108.0,113.0,1.0462962962962963,17.59259259259259,45.23809523809524,19.444444444444446,17.694444444444443,all_minutes,def,after_timeout,6.286379511059372,6.0,5.0,66.66666666666666
OKC,132.0,142.0,1.0757575757575757,18.939393939393938,42.0,17.424242424242426,17.96969696969697,all_minutes,def,after_timeout,5.7945566286215975,9.0,10.0,46.666666666666664
ORL,21.0,19.0,0.9047619047619048,9.523809523809524,30.0,19.047619047619047,19.857142857142858,all_minutes,def,after_timeout,4.72972972972973,2.0,15.0,93.33333333333333
BOS,125.0,167.0,1.336,8.799999999999999,28.09917355371901,100.0,21.712,all_minutes,off,offensive_rebound,12.462612163509473,3.0,9.0,86.66666666666667
CLE,123.0,167.0,1.3577235772357723,11.38211382113821,29.347826086956523,100.0,19.86178861788618,all_minutes,off,offensive_rebound,14.23611111111111,2.0,1.0,93.33333333333333
DEN,181.0,220.0,1.2154696132596685,11.049723756906078,25.213675213675213,100.0,22.29281767955801,all_minutes,off,offensive_rebound,13.427299703264095,12.0,5.0,26.666666666666668
DET,75.0,95.0,1.2666666666666666,16.0,29.577464788732392,100.0,19.04,all_minutes,off,offensive_rebound,12.99826689774697,9.0,7.0,46.666666666666664
GSW,142.0,185.0,1.3028169014084507,11.267605633802818,27.67857142857143,100.0,21.591549295774648,all_minutes,off,offensive_rebound,12.701252236135957,6.0,8.0,66.66666666666666
HOU,86.0,106.0,1.2325581395348837,16.27906976744186,25.925925925925924,100.0,22.930232558139537,all_minutes,off,offensive_rebound,13.458528951486699,11.0,4.0,33.33333333333333
IND,227.0,286.0,1.2599118942731278,13.215859030837004,28.41463414634146,100.0,21.47136563876652,all_minutes,off,offensive_rebound,10.057598582188747,10.0,16.0,40.0
LAC,79.0,88.0,1.1139240506329113,11.39240506329114,24.149659863945576,100.0,21.139240506329113,all_minutes,off,offensive_rebound,12.267080745341614,15.0,13.0,6.666666666666667
LAL,46.0,70.0,1.5217391304347827,13.043478260869565,31.46067415730337,100.0,22.630434782608695,all_minutes,off,offensive_rebound,10.154525386313466,1.0,15.0,100.0
MEM,50.0,55.0,1.1,20.0,25.862068965517242,100.0,20.2,all_minutes,off,offensive_rebound,12.376237623762377,16.0,10.0,0.0
MIA,45.0,58.0,1.288888888888889,17.77777777777778,31.92771084337349,100.0,22.333333333333332,all_minutes,off,offensive_rebound,12.362637362637363,8.0,11.0,53.333333333333336
MIL,53.0,69.0,1.3018867924528301,11.320754716981133,28.000000000000004,100.0,19.754716981132077,all_minutes,off,offensive_rebound,10.860655737704917,7.0,14.0,60.0
MIN,190.0,253.0,1.331578947368421,17.894736842105264,28.03867403314917,100.0,21.95263157894737,all_minutes,off,offensive_rebound,13.40860973888497,4.0,6.0,80.0
NYK,236.0,310.0,1.3135593220338984,12.711864406779661,29.276315789473685,100.0,21.741525423728813,all_minutes,off,offensive_rebound,13.74490390215492,5.0,2.0,73.33333333333333
OKC,280.0,323.0,1.1535714285714285,13.928571428571429,25.384615384615383,100.0,20.40714285714286,all_minutes,off,offensive_rebound,12.269938650306749,13.0,12.0,20.0
ORL,61.0,69.0,1.1311475409836065,9.836065573770492,22.31404958677686,100.0,23.0,all_minutes,off,offensive_rebound,13.707865168539326,14.0,3.0,13.333333333333334
BOS,145.0,177.0,1.2206896551724138,9.655172413793103,25.08833922261484,100.0,22.22758620689655,all_minutes,def,offensive_rebound,14.471057884231536,6.0,2.0,66.66666666666666
CLE,85.0,113.0,1.3294117647058823,16.470588235294116,33.223684210526315,100.0,21.176470588235293,all_minutes,def,offensive_rebound,9.837962962962964,11.0,15.0,33.33333333333333
DEN,169.0,192.0,1.136094674556213,13.017751479289942,25.163398692810457,100.0,19.71005917159763,all_minutes,def,offensive_rebound,12.527798369162344,2.0,10.0,93.33333333333333
DET,73.0,103.0,1.4109589041095891,17.80821917808219,33.33333333333333,100.0,20.876712328767123,all_minutes,def,offensive_rebound,12.67361111111111,15.0,7.0,6.666666666666667
GSW,144.0,173.0,1.2013888888888888,15.972222222222221,25.925925925925924,100.0,22.75,all_minutes,def,offensive_rebound,12.880143112701253,4.0,5.0,80.0
HOU,75.0,101.0,1.3466666666666667,9.333333333333334,27.77777777777778,100.0,21.173333333333332,all_minutes,def,offensive_rebound,11.682242990654206,12.0,13.0,26.666666666666668
IND,292.0,364.0,1.2465753424657535,11.301369863013697,26.902654867256636,100.0,21.061643835616437,all_minutes,def,offensive_rebound,12.98354824366385,8.0,4.0,53.333333333333336
LAC,89.0,111.0,1.247191011235955,11.235955056179774,25.882352941176475,100.0,22.15730337078652,all_minutes,def,offensive_rebound,13.819875776397517,9.0,3.0,46.666666666666664
LAL,72.0,100.0,1.3888888888888888,15.277777777777779,29.72027972027972,100.0,23.125,all_minutes,def,offensive_rebound,15.96452328159645,14.0,1.0,13.333333333333334
MEM,51.0,57.0,1.1176470588235294,11.76470588235294,23.46938775510204,100.0,20.176470588235293,all_minutes,def,offensive_rebound,12.561576354679804,1.0,8.0,100.0
MIA,47.0,67.0,1.425531914893617,14.893617021276595,32.142857142857146,100.0,19.829787234042552,all_minutes,def,offensive_rebound,12.771739130434783,16.0,6.0,0.0
MIL,41.0,47.0,1.146341463414634,12.195121951219512,28.205128205128204,100.0,23.536585365853657,all_minutes,def,offensive_rebound,8.333333333333332,3.0,16.0,86.66666666666667
MIN,168.0,220.0,1.3095238095238095,14.285714285714285,28.639240506329116,100.0,22.25,all_minutes,def,offensive_rebound,11.839323467230443,10.0,12.0,40.0
NYK,211.0,285.0,1.3507109004739337,10.90047393364929,29.42643391521197,100.0,20.620853080568722,all_minutes,def,offensive_rebound,12.281722933643772,13.0,11.0,20.0
OKC,286.0,348.0,1.2167832167832169,16.433566433566433,25.708884688090738,100.0,21.09090909090909,all_minutes,def,offensive_rebound,12.554872695346795,5.0,9.0,73.33333333333333
ORL,51.0,63.0,1.2352941176470589,11.76470588235294,25.520833333333332,100.0,22.50980392156863,all_minutes,def,offensive_rebound,11.486486486486488,7.0,14.0,60.0
BOS,323.0,282.0,0.8730650154798761,12.693498452012383,46.13970588235294,0.0,22.374613003095977,all_minutes,off,late_clock_18s_plus,32.20338983050847,7.0,5.0,60.0
CLE,190.0,175.0,0.9210526315789473,9.473684210526317,47.8125,0.0,21.110526315789475,all_minutes,off,late_clock_18s_plus,21.99074074074074,4.0,15.0,80.0
DEN,438.0,384.0,0.8767123287671232,13.24200913242009,47.66483516483517,0.0,22.11187214611872,all_minutes,off,late_clock_18s_plus,32.49258160237389,6.0,4.0,66.66666666666666
DET,162.0,140.0,0.8641975308641975,12.962962962962962,44.53125,0.0,21.80246913580247,all_minutes,off,late_clock_18s_plus,28.07625649913345,10.0,10.0,40.0
GSW,328.0,254.0,0.774390243902439,12.195121951219512,40.0355871886121,0.0,22.128048780487806,all_minutes,off,late_clock_18s_plus,29.338103756708406,15.0,9.0,6.666666666666667
HOU,193.0,153.0,0.7927461139896373,13.471502590673575,42.628205128205124,0.0,22.626943005181346,all_minutes,off,late_clock_18s_plus,30.203442879499214,13.0,8.0,20.0
IND,590.0,545.0,0.923728813559322,10.677966101694915,47.66260162601626,0.0,21.908474576271185,all_minutes,off,late_clock_18s_plus,26.140894993354006,3.0,13.0,86.66666666666667
LAC,203.0,196.0,0.9655172413793104,8.866995073891626,50.56497175141242,0.0,23.049261083743843,all_minutes,off,late_clock_18s_plus,31.521739130434785,2.0,6.0,93.33333333333333
LAL,161.0,132.0,0.8198757763975155,13.043478260869565,41.72932330827068,0.0,21.801242236024844,all_minutes,off,late_clock_18s_plus,35.54083885209713,12.0,1.0,26.666666666666668
MEM,113.0,80.0,0.7079646017699115,9.734513274336283,33.33333333333333,0.0,21.938053097345133,all_minutes,off,late_clock_18s_plus,27.970297029702973,16.0,11.0,0.0
MIA,129.0,112.0,0.8682170542635659,13.178294573643413,49.08256880733945,0.0,22.643410852713178,all_minutes,off,late_clock_18s_plus,35.43956043956044,9.0,2.0,46.666666666666664
MIL,122.0,95.0,0.7786885245901639,10.655737704918032,41.34615384615385,0.0,21.491803278688526,all_minutes,off,late_clock_18s_plus,25.0,14.0,14.0,13.333333333333334
MIN,391.0,352.0,0.9002557544757033,10.230179028132993,46.79878048780488,0.0,21.554987212276213,all_minutes,off,late_clock_18s_plus,27.59350741002117,5.0,12.0,73.33333333333333
NYK,574.0,588.0,1.024390243902439,9.40766550522648,52.49480249480249,0.0,22.371080139372822,all_minutes,off,late_clock_18s_plus,33.43040186371578,1.0,3.0,100.0
OKC,482.0,410.0,0.8506224066390041,10.16597510373444,43.30900243309003,0.0,21.056016597510375,all_minutes,off,late_clock_18s_plus,21.12182296231376,11.0,16.0,33.33333333333333
ORL,139.0,121.0,0.8705035971223022,7.194244604316546,44.44444444444444,0.0,22.928057553956833,all_minutes,off,late_clock_18s_plus,31.235955056179776,8.0,7.0,53.333333333333336
BOS,307.0,301.0,0.9804560260586319,7.81758957654723,50.18587360594795,0.0,22.560260586319217,all_minutes,def,late_clock_18s_plus,30.63872255489022,16.0,7.0,0.0
CLE,278.0,262.0,0.9424460431654677,12.23021582733813,51.47679324894515,0.0,22.20863309352518,all_minutes,def,late_clock_18s_plus,32.175925925925924,13.0,4.0,20.0
DEN,340.0,314.0,0.9235294117647059,10.294117647058822,48.96907216494845,0.0,22.23235294117647,all_minutes,def,late_clock_18s_plus,25.20385470719051,9.0,14.0,46.666666666666664
DET,199.0,177.0,0.8894472361809045,9.045226130653267,43.96551724137931,0.0,22.819095477386934,all_minutes,def,late_clock_18s_plus,34.54861111111111,6.0,2.0,66.66666666666666
GSW,318.0,261.0,0.8207547169811321,13.20754716981132,43.46153846153846,0.0,22.141509433962263,all_minutes,def,late_clock_18s_plus,28.44364937388193,3.0,9.0,86.66666666666667
HOU,191.0,156.0,0.8167539267015707,11.518324607329843,42.94117647058823,0.0,22.219895287958114,all_minutes,def,late_clock_18s_plus,29.750778816199375,2.0,8.0,93.33333333333333
IND,601.0,557.0,0.9267886855241264,10.149750415973378,47.5659229208925,0.0,21.505823627287853,all_minutes,def,late_clock_18s_plus,26.722987994664294,10.0,12.0,40.0
LAC,216.0,193.0,0.8935185185185185,12.5,49.45945945945946,0.0,22.453703703703702,all_minutes,def,late_clock_18s_plus,33.54037267080746,7.0,3.0,60.0
LAL,140.0,131.0,0.9357142857142857,10.0,48.660714285714285,0.0,21.885714285714286,all_minutes,def,late_clock_18s_plus,31.042128603104214,11.0,6.0,33.33333333333333
MEM,68.0,66.0,0.9705882352941176,2.941176470588235,49.21875,0.0,21.13235294117647,all_minutes,def,late_clock_18s_plus,16.748768472906402,15.0,16.0,6.666666666666667
MIA,90.0,83.0,0.9222222222222223,11.11111111111111,50.0,0.0,21.22222222222222,all_minutes,def,late_clock_18s_plus,24.456521739130434,8.0,15.0,53.333333333333336
MIL,153.0,147.0,0.9607843137254902,5.88235294117647,47.03703703703704,0.0,22.50326797385621,all_minutes,def,late_clock_18s_plus,31.097560975609756,14.0,5.0,13.333333333333334
MIN,403.0,317.0,0.7866004962779156,12.655086848635236,39.37125748502994,0.0,21.62531017369727,all_minutes,def,late_clock_18s_plus,28.400281888653982,1.0,10.0,100.0
NYK,451.0,388.0,0.8603104212860311,12.195121951219512,44.83695652173913,0.0,21.90909090909091,all_minutes,def,late_clock_18s_plus,26.251455180442374,5.0,13.0,73.33333333333333
OKC,627.0,519.0,0.8277511961722488,12.280701754385964,42.870905587668595,0.0,21.698564593301434,all_minutes,def,late_clock_18s_plus,27.52414398595259,4.0,11.0,80.0
ORL,156.0,147.0,0.9423076923076923,12.179487179487179,49.24242424242424,0.0,22.48076923076923,all_minutes,def,late_clock_18s_plus,35.13513513513514,12.0,1.0,26.666666666666668
BOS,29.0,23.0,0.7931034482758621,17.24137931034483,25.862068965517242,20.689655172413794,16.75862068965517,all_minutes,off,clutch,2.8913260219341974,15.0,10.0,6.666666666666667
CLE,18.0,26.0,1.4444444444444444,11.11111111111111,65.38461538461539,11.11111111111111,14.277777777777779,all_minutes,off,clutch,2.083333333333333,3.0,13.0,86.66666666666667
DEN,63.0,75.0,1.1904761904761905,14.285714285714285,47.45762711864407,22.22222222222222,15.603174603174603,all_minutes,off,clutch,4.673590504451038,7.0,4.0,60.0
DET,43.0,48.0,1.1162790697674418,20.930232558139537,61.29032258064516,9.30232558139535,14.604651162790697,all_minutes,off,clutch,7.452339688041594,9.0,1.0,46.666666666666664
GSW,16.0,22.0,1.375,6.25,46.875,25.0,17.3125,all_minutes,off,clutch,1.4311270125223614,4.0,16.0,80.0
HOU,11.0,10.0,0.9090909090909091,9.090909090909092,44.44444444444444,0.0,15.818181818181818,all_minutes,off,clutch,1.7214397496087637,12.0,14.0,26.666666666666668
IND,71.0,103.0,1.4507042253521127,4.225352112676056,52.77777777777778,22.535211267605636,15.352112676056338,all_minutes,off,clutch,3.1457687195392112,2.0,9.0,93.33333333333333
LAC,32.0,35.0,1.09375,21.875,61.53846153846154,9.375,16.09375,all_minutes,off,clutch,4.968944099378882,10.0,3.0,40.0
LAL,16.0,14.0,0.875,12.5,43.75,6.25,18.0625,all_minutes,off,clutch,3.532008830022075,14.0,7.0,13.333333333333334
MEM,15.0,9.0,0.6,26.666666666666668,36.36363636363637,13.333333333333334,13.533333333333333,all_minutes,off,clutch,3.7128712871287126,16.0,6.0,0.0
MIA,6.0,6.0,1.0,16.666666666666664,50.0,16.666666666666664,14.833333333333334,all_minutes,off,clutch,1.6483516483516485,11.0,15.0,33.33333333333333
MIL,21.0,26.0,1.2380952380952381,19.047619047619047,65.78947368421053,9.523809523809524,16.19047619047619,all_minutes,off,clutch,4.30327868852459,5.0,5.0,73.33333333333333
MIN,31.0,57.0,1.8387096774193548,12.903225806451612,74.13793103448276,16.129032258064516,15.193548387096774,all_minutes,off,clutch,2.18772053634439,1.0,12.0,100.0
NYK,94.0,109.0,1.1595744680851063,14.893617021276595,50.63291139240506,12.76595744680851,15.382978723404255,all_minutes,off,clutch,5.474665113570181,8.0,2.0,53.333333333333336
OKC,77.0,94.0,1.2207792207792207,7.792207792207792,51.75438596491229,7.792207792207792,14.064935064935066,all_minutes,off,clutch,3.374233128834356,6.0,8.0,66.66666666666666
ORL,10.0,9.0,0.9,0.0,25.0,20.0,22.6,all_minutes,off,clutch,2.247191011235955,13.0,11.0,20.0
BOS,34.0,39.0,1.1470588235294117,5.88235294117647,43.24324324324324,14.705882352941178,19.441176470588236,all_minutes,def,clutch,3.3932135728542914,6.0,8.0,66.66666666666666
CLE,12.0,23.0,1.9166666666666667,8.333333333333332,71.42857142857143,33.33333333333333,16.583333333333332,all_minutes,def,clutch,1.3888888888888888,15.0,16.0,6.666666666666667
DEN,66.0,76.0,1.1515151515151516,13.636363636363635,54.310344827586206,12.121212121212121,15.515151515151516,all_minutes,def,clutch,4.892512972572276,7.0,4.0,56.666666666666664
DET,40.0,49.0,1.225,10.0,57.14285714285714,12.5,15.2,all_minutes,def,clutch,6.944444444444445,10.0,1.0,40.0
GSW,18.0,22.0,1.2222222222222223,22.22222222222222,57.14285714285714,11.11111111111111,15.277777777777779,all_minutes,def,clutch,1.6100178890876566,9.0,15.0,46.666666666666664
HOU,11.0,20.0,1.8181818181818181,0.0,62.5,27.27272727272727,17.09090909090909,all_minutes,def,clutch,1.7133956386292832,14.0,14.0,13.333333333333334
IND,76.0,86.0,1.131578947368421,21.052631578947366,50.0,11.842105263157894,14.355263157894736,all_minutes,def,clutch,3.379279679857715,5.0,9.0,73.33333333333333
LAC,33.0,38.0,1.1515151515151516,21.21212121212121,45.3125,30.303030303030305,16.87878787878788,all_minutes,def,clutch,5.124223602484472,7.0,3.0,56.666666666666664
LAL,17.0,34.0,2.0,5.88235294117647,84.375,5.88235294117647,17.58823529411765,all_minutes,def,clutch,3.7694013303769403,16.0,7.0,0.0
MEM,17.0,18.0,1.0588235294117647,5.88235294117647,50.0,0.0,11.823529411764707,all_minutes,def,clutch,4.1871921182266005,1.0,5.0,100.0
MIA,9.0,14.0,1.5555555555555556,0.0,71.42857142857143,0.0,16.88888888888889,all_minutes,def,clutch,2.4456521739130435,13.0,11.0,20.0
MIL,20.0,28.0,1.4,0.0,47.91666666666667,25.0,18.25,all_minutes,def,clutch,4.0650406504065035,11.0,6.0,33.33333333333333
MIN,31.0,33.0,1.064516129032258,12.903225806451612,48.0,6.451612903225806,16.387096774193548,all_minutes,def,clutch,2.1846370683579983,2.0,12.0,90.0
NYK,93.0,99.0,1.064516129032258,16.129032258064516,46.794871794871796,12.903225806451612,14.591397849462366,all_minutes,def,clutch,5.4132712456344585,2.0,2.0,90.0
OKC,68.0,75.0,1.1029411764705883,10.294117647058822,45.0,17.647058823529413,13.897058823529411,all_minutes,def,clutch,2.9850746268656714,4.0,10.0,80.0
ORL,8.0,12.0,1.5,12.5,50.0,25.0,15.875,all_minutes,def,clutch,1.8018018018018018,12.0,13.0,26.666666666666668
BOS,889.0,1021.0,1.1484814398200225,14.848143982002249,52.38693467336684,12.710911136107987,15.529808773903262,non_garbage,off,all,100.0,6.0,1.0,66.66666666666666
CLE,691.0,852.0,1.2329956584659914,11.577424023154848,53.79256965944273,14.47178002894356,14.473227206946454,non_garbage,off,all,100.0,1.0,1.0,100.0
DEN,1209.0,1366.0,1.129859387923904,15.467328370554176,52.495378927911275,13.316790736145576,15.846153846153847,non_garbage,off,all,100.0,9.0,1.0,46.666666666666664
DET,577.0,640.0,1.1091854419410745,16.984402079722706,51.41987829614605,12.99826689774697,14.176776429809358,non_garbage,off,all,100.0,11.0,1.0,33.33333333333333
GSW,1066.0,1164.0,1.0919324577861163,15.666041275797374,50.66666666666667,12.570356472795496,15.418386491557223,non_garbage,off,all,100.0,13.0,1.0,20.0
HOU,610.0,692.0,1.1344262295081968,14.59016393442623,51.66666666666667,13.442622950819672,15.813114754098361,non_garbage,off,all,100.0,8.0,1.0,53.333333333333336
IND,2135.0,2500.0,1.17096018735363,14.519906323185012,56.63571818678318,10.257611241217798,14.54192037470726,non_garbage,off,all,100.0,2.0,1.0,93.33333333333333
LAC,596.0,692.0,1.1610738255033557,12.583892617449665,55.04504504504505,12.416107382550337,15.885906040268456,non_garbage,off,all,100.0,3.0,1.0,86.66666666666667
LAL,441.0,486.0,1.1020408163265305,16.099773242630384,52.77777777777778,9.977324263038549,15.72108843537415,non_garbage,off,all,100.0,12.0,1.0,26.666666666666668
MEM,322.0,331.0,1.0279503105590062,19.25465838509317,49.45652173913043,12.422360248447205,15.217391304347826,non_garbage,off,all,100.0,16.0,1.0,0.0
MIA,263.0,284.0,1.079847908745247,17.490494296577946,55.62770562770562,11.406844106463879,17.159695817490494,non_garbage,off,all,100.0,14.0,1.0,13.333333333333334
MIL,470.0,524.0,1.1148936170212767,13.617021276595745,53.597122302158276,10.425531914893616,14.485106382978723,non_garbage,off,all,100.0,10.0,1.0,40.0
MIN,1267.0,1458.0,1.1507498026835044,16.65351223362273,53.73134328358209,13.575374901341753,15.315706393054459,non_garbage,off,all,100.0,5.0,1.0,73.33333333333333
NYK,1619.0,1846.0,1.1402100061766522,14.638665843113033,52.1203830369357,13.650401482396541,15.945027794935145,non_garbage,off,all,100.0,7.0,1.0,60.0
OKC,1936.0,2230.0,1.1518595041322315,11.8801652892562,51.642129105322766,12.65495867768595,14.164256198347108,non_garbage,off,all,100.0,4.0,1.0,80.0
ORL,422.0,441.0,1.0450236966824644,13.507109004739338,46.50872817955112,14.454976303317535,16.345971563981042,non_garbage,off,all,100.0,15.0,1.0,6.666666666666667
BOS,882.0,952.0,1.0793650793650793,13.945578231292515,48.73341375150784,14.73922902494331,16.065759637188208,non_garbage,def,all,100.0,2.0,1.0,93.33333333333333
CLE,692.0,798.0,1.153179190751445,15.751445086705202,58.06722689075631,9.68208092485549,15.58815028901734,non_garbage,def,all,100.0,10.0,1.0,40.0
DEN,1206.0,1383.0,1.1467661691542288,11.608623548922056,52.96722763507529,12.85240464344942,14.629353233830846,non_garbage,def,all,100.0,8.0,1.0,53.333333333333336
DET,576.0,648.0,1.125,13.541666666666666,51.42857142857142,12.67361111111111,15.730902777777779,non_garbage,def,all,100.0,5.0,1.0,73.33333333333333
GSW,1080.0,1231.0,1.1398148148148148,16.48148148148148,54.02969247083775,12.777777777777777,15.338888888888889,non_garbage,def,all,100.0,6.0,1.0,66.66666666666666
HOU,607.0,675.0,1.112026359143328,14.00329489291598,51.66374781085814,11.202635914332784,15.42504118616145,non_garbage,def,all,100.0,3.0,1.0,86.66666666666667
IND,2120.0,2418.0,1.140566037735849,14.245283018867925,51.54666666666666,12.924528301886792,15.065094339622641,non_garbage,def,all,100.0,7.0,1.0,60.0
LAC,604.0,722.0,1.195364238410596,14.23841059602649,55.80357142857143,13.90728476821192,15.966887417218542,non_garbage,def,all,100.0,13.0,1.0,20.0
LAL,444.0,531.0,1.195945945945946,12.612612612612612,51.52224824355972,15.99099099099099,15.89864864864865,non_garbage,def,all,100.0,14.0,1.0,13.333333333333334
MEM,321.0,378.0,1.1775700934579438,9.034267912772584,51.49006622516556,12.461059190031152,13.585669781931465,non_garbage,def,all,100.0,12.0,1.0,26.666666666666668
MIA,267.0,368.0,1.3782771535580525,8.98876404494382,62.15686274509804,12.359550561797752,14.636704119850187,non_garbage,def,all,100.0,16.0,1.0,0.0
MIL,483.0,578.0,1.196687370600414,11.180124223602485,57.906976744186046,8.488612836438923,15.287784679089027,non_garbage,def,all,100.0,15.0,1.0,6.666666666666667
MIN,1262.0,1413.0,1.1196513470681457,15.847860538827257,52.333931777378815,12.282091917591126,15.322503961965134,non_garbage,def,all,100.0,4.0,1.0,80.0
NYK,1627.0,1871.0,1.1499692685925016,14.751075599262448,53.29131652661064,12.354025814382299,14.320835894283958,non_garbage,def,all,100.0,9.0,1.0,46.666666666666664
OKC,1921.0,2070.0,1.07756376887038,18.16762103071317,51.15853658536585,12.54554919312858,15.197293076522644,non_garbage,def,all,100.0,1.0,1.0,100.0
ORL,421.0,491.0,1.166270783847981,14.964370546318289,53.42465753424658,11.63895486935867,15.964370546318289,non_garbage,def,all,100.0,11.0,1.0,33.33333333333333
BOS,112.0,186.0,1.6607142857142858,15.178571428571427,98.66666666666667,0.0,5.071428571428571,non_garbage,off,quick_live_7s,12.598425196850393,1.0,9.0,100.0
CLE,73.0,119.0,1.63013698630137,12.32876712328767,95.74468085106383,0.0,4.671232876712328,non_garbage,off,quick_live_7s,10.5643994211288,2.0,14.0,93.33333333333333
DEN,162.0,230.0,1.4197530864197532,19.753086419753085,87.12871287128714,0.0,4.4753086419753085,non_garbage,off,quick_live_7s,13.399503722084367,11.0,6.0,33.33333333333333
DET,97.0,127.0,1.309278350515464,23.711340206185564,81.81818181818183,0.0,4.206185567010309,non_garbage,off,quick_live_7s,16.81109185441941,16.0,1.0,0.0
GSW,125.0,186.0,1.488,17.599999999999998,89.63414634146342,0.0,4.76,non_garbage,off,quick_live_7s,11.726078799249532,8.0,11.0,53.333333333333336
HOU,73.0,103.0,1.4109589041095891,19.17808219178082,89.28571428571429,0.0,4.52054794520548,non_garbage,off,quick_live_7s,11.967213114754099,12.0,10.0,26.666666666666668
IND,299.0,450.0,1.5050167224080269,22.073578595317723,95.72192513368985,0.0,4.508361204013378,non_garbage,off,quick_live_7s,14.004683840749415,6.0,4.0,66.66666666666666
LAC,88.0,133.0,1.5113636363636365,15.909090909090908,89.51612903225806,0.0,4.625,non_garbage,off,quick_live_7s,14.76510067114094,5.0,2.0,73.33333333333333
LAL,61.0,85.0,1.3934426229508197,24.59016393442623,94.28571428571428,0.0,4.262295081967213,non_garbage,off,quick_live_7s,13.83219954648526,13.0,5.0,20.0
MEM,28.0,40.0,1.4285714285714286,14.285714285714285,77.77777777777779,0.0,5.071428571428571,non_garbage,off,quick_live_7s,8.695652173913043,10.0,16.0,40.0
MIA,25.0,36.0,1.44,20.0,94.11764705882352,0.0,4.8,non_garbage,off,quick_live_7s,9.505703422053232,9.0,15.0,46.666666666666664
MIL,69.0,93.0,1.3478260869565217,21.73913043478261,84.14634146341463,0.0,4.913043478260869,non_garbage,off,quick_live_7s,14.680851063829786,15.0,3.0,6.666666666666667
MIN,162.0,246.0,1.5185185185185186,17.901234567901234,88.63636363636364,0.0,4.351851851851852,non_garbage,off,quick_live_7s,12.786108918705605,3.0,8.0,86.66666666666667
NYK,187.0,255.0,1.3636363636363635,20.32085561497326,85.12396694214877,0.0,4.598930481283422,non_garbage,off,quick_live_7s,11.550339715873996,14.0,13.0,13.333333333333334
OKC,254.0,385.0,1.515748031496063,17.716535433070867,92.21556886227546,0.0,4.496062992125984,non_garbage,off,quick_live_7s,13.119834710743802,4.0,7.0,80.0
ORL,49.0,73.0,1.489795918367347,18.367346938775512,89.39393939393939,0.0,4.755102040816326,non_garbage,off,quick_live_7s,11.61137440758294,7.0,12.0,60.0
BOS,102.0,139.0,1.3627450980392157,19.607843137254903,83.08823529411765,0.0,4.921568627450981,non_garbage,def,quick_live_7s,11.564625850340136,2.0,14.0,93.33333333333333
CLE,84.0,120.0,1.4285714285714286,25.0,94.11764705882352,0.0,4.369047619047619,non_garbage,def,quick_live_7s,12.138728323699421,5.0,11.0,73.33333333333333
DEN,180.0,276.0,1.5333333333333334,14.444444444444443,89.0625,0.0,4.555555555555555,non_garbage,def,quick_live_7s,14.925373134328357,11.0,2.0,33.33333333333333
DET,79.0,114.0,1.4430379746835442,16.455696202531644,89.62264150943396,0.0,4.3924050632911396,non_garbage,def,quick_live_7s,13.715277777777779,6.0,7.0,66.66666666666666
GSW,139.0,192.0,1.381294964028777,23.021582733812952,89.7590361445783,0.0,4.489208633093525,non_garbage,def,quick_live_7s,12.87037037037037,3.0,9.0,86.66666666666667
HOU,68.0,102.0,1.5,14.705882352941178,86.17021276595744,0.0,4.794117647058823,non_garbage,def,quick_live_7s,11.202635914332784,9.0,15.0,46.666666666666664
IND,236.0,335.0,1.4194915254237288,22.033898305084744,89.78102189781022,0.0,4.567796610169491,non_garbage,def,quick_live_7s,11.132075471698114,4.0,16.0,80.0
LAC,83.0,130.0,1.5662650602409638,14.457831325301203,92.5,0.0,4.578313253012048,non_garbage,def,quick_live_7s,13.741721854304636,12.0,6.0,26.666666666666668
LAL,64.0,112.0,1.75,7.8125,91.66666666666666,0.0,4.1875,non_garbage,def,quick_live_7s,14.414414414414415,16.0,4.0,0.0
MEM,50.0,76.0,1.52,16.0,92.64705882352942,0.0,4.02,non_garbage,def,quick_live_7s,15.57632398753894,10.0,1.0,40.0
MIA,31.0,51.0,1.6451612903225807,9.67741935483871,93.18181818181817,0.0,5.0,non_garbage,def,quick_live_7s,11.610486891385769,14.0,13.0,13.333333333333334
MIL,64.0,102.0,1.59375,17.1875,95.55555555555556,0.0,4.828125,non_garbage,def,quick_live_7s,13.250517598343686,13.0,8.0,20.0
MIN,160.0,236.0,1.475,21.875,95.45454545454545,0.0,4.675,non_garbage,def,quick_live_7s,12.678288431061807,7.0,10.0,60.0
NYK,238.0,356.0,1.495798319327731,19.747899159663866,91.61290322580645,0.0,4.542016806722689,non_garbage,def,quick_live_7s,14.628149969268591,8.0,3.0,53.333333333333336
OKC,227.0,303.0,1.3348017621145374,23.348017621145374,83.07086614173228,0.0,4.506607929515418,non_garbage,def,quick_live_7s,11.816762103071317,1.0,12.0,100.0
ORL,59.0,103.0,1.7457627118644068,15.254237288135593,106.94444444444444,0.0,4.983050847457627,non_garbage,def,quick_live_7s,14.014251781472684,15.0,5.0,6.666666666666667
BOS,385.0,420.0,1.0909090909090908,16.883116883116884,51.49253731343284,11.428571428571429,18.602597402597404,non_garbage,off,after_make,43.30708661417323,7.0,11.0,60.0
CLE,298.0,363.0,1.2181208053691275,13.087248322147651,54.05904059040591,13.087248322147651,16.446308724832214,non_garbage,off,after_make,43.12590448625181,1.0,12.0,100.0
DEN,519.0,581.0,1.1194605009633911,16.184971098265898,53.83771929824561,11.946050096339114,19.184971098265898,non_garbage,off,after_make,42.92803970223325,4.0,13.0,80.0
DET,242.0,249.0,1.0289256198347108,16.115702479338843,48.529411764705884,10.743801652892563,17.776859504132233,non_garbage,off,after_make,41.94107452339688,11.0,14.0,33.33333333333333
GSW,462.0,477.0,1.0324675324675325,16.450216450216452,48.80095923261391,11.904761904761903,17.924242424242426,non_garbage,off,after_make,43.33958724202627,10.0,10.0,40.0
HOU,250.0,252.0,1.008,16.8,48.57142857142857,12.4,18.744,non_garbage,off,after_make,40.98360655737705,13.0,16.0,20.0
IND,936.0,1039.0,1.110042735042735,14.850427350427351,55.266497461928935,8.333333333333332,16.830128205128204,non_garbage,off,after_make,43.840749414519905,5.0,6.0,73.33333333333333
LAC,272.0,309.0,1.1360294117647058,11.76470588235294,55.24193548387096,9.191176470588236,19.566176470588236,non_garbage,off,after_make,45.63758389261745,3.0,3.0,86.66666666666667
LAL,195.0,203.0,1.041025641025641,14.871794871794872,50.602409638554214,7.6923076923076925,18.50769230769231,non_garbage,off,after_make,44.21768707482993,9.0,5.0,46.666666666666664
MEM,147.0,139.0,0.9455782312925171,14.965986394557824,43.984962406015036,13.60544217687075,17.74829931972789,non_garbage,off,after_make,45.65217391304348,16.0,2.0,0.0
MIA,131.0,132.0,1.0076335877862594,20.610687022900763,55.00000000000001,9.16030534351145,19.564885496183205,non_garbage,off,after_make,49.80988593155893,14.0,1.0,13.333333333333334
MIL,211.0,215.0,1.018957345971564,14.218009478672986,50.27472527472527,9.47867298578199,17.526066350710902,non_garbage,off,after_make,44.8936170212766,12.0,4.0,26.666666666666668
MIN,554.0,589.0,1.0631768953068592,19.494584837545126,50.208333333333336,14.079422382671481,18.216606498194945,non_garbage,off,after_make,43.72533543804262,8.0,8.0,53.333333333333336
NYK,709.0,779.0,1.0987306064880114,13.822284908321581,48.346456692913385,14.104372355430183,19.279266572637518,non_garbage,off,after_make,43.792464484249535,6.0,7.0,66.66666666666666
OKC,810.0,940.0,1.1604938271604939,11.604938271604938,51.61943319838057,11.728395061728394,16.74074074074074,non_garbage,off,after_make,41.83884297520662,2.0,15.0,93.33333333333333
ORL,183.0,183.0,1.0,11.475409836065573,45.562130177514796,12.568306010928962,19.0,non_garbage,off,after_make,43.3649289099526,15.0,9.0,6.666666666666667
BOS,372.0,377.0,1.0134408602150538,13.172043010752688,44.75218658892128,15.32258064516129,18.782258064516128,non_garbage,def,after_make,42.17687074829932,1.0,12.0,100.0
CLE,318.0,348.0,1.0943396226415094,15.40880503144654,55.1660516605166,8.176100628930817,18.28616352201258,non_garbage,def,after_make,45.95375722543353,8.0,1.0,53.333333333333336
DEN,529.0,611.0,1.1550094517958411,10.775047258979207,54.44444444444444,10.01890359168242,17.68241965973535,non_garbage,def,after_make,43.86401326699834,15.0,4.0,6.666666666666667
DET,248.0,274.0,1.1048387096774193,13.709677419354838,47.80701754385965,14.516129032258066,19.911290322580644,non_garbage,def,after_make,43.05555555555556,11.0,8.0,33.33333333333333
GSW,446.0,461.0,1.0336322869955157,18.609865470852018,50.67934782608695,12.10762331838565,18.154708520179373,non_garbage,def,after_make,41.2962962962963,4.0,15.0,80.0
HOU,261.0,269.0,1.0306513409961686,14.17624521072797,48.987854251012145,9.961685823754788,17.877394636015325,non_garbage,def,after_make,42.998352553542006,3.0,9.0,86.66666666666667
IND,941.0,1038.0,1.1030818278427206,14.34643995749203,50.18518518518519,11.477151965993624,17.716259298618493,non_garbage,def,after_make,44.386792452830186,10.0,3.0,40.0
LAC,258.0,295.0,1.1434108527131783,17.441860465116278,57.99999999999999,10.852713178294573,19.414728682170544,non_garbage,def,after_make,42.71523178807947,14.0,11.0,13.333333333333334
LAL,192.0,214.0,1.1145833333333333,16.145833333333336,47.23756906077348,17.708333333333336,19.651041666666668,non_garbage,def,after_make,43.24324324324324,12.0,7.0,26.666666666666668
MEM,134.0,147.0,1.0970149253731343,8.955223880597014,45.038167938931295,14.17910447761194,16.895522388059703,non_garbage,def,after_make,41.74454828660436,9.0,13.0,46.666666666666664
MIA,108.0,155.0,1.4351851851851851,9.25925925925926,65.65656565656566,10.185185185185185,16.73148148148148,non_garbage,def,after_make,40.44943820224719,16.0,16.0,0.0
MIL,200.0,225.0,1.125,11.5,56.74157303370787,7.000000000000001,17.88,non_garbage,def,after_make,41.40786749482402,13.0,14.0,20.0
MIN,547.0,598.0,1.093235831809872,15.539305301645337,51.575630252100844,11.3345521023766,17.97074954296161,non_garbage,def,after_make,43.34389857369255,7.0,6.0,60.0
NYK,712.0,771.0,1.0828651685393258,15.02808988764045,51.31147540983606,10.674157303370785,17.160112359550563,non_garbage,def,after_make,43.76152427781192,6.0,5.0,66.66666666666666
OKC,857.0,903.0,1.0536756126021003,18.08634772462077,51.515151515151516,11.551925320886815,17.63943990665111,non_garbage,def,after_make,44.6121811556481,5.0,2.0,73.33333333333333
ORL,181.0,184.0,1.0165745856353592,18.23204419889503,47.452229299363054,11.049723756906078,19.441988950276244,non_garbage,def,after_make,42.99287410926366,2.0,10.0,93.33333333333333
BOS,66.0,92.0,1.393939393939394,13.636363636363635,67.46031746031747,15.151515151515152,8.893939393939394,non_garbage,off,after_steal,7.424071991001124,5.0,10.0,73.33333333333333
CLE,56.0,74.0,1.3214285714285714,8.928571428571429,56.03448275862068,14.285714285714285,9.732142857142858,non_garbage,off,after_steal,8.104196816208393,7.0,4.0,60.0
DEN,92.0,98.0,1.065217391304348,13.043478260869565,47.159090909090914,18.478260869565215,10.33695652173913,non_garbage,off,after_steal,7.6095947063689,14.0,9.0,13.333333333333334
DET,40.0,56.0,1.4,17.5,66.66666666666666,7.5,6.55,non_garbage,off,after_steal,6.932409012131716,4.0,11.0,80.0
GSW,98.0,134.0,1.3673469387755102,10.204081632653061,57.97872340425532,16.3265306122449,9.561224489795919,non_garbage,off,after_steal,9.193245778611631,6.0,2.0,66.66666666666666
HOU,54.0,77.0,1.4259259259259258,12.962962962962962,73.25581395348837,9.25925925925926,7.574074074074074,non_garbage,off,after_steal,8.852459016393443,3.0,3.0,86.66666666666667
IND,172.0,209.0,1.2151162790697674,13.953488372093023,55.333333333333336,14.534883720930234,9.930232558139535,non_garbage,off,after_steal,8.056206088992974,11.0,6.0,33.33333333333333
LAC,47.0,60.0,1.2765957446808511,4.25531914893617,54.0,17.02127659574468,10.574468085106384,non_garbage,off,after_steal,7.885906040268456,10.0,7.0,40.0
LAL,23.0,20.0,0.8695652173913043,26.08695652173913,52.94117647058824,4.3478260869565215,9.08695652173913,non_garbage,off,after_steal,5.215419501133787,16.0,14.0,0.0
MEM,15.0,23.0,1.5333333333333334,20.0,79.16666666666666,13.333333333333334,10.866666666666667,non_garbage,off,after_steal,4.658385093167702,2.0,15.0,93.33333333333333
MIA,12.0,20.0,1.6666666666666667,0.0,67.85714285714286,16.666666666666664,10.583333333333334,non_garbage,off,after_steal,4.562737642585551,1.0,16.0,100.0
MIL,30.0,36.0,1.2,26.666666666666668,66.66666666666666,10.0,7.366666666666666,non_garbage,off,after_steal,6.382978723404255,12.0,13.0,26.666666666666668
MIN,98.0,127.0,1.2959183673469388,15.306122448979592,61.627906976744185,13.26530612244898,7.86734693877551,non_garbage,off,after_steal,7.734806629834254,9.0,8.0,46.666666666666664
NYK,131.0,133.0,1.015267175572519,22.137404580152673,53.04347826086957,13.740458015267176,9.076335877862595,non_garbage,off,after_steal,8.091414453366276,15.0,5.0,6.666666666666667
OKC,203.0,267.0,1.3152709359605912,13.30049261083744,62.0,10.344827586206897,8.467980295566502,non_garbage,off,after_steal,10.485537190082644,8.0,1.0,53.333333333333336
ORL,29.0,33.0,1.1379310344827587,20.689655172413794,51.92307692307693,17.24137931034483,9.413793103448276,non_garbage,off,after_steal,6.872037914691943,13.0,12.0,20.0
BOS,63.0,76.0,1.2063492063492063,15.873015873015872,53.96825396825397,19.047619047619047,9.698412698412698,non_garbage,def,after_steal,7.142857142857142,6.0,15.0,66.66666666666666
CLE,41.0,54.0,1.3170731707317074,12.195121951219512,63.51351351351351,9.75609756097561,10.292682926829269,non_garbage,def,after_steal,5.924855491329479,10.0,16.0,40.0
DEN,107.0,138.0,1.2897196261682242,9.345794392523365,57.476635514018696,14.953271028037381,8.878504672897197,non_garbage,def,after_steal,8.872305140961858,8.0,4.0,53.333333333333336
DET,50.0,52.0,1.04,26.0,58.536585365853654,14.000000000000002,8.24,non_garbage,def,after_steal,8.680555555555555,1.0,6.0,100.0
GSW,93.0,122.0,1.3118279569892473,15.053763440860216,67.08860759493672,10.75268817204301,8.086021505376344,non_garbage,def,after_steal,8.61111111111111,9.0,7.0,46.666666666666664
HOU,55.0,74.0,1.3454545454545455,9.090909090909092,63.541666666666664,7.2727272727272725,9.818181818181818,non_garbage,def,after_steal,9.060955518945635,11.0,3.0,33.33333333333333
IND,178.0,192.0,1.0786516853932584,19.101123595505616,50.68493150684932,11.235955056179774,9.230337078651685,non_garbage,def,after_steal,8.39622641509434,2.0,10.0,93.33333333333333
LAC,46.0,52.0,1.1304347826086956,8.695652173913043,47.05882352941176,23.91304347826087,9.804347826086957,non_garbage,def,after_steal,7.6158940397351,4.0,11.0,80.0
LAL,38.0,55.0,1.4473684210526316,13.157894736842104,62.903225806451616,10.526315789473683,6.552631578947368,non_garbage,def,after_steal,8.558558558558559,14.0,8.0,13.333333333333334
MEM,33.0,53.0,1.606060606060606,12.121212121212121,88.88888888888889,3.0303030303030303,6.575757575757576,non_garbage,def,after_steal,10.2803738317757,16.0,1.0,0.0
MIA,25.0,39.0,1.56,4.0,73.91304347826086,8.0,7.84,non_garbage,def,after_steal,9.363295880149813,15.0,2.0,6.666666666666667
MIL,35.0,38.0,1.0857142857142856,11.428571428571429,50.0,14.285714285714285,10.028571428571428,non_garbage,def,after_steal,7.246376811594203,3.0,13.0,86.66666666666667
MIN,106.0,133.0,1.2547169811320755,15.09433962264151,54.45544554455446,16.9811320754717,9.632075471698114,non_garbage,def,after_steal,8.399366085578446,7.0,9.0,60.0
NYK,117.0,164.0,1.4017094017094016,12.82051282051282,65.5,11.11111111111111,7.418803418803419,non_garbage,def,after_steal,7.191149354640443,12.0,14.0,26.666666666666668
OKC,142.0,165.0,1.1619718309859155,16.19718309859155,52.066115702479344,17.6056338028169,10.661971830985916,non_garbage,def,after_steal,7.39198334200937,5.0,12.0,73.33333333333333
ORL,37.0,52.0,1.4054054054054055,18.91891891891892,75.0,13.513513513513514,10.027027027027026,non_garbage,def,after_steal,8.788598574821853,13.0,5.0,20.0
BOS,275.0,338.0,1.229090909090909,12.363636363636363,53.45528455284553,13.090909090909092,12.170909090909092,non_garbage,off,after_miss,30.93363329583802,5.0,4.0,73.33333333333333
CLE,202.0,251.0,1.2425742574257426,8.415841584158416,52.03045685279187,18.316831683168317,12.099009900990099,non_garbage,off,after_miss,29.232995658465992,4.0,9.0,80.0
DEN,395.0,455.0,1.1518987341772151,15.18987341772152,53.735632183908045,12.151898734177214,12.359493670886076,non_garbage,off,after_miss,32.671629445822994,11.0,3.0,33.33333333333333
DET,177.0,206.0,1.1638418079096045,15.819209039548024,53.5483870967742,14.124293785310735,10.581920903954803,non_garbage,off,after_miss,30.675909878682845,9.0,5.0,46.666666666666664
GSW,296.0,371.0,1.2533783783783783,14.18918918918919,57.971014492753625,12.162162162162163,12.516891891891891,non_garbage,off,after_miss,27.76735459662289,3.0,13.0,86.66666666666667
HOU,201.0,232.0,1.154228855721393,12.935323383084576,51.09289617486339,12.437810945273633,13.91044776119403,non_garbage,off,after_miss,32.950819672131146,10.0,1.0,40.0
IND,636.0,772.0,1.2138364779874213,16.19496855345912,59.35727788279773,10.69182389937107,11.671383647798741,non_garbage,off,after_miss,29.789227166276344,8.0,6.0,53.333333333333336
LAC,163.0,206.0,1.2638036809815951,11.042944785276074,58.59872611464968,13.496932515337424,11.45398773006135,non_garbage,off,after_miss,27.348993288590606,2.0,15.0,93.33333333333333
LAL,129.0,147.0,1.1395348837209303,19.379844961240313,54.45544554455446,10.852713178294573,10.891472868217054,non_garbage,off,after_miss,29.25170068027211,12.0,8.0,26.666666666666668
MEM,90.0,96.0,1.0666666666666667,22.22222222222222,56.42857142857143,10.0,12.555555555555555,non_garbage,off,after_miss,27.95031055900621,15.0,12.0,6.666666666666667
MIA,71.0,80.0,1.1267605633802817,14.084507042253522,54.6875,12.676056338028168,13.338028169014084,non_garbage,off,after_miss,26.996197718631176,13.0,16.0,20.0
MIL,154.0,188.0,1.2207792207792207,9.090909090909092,57.638888888888886,9.090909090909092,11.305194805194805,non_garbage,off,after_miss,32.76595744680851,6.0,2.0,66.66666666666666
MIN,350.0,445.0,1.2714285714285714,14.571428571428571,58.256880733944946,13.142857142857142,12.245714285714286,non_garbage,off,after_miss,27.624309392265197,1.0,14.0,100.0
NYK,467.0,569.0,1.2184154175588866,12.419700214132762,54.243119266055054,13.704496788008566,12.25695931477516,non_garbage,off,after_miss,28.8449660284126,7.0,10.0,60.0
OKC,548.0,602.0,1.0985401459854014,11.313868613138686,49.4,12.59124087591241,11.954379562043796,non_garbage,off,after_miss,28.305785123966942,14.0,11.0,13.333333333333334
ORL,125.0,130.0,1.04,15.2,45.378151260504204,17.599999999999998,12.816,non_garbage,off,after_miss,29.620853080568722,16.0,7.0,0.0
BOS,270.0,292.0,1.0814814814814815,13.333333333333334,49.80392156862745,14.074074074074074,12.829629629629629,non_garbage,def,after_miss,30.612244897959183,2.0,6.0,93.33333333333333
CLE,201.0,238.0,1.1840796019900497,16.91542288557214,58.285714285714285,12.935323383084576,12.149253731343284,non_garbage,def,after_miss,29.046242774566473,5.0,10.0,73.33333333333333
DEN,344.0,405.0,1.177325581395349,11.046511627906977,53.71517027863777,13.372093023255813,11.38953488372093,non_garbage,def,after_miss,28.524046434494192,4.0,13.0,80.0
DET,157.0,186.0,1.1847133757961783,10.828025477707007,52.013422818791945,13.375796178343949,10.94267515923567,non_garbage,def,after_miss,27.256944444444443,6.0,15.0,66.66666666666666
GSW,332.0,404.0,1.216867469879518,15.060240963855422,55.960264900662246,12.650602409638553,13.024096385542169,non_garbage,def,after_miss,30.74074074074074,10.0,5.0,40.0
HOU,175.0,217.0,1.24,12.0,54.59770114942529,13.714285714285715,12.754285714285714,non_garbage,def,after_miss,28.83031301482702,12.0,12.0,26.666666666666668
IND,615.0,733.0,1.191869918699187,11.544715447154472,52.743362831858406,13.658536585365855,12.222764227642276,non_garbage,def,after_miss,29.009433962264154,9.0,11.0,46.666666666666664
LAC,195.0,244.0,1.2512820512820513,10.256410256410255,58.611111111111114,11.282051282051283,12.312820512820513,non_garbage,def,after_miss,32.28476821192053,13.0,2.0,20.0
LAL,129.0,165.0,1.2790697674418605,8.527131782945736,55.859375,13.953488372093023,12.155038759689923,non_garbage,def,after_miss,29.054054054054053,14.0,9.0,13.333333333333334
MEM,87.0,93.0,1.0689655172413792,6.896551724137931,45.67901234567901,12.643678160919542,10.988505747126437,non_garbage,def,after_miss,27.102803738317753,1.0,16.0,100.0
MIA,85.0,120.0,1.411764705882353,8.235294117647058,60.22727272727273,18.823529411764707,12.635294117647058,non_garbage,def,after_miss,31.835205992509362,16.0,3.0,0.0
MIL,153.0,189.0,1.2352941176470589,11.76470588235294,58.46153846153847,7.8431372549019605,12.522875816993464,non_garbage,def,after_miss,31.67701863354037,11.0,4.0,33.33333333333333
MIN,351.0,418.0,1.190883190883191,16.80911680911681,57.28813559322033,10.826210826210826,11.851851851851851,non_garbage,def,after_miss,27.812995245641837,8.0,14.0,53.333333333333336
NYK,473.0,562.0,1.1881606765327695,15.221987315010571,55.392156862745104,12.26215644820296,11.004228329809726,non_garbage,def,after_miss,29.071911493546406,7.0,8.0,60.0
OKC,573.0,640.0,1.1169284467713787,19.720767888307154,53.661087866108794,12.216404886561955,12.352530541012216,non_garbage,def,after_miss,29.828214471629362,3.0,7.0,86.66666666666667
ORL,139.0,182.0,1.3093525179856116,10.071942446043165,55.78512396694215,12.949640287769784,12.589928057553957,non_garbage,def,after_miss,33.0166270783848,15.0,1.0,6.666666666666667
BOS,48.0,39.0,0.8125,20.833333333333336,33.75,16.666666666666664,18.854166666666668,non_garbage,off,after_timeout,5.399325084364454,16.0,15.0,0.0
CLE,40.0,49.0,1.225,17.5,54.6875,15.0,18.2,non_garbage,off,after_timeout,5.788712011577424,3.0,11.0,83.33333333333334
DEN,82.0,101.0,1.2317073170731707,10.975609756097562,50.0,18.29268292682927,18.20731707317073,non_garbage,off,after_timeout,6.782464846980976,2.0,4.0,93.33333333333333
DET,38.0,46.0,1.2105263157894737,23.684210526315788,52.77777777777778,21.052631578947366,17.0,non_garbage,off,after_timeout,6.5857885615251295,6.0,5.0,66.66666666666666
GSW,73.0,67.0,0.9178082191780822,17.80821917808219,41.42857142857143,17.80821917808219,19.15068493150685,non_garbage,off,after_timeout,6.848030018761726,14.0,3.0,13.333333333333334
HOU,32.0,32.0,1.0,15.625,39.705882352941174,18.75,18.75,non_garbage,off,after_timeout,5.245901639344262,12.0,16.0,26.666666666666668
IND,117.0,132.0,1.1282051282051282,13.675213675213676,50.43103448275862,16.23931623931624,18.504273504273506,non_garbage,off,after_timeout,5.480093676814988,8.0,14.0,53.333333333333336
LAC,33.0,32.0,0.9696969696969697,18.181818181818183,43.93939393939394,18.181818181818183,20.09090909090909,non_garbage,off,after_timeout,5.5369127516778525,13.0,12.0,20.0
LAL,28.0,34.0,1.2142857142857142,7.142857142857142,58.620689655172406,7.142857142857142,18.928571428571427,non_garbage,off,after_timeout,6.349206349206349,5.0,6.0,73.33333333333333
MEM,23.0,31.0,1.3478260869565217,13.043478260869565,43.75,21.73913043478261,16.695652173913043,non_garbage,off,after_timeout,7.142857142857142,1.0,1.0,100.0
MIA,16.0,19.0,1.1875,31.25,59.375,31.25,21.1875,non_garbage,off,after_timeout,6.083650190114068,7.0,9.0,60.0
MIL,26.0,27.0,1.0384615384615385,19.230769230769234,52.0,15.384615384615385,16.46153846153846,non_garbage,off,after_timeout,5.531914893617021,11.0,13.0,33.33333333333333
MIN,80.0,98.0,1.225,17.5,51.92307692307693,18.75,18.6875,non_garbage,off,after_timeout,6.3141278610891876,3.0,7.0,83.33333333333334
NYK,100.0,105.0,1.05,20.0,54.02298850574713,12.0,18.63,non_garbage,off,after_timeout,6.176652254478073,10.0,8.0,40.0
OKC,113.0,119.0,1.0530973451327434,11.504424778761061,44.03669724770643,18.58407079646018,17.02654867256637,non_garbage,off,after_timeout,5.836776859504132,9.0,10.0,46.666666666666664
ORL,30.0,26.0,0.8666666666666667,10.0,36.36363636363637,13.333333333333334,21.433333333333334,non_garbage,off,after_timeout,7.109004739336493,15.0,2.0,6.666666666666667
BOS,58.0,58.0,1.0,13.793103448275861,44.827586206896555,12.068965517241379,20.086206896551722,non_garbage,def,after_timeout,6.575963718820861,5.0,3.0,73.33333333333333
CLE,39.0,48.0,1.2307692307692308,23.076923076923077,67.64705882352942,15.384615384615385,19.384615384615383,non_garbage,def,after_timeout,5.635838150289017,13.0,13.0,16.666666666666664
DEN,71.0,72.0,1.0140845070422535,15.492957746478872,44.02985074626866,19.718309859154928,17.450704225352112,non_garbage,def,after_timeout,5.887230514096186,6.0,9.0,66.66666666666666
DET,37.0,33.0,0.8918918918918919,18.91891891891892,51.724137931034484,5.405405405405405,19.08108108108108,non_garbage,def,after_timeout,6.423611111111111,2.0,4.0,93.33333333333333
GSW,61.0,65.0,1.0655737704918034,16.39344262295082,45.08196721311475,16.39344262295082,18.459016393442624,non_garbage,def,after_timeout,5.648148148148148,8.0,12.0,53.333333333333336
HOU,42.0,46.0,1.0952380952380953,19.047619047619047,53.94736842105263,14.285714285714285,18.904761904761905,non_garbage,def,after_timeout,6.919275123558484,9.0,2.0,46.666666666666664
IND,127.0,145.0,1.141732283464567,16.535433070866144,50.0,18.11023622047244,17.716535433070867,non_garbage,def,after_timeout,5.990566037735849,12.0,7.0,26.666666666666668
LAC,46.0,62.0,1.3478260869565217,15.217391304347828,53.191489361702125,26.08695652173913,19.304347826086957,non_garbage,def,after_timeout,7.6158940397351,15.0,1.0,6.666666666666667
LAL,26.0,32.0,1.2307692307692308,11.538461538461538,53.84615384615385,19.230769230769234,21.076923076923077,non_garbage,def,after_timeout,5.8558558558558556,13.0,10.0,16.666666666666664
MEM,16.0,12.0,0.75,6.25,32.35294117647059,12.5,18.75,non_garbage,def,after_timeout,4.984423676012461,1.0,15.0,100.0
MIA,15.0,17.0,1.1333333333333333,20.0,62.5,6.666666666666667,19.533333333333335,non_garbage,def,after_timeout,5.617977528089887,11.0,14.0,33.33333333333333
MIL,28.0,39.0,1.3928571428571428,14.285714285714285,72.0,7.142857142857142,18.714285714285715,non_garbage,def,after_timeout,5.797101449275362,16.0,11.0,0.0
MIN,77.0,76.0,0.987012987012987,12.987012987012985,44.303797468354425,16.883116883116884,18.571428571428573,non_garbage,def,after_timeout,6.101426307448494,4.0,6.0,80.0
NYK,102.0,104.0,1.0196078431372548,18.627450980392158,43.43434343434344,20.588235294117645,17.480392156862745,non_garbage,def,after_timeout,6.2692071296865395,7.0,5.0,60.0
OKC,114.0,129.0,1.131578947368421,14.912280701754385,42.72727272727273,18.421052631578945,17.62280701754386,non_garbage,def,after_timeout,5.9344091618948465,10.0,8.0,40.0
ORL,20.0,19.0,0.95,10.0,31.57894736842105,20.0,19.65,non_garbage,def,after_timeout,4.750593824228028,3.0,16.0,86.66666666666667
BOS,113.0,147.0,1.3008849557522124,9.734513274336283,26.71232876712329,100.0,21.539823008849556,non_garbage,off,offensive_rebound,12.710911136107987,4.0,8.0,80.0
CLE,100.0,135.0,1.35,11.0,29.63917525773196,100.0,19.63,non_garbage,off,offensive_rebound,14.47178002894356,2.0,1.0,93.33333333333333
DEN,161.0,199.0,1.236024844720497,10.559006211180124,26.11464968152866,100.0,22.422360248447205,non_garbage,off,offensive_rebound,13.316790736145576,10.0,6.0,40.0
DET,75.0,95.0,1.2666666666666666,16.0,29.577464788732392,100.0,19.04,non_garbage,off,offensive_rebound,12.99826689774697,7.0,7.0,60.0
GSW,134.0,173.0,1.291044776119403,11.940298507462686,27.44360902255639,100.0,21.70149253731343,non_garbage,off,offensive_rebound,12.570356472795496,6.0,10.0,66.66666666666666
HOU,82.0,98.0,1.1951219512195121,17.073170731707318,25.49019607843137,100.0,23.0609756097561,non_garbage,off,offensive_rebound,13.442622950819672,11.0,5.0,33.33333333333333
IND,219.0,274.0,1.2511415525114156,13.24200913242009,27.974683544303797,100.0,21.52054794520548,non_garbage,off,offensive_rebound,10.257611241217798,9.0,15.0,46.666666666666664
LAC,74.0,80.0,1.0810810810810811,10.81081081081081,24.46808510638298,100.0,20.986486486486488,non_garbage,off,offensive_rebound,12.416107382550337,15.0,12.0,6.666666666666667
LAL,44.0,68.0,1.5454545454545454,11.363636363636363,32.53012048192771,100.0,22.136363636363637,non_garbage,off,offensive_rebound,9.977324263038549,1.0,16.0,100.0
MEM,40.0,42.0,1.05,25.0,23.88059701492537,100.0,20.05,non_garbage,off,offensive_rebound,12.422360248447205,16.0,11.0,0.0
MIA,30.0,35.0,1.1666666666666667,16.666666666666664,29.09090909090909,100.0,23.866666666666667,non_garbage,off,offensive_rebound,11.406844106463879,12.0,13.0,26.666666666666668
MIL,49.0,62.0,1.2653061224489797,12.244897959183673,26.923076923076923,100.0,19.551020408163264,non_garbage,off,offensive_rebound,10.425531914893616,8.0,14.0,53.333333333333336
MIN,172.0,229.0,1.3313953488372092,17.441860465116278,27.743902439024392,100.0,22.552325581395348,non_garbage,off,offensive_rebound,13.575374901341753,3.0,4.0,86.66666666666667
NYK,221.0,287.0,1.2986425339366516,12.669683257918551,29.439252336448597,100.0,21.574660633484164,non_garbage,off,offensive_rebound,13.650401482396541,5.0,3.0,73.33333333333333
OKC,245.0,280.0,1.1428571428571428,14.69387755102041,25.110619469026545,100.0,20.59591836734694,non_garbage,off,offensive_rebound,12.65495867768595,13.0,9.0,20.0
ORL,61.0,69.0,1.1311475409836065,9.836065573770492,22.31404958677686,100.0,23.0,non_garbage,off,offensive_rebound,14.454976303317535,14.0,2.0,13.333333333333334
BOS,130.0,154.0,1.1846153846153846,9.230769230769232,24.901960784313726,100.0,22.0,non_garbage,def,offensive_rebound,14.73922902494331,4.0,2.0,80.0
CLE,67.0,85.0,1.2686567164179106,16.417910447761194,31.779661016949152,100.0,21.71641791044776,non_garbage,def,offensive_rebound,9.68208092485549,10.0,15.0,40.0
DEN,155.0,170.0,1.096774193548387,12.903225806451612,24.912280701754387,100.0,19.767741935483873,non_garbage,def,offensive_rebound,12.85240464344942,1.0,5.0,100.0
DET,73.0,103.0,1.4109589041095891,17.80821917808219,33.33333333333333,100.0,20.876712328767123,non_garbage,def,offensive_rebound,12.67361111111111,15.0,7.0,6.666666666666667
GSW,138.0,165.0,1.1956521739130435,15.942028985507244,26.07003891050584,100.0,22.86231884057971,non_garbage,def,offensive_rebound,12.777777777777777,5.0,6.0,73.33333333333333
HOU,68.0,89.0,1.3088235294117647,10.294117647058822,26.95035460992908,100.0,21.36764705882353,non_garbage,def,offensive_rebound,11.202635914332784,11.0,14.0,33.33333333333333
IND,274.0,342.0,1.2481751824817517,10.948905109489052,27.11864406779661,100.0,20.985401459854014,non_garbage,def,offensive_rebound,12.924528301886792,8.0,4.0,53.333333333333336
LAC,84.0,106.0,1.2619047619047619,10.714285714285714,26.08695652173913,100.0,22.071428571428573,non_garbage,def,offensive_rebound,13.90728476821192,9.0,3.0,46.666666666666664
LAL,71.0,98.0,1.380281690140845,15.492957746478872,29.432624113475175,100.0,23.197183098591548,non_garbage,def,offensive_rebound,15.99099099099099,14.0,1.0,13.333333333333334
MEM,40.0,45.0,1.125,12.5,22.36842105263158,100.0,20.775,non_garbage,def,offensive_rebound,12.461059190031152,2.0,9.0,93.33333333333333
MIA,33.0,47.0,1.4242424242424243,18.181818181818183,33.60655737704918,100.0,19.181818181818183,non_garbage,def,offensive_rebound,12.359550561797752,16.0,10.0,0.0
MIL,41.0,47.0,1.146341463414634,12.195121951219512,28.205128205128204,100.0,23.536585365853657,non_garbage,def,offensive_rebound,8.488612836438923,3.0,16.0,86.66666666666667
MIN,155.0,204.0,1.3161290322580645,14.838709677419354,28.719723183391004,100.0,22.309677419354838,non_garbage,def,offensive_rebound,12.282091917591126,12.0,12.0,26.666666666666668
NYK,201.0,268.0,1.3333333333333333,11.442786069651742,28.79581151832461,100.0,20.492537313432837,non_garbage,def,offensive_rebound,12.354025814382299,13.0,11.0,20.0
OKC,241.0,290.0,1.2033195020746887,17.012448132780083,25.225225225225223,100.0,21.485477178423235,non_garbage,def,offensive_rebound,12.54554919312858,6.0,8.0,66.66666666666666
ORL,49.0,60.0,1.2244897959183674,12.244897959183673,25.0,100.0,22.448979591836736,non_garbage,def,offensive_rebound,11.63895486935867,7.0,13.0,60.0
BOS,272.0,245.0,0.9007352941176471,12.132352941176471,47.161572052401745,0.0,22.363970588235293,non_garbage,off,late_clock_18s_plus,30.59617547806524,6.0,7.0,66.66666666666666
CLE,146.0,134.0,0.9178082191780822,7.534246575342466,46.8503937007874,0.0,21.232876712328768,non_garbage,off,late_clock_18s_plus,21.1287988422576,5.0,16.0,73.33333333333333
DEN,399.0,348.0,0.8721804511278195,12.781954887218044,47.13855421686747,0.0,22.040100250626566,non_garbage,off,late_clock_18s_plus,33.002481389578165,8.0,5.0,53.333333333333336
DET,162.0,140.0,0.8641975308641975,12.962962962962962,44.53125,0.0,21.80246913580247,non_garbage,off,late_clock_18s_plus,28.07625649913345,10.0,11.0,40.0
GSW,319.0,245.0,0.768025078369906,12.225705329153605,39.78102189781022,0.0,22.163009404388713,non_garbage,off,late_clock_18s_plus,29.924953095684803,14.0,8.0,13.333333333333334
HOU,179.0,140.0,0.7821229050279329,12.290502793296088,41.78082191780822,0.0,22.70949720670391,non_garbage,off,late_clock_18s_plus,29.34426229508197,13.0,9.0,20.0
IND,555.0,517.0,0.9315315315315316,10.63063063063063,48.056155507559396,0.0,21.91891891891892,non_garbage,off,late_clock_18s_plus,25.995316159250585,4.0,13.0,80.0
LAC,199.0,191.0,0.9597989949748744,9.045226130653267,50.57471264367817,0.0,23.09045226130653,non_garbage,off,late_clock_18s_plus,33.38926174496644,2.0,4.0,93.33333333333333
LAL,156.0,126.0,0.8076923076923077,13.461538461538462,41.015625,0.0,21.884615384615383,non_garbage,off,late_clock_18s_plus,35.374149659863946,12.0,2.0,26.666666666666668
MEM,93.0,68.0,0.7311827956989247,9.67741935483871,34.93975903614458,0.0,22.172043010752688,non_garbage,off,late_clock_18s_plus,28.88198757763975,16.0,10.0,0.0
MIA,96.0,92.0,0.9583333333333334,15.625,55.69620253164557,0.0,22.864583333333332,non_garbage,off,late_clock_18s_plus,36.50190114068441,3.0,1.0,86.66666666666667
MIL,120.0,92.0,0.7666666666666667,10.833333333333334,41.17647058823529,0.0,21.483333333333334,non_garbage,off,late_clock_18s_plus,25.53191489361702,15.0,14.0,6.666666666666667
MIN,355.0,319.0,0.8985915492957747,10.985915492957748,46.93877551020408,0.0,21.633802816901408,non_garbage,off,late_clock_18s_plus,28.018942383583266,7.0,12.0,60.0
NYK,544.0,558.0,1.025735294117647,9.742647058823529,52.75330396475771,0.0,22.40625,non_garbage,off,late_clock_18s_plus,33.600988264360716,1.0,3.0,100.0
OKC,410.0,349.0,0.8512195121951219,9.75609756097561,43.01994301994302,0.0,21.070731707317073,non_garbage,off,late_clock_18s_plus,21.17768595041322,11.0,15.0,33.33333333333333
ORL,136.0,118.0,0.8676470588235294,7.352941176470589,44.354838709677416,0.0,22.977941176470587,non_garbage,off,late_clock_18s_plus,32.22748815165877,9.0,6.0,46.666666666666664
BOS,274.0,268.0,0.9781021897810219,8.394160583941606,50.416666666666664,0.0,22.67153284671533,non_garbage,def,late_clock_18s_plus,31.065759637188208,15.0,5.0,6.666666666666667
CLE,226.0,223.0,0.9867256637168141,13.274336283185843,54.45026178010471,0.0,22.34070796460177,non_garbage,def,late_clock_18s_plus,32.65895953757225,16.0,4.0,0.0
DEN,312.0,287.0,0.9198717948717948,10.256410256410255,48.88475836431227,0.0,22.362179487179485,non_garbage,def,late_clock_18s_plus,25.870646766169152,9.0,13.0,46.666666666666664
DET,199.0,177.0,0.8894472361809045,9.045226130653267,43.96551724137931,0.0,22.819095477386934,non_garbage,def,late_clock_18s_plus,34.54861111111111,6.0,1.0,66.66666666666666
GSW,302.0,246.0,0.8145695364238411,12.582781456953644,42.943548387096776,0.0,22.192052980132452,non_garbage,def,late_clock_18s_plus,27.962962962962962,2.0,11.0,93.33333333333333
HOU,185.0,152.0,0.8216216216216217,11.351351351351353,43.373493975903614,0.0,22.27027027027027,non_garbage,def,late_clock_18s_plus,30.477759472817134,3.0,6.0,86.66666666666667
IND,574.0,530.0,0.9233449477351916,10.104529616724738,47.45762711864407,0.0,21.538327526132406,non_garbage,def,late_clock_18s_plus,27.07547169811321,10.0,12.0,40.0
LAC,200.0,181.0,0.905,13.0,50.294117647058826,0.0,22.335,non_garbage,def,late_clock_18s_plus,33.11258278145696,8.0,3.0,53.333333333333336
LAL,135.0,127.0,0.9407407407407408,10.37037037037037,49.53703703703704,0.0,21.91111111111111,non_garbage,def,late_clock_18s_plus,30.405405405405407,11.0,8.0,33.33333333333333
MEM,55.0,49.0,0.8909090909090909,0.0,44.230769230769226,0.0,21.163636363636364,non_garbage,def,late_clock_18s_plus,17.133956386292834,7.0,16.0,60.0
MIA,64.0,61.0,0.953125,7.8125,50.0,0.0,21.390625,non_garbage,def,late_clock_18s_plus,23.970037453183522,13.0,15.0,20.0
MIL,147.0,142.0,0.9659863945578231,5.442176870748299,46.92307692307692,0.0,22.462585034013607,non_garbage,def,late_clock_18s_plus,30.434782608695656,14.0,7.0,13.333333333333334
MIN,367.0,289.0,0.7874659400544959,13.079019073569482,39.43894389438944,0.0,21.70027247956403,non_garbage,def,late_clock_18s_plus,29.08082408874802,1.0,9.0,100.0
NYK,411.0,361.0,0.878345498783455,11.678832116788321,45.359281437125745,0.0,21.875912408759124,non_garbage,def,late_clock_18s_plus,25.26121696373694,5.0,14.0,73.33333333333333
OKC,545.0,452.0,0.8293577981651377,12.293577981651376,42.888888888888886,0.0,21.75045871559633,non_garbage,def,late_clock_18s_plus,28.37064029151484,4.0,10.0,80.0
ORL,145.0,137.0,0.9448275862068966,12.413793103448276,49.59349593495935,0.0,22.43448275862069,non_garbage,def,late_clock_18s_plus,34.441805225653205,12.0,2.0,26.666666666666668
BOS,29.0,23.0,0.7931034482758621,17.24137931034483,25.862068965517242,20.689655172413794,16.75862068965517,non_garbage,off,clutch,3.262092238470191,15.0,10.0,6.666666666666667
CLE,18.0,26.0,1.4444444444444444,11.11111111111111,65.38461538461539,11.11111111111111,14.277777777777779,non_garbage,off,clutch,2.6049204052098407,3.0,11.0,86.66666666666667
DEN,63.0,75.0,1.1904761904761905,14.285714285714285,47.45762711864407,22.22222222222222,15.603174603174603,non_garbage,off,clutch,5.2109181141439205,7.0,4.0,60.0
DET,43.0,48.0,1.1162790697674418,20.930232558139537,61.29032258064516,9.30232558139535,14.604651162790697,non_garbage,off,clutch,7.452339688041594,9.0,1.0,46.666666666666664
GSW,16.0,22.0,1.375,6.25,46.875,25.0,17.3125,non_garbage,off,clutch,1.5009380863039399,4.0,16.0,80.0
HOU,11.0,10.0,0.9090909090909091,9.090909090909092,44.44444444444444,0.0,15.818181818181818,non_garbage,off,clutch,1.8032786885245904,12.0,15.0,26.666666666666668
IND,71.0,103.0,1.4507042253521127,4.225352112676056,52.77777777777778,22.535211267605636,15.352112676056338,non_garbage,off,clutch,3.3255269320843093,2.0,9.0,93.33333333333333
LAC,32.0,35.0,1.09375,21.875,61.53846153846154,9.375,16.09375,non_garbage,off,clutch,5.369127516778524,10.0,3.0,40.0
LAL,16.0,14.0,0.875,12.5,43.75,6.25,18.0625,non_garbage,off,clutch,3.6281179138321997,14.0,8.0,13.333333333333334
MEM,15.0,9.0,0.6,26.666666666666668,36.36363636363637,13.333333333333334,13.533333333333333,non_garbage,off,clutch,4.658385093167702,16.0,5.0,0.0
MIA,6.0,6.0,1.0,16.666666666666664,50.0,16.666666666666664,14.833333333333334,non_garbage,off,clutch,2.2813688212927756,11.0,14.0,33.33333333333333
MIL,21.0,26.0,1.2380952380952381,19.047619047619047,65.78947368421053,9.523809523809524,16.19047619047619,non_garbage,off,clutch,4.468085106382979,5.0,6.0,73.33333333333333
MIN,31.0,57.0,1.8387096774193548,12.903225806451612,74.13793103448276,16.129032258064516,15.193548387096774,non_garbage,off,clutch,2.44672454617206,1.0,12.0,100.0
NYK,94.0,109.0,1.1595744680851063,14.893617021276595,50.63291139240506,12.76595744680851,15.382978723404255,non_garbage,off,clutch,5.8060531192093885,8.0,2.0,53.333333333333336
OKC,77.0,94.0,1.2207792207792207,7.792207792207792,51.75438596491229,7.792207792207792,14.064935064935066,non_garbage,off,clutch,3.977272727272727,6.0,7.0,66.66666666666666
ORL,10.0,9.0,0.9,0.0,25.0,20.0,22.6,non_garbage,off,clutch,2.3696682464454977,13.0,13.0,20.0
BOS,34.0,39.0,1.1470588235294117,5.88235294117647,43.24324324324324,14.705882352941178,19.441176470588236,non_garbage,def,clutch,3.8548752834467117,6.0,7.0,66.66666666666666
CLE,12.0,23.0,1.9166666666666667,8.333333333333332,71.42857142857143,33.33333333333333,16.583333333333332,non_garbage,def,clutch,1.7341040462427744,15.0,15.0,6.666666666666667
DEN,66.0,76.0,1.1515151515151516,13.636363636363635,54.310344827586206,12.121212121212121,15.515151515151516,non_garbage,def,clutch,5.472636815920398,7.0,3.0,56.666666666666664
DET,40.0,49.0,1.225,10.0,57.14285714285714,12.5,15.2,non_garbage,def,clutch,6.944444444444445,10.0,1.0,40.0
GSW,18.0,22.0,1.2222222222222223,22.22222222222222,57.14285714285714,11.11111111111111,15.277777777777779,non_garbage,def,clutch,1.6666666666666667,9.0,16.0,46.666666666666664
HOU,11.0,20.0,1.8181818181818181,0.0,62.5,27.27272727272727,17.09090909090909,non_garbage,def,clutch,1.8121911037891267,14.0,14.0,13.333333333333334
IND,76.0,86.0,1.131578947368421,21.052631578947366,50.0,11.842105263157894,14.355263157894736,non_garbage,def,clutch,3.5849056603773586,5.0,9.0,73.33333333333333
LAC,33.0,38.0,1.1515151515151516,21.21212121212121,45.3125,30.303030303030305,16.87878787878788,non_garbage,def,clutch,5.4635761589403975,7.0,4.0,56.666666666666664
LAL,17.0,34.0,2.0,5.88235294117647,84.375,5.88235294117647,17.58823529411765,non_garbage,def,clutch,3.8288288288288284,16.0,8.0,0.0
MEM,17.0,18.0,1.0588235294117647,5.88235294117647,50.0,0.0,11.823529411764707,non_garbage,def,clutch,5.29595015576324,1.0,5.0,100.0
MIA,9.0,14.0,1.5555555555555556,0.0,71.42857142857143,0.0,16.88888888888889,non_garbage,def,clutch,3.3707865168539324,13.0,11.0,20.0
MIL,20.0,28.0,1.4,0.0,47.91666666666667,25.0,18.25,non_garbage,def,clutch,4.140786749482402,11.0,6.0,33.33333333333333
MIN,31.0,33.0,1.064516129032258,12.903225806451612,48.0,6.451612903225806,16.387096774193548,non_garbage,def,clutch,2.456418383518225,2.0,12.0,90.0
NYK,93.0,99.0,1.064516129032258,16.129032258064516,46.794871794871796,12.903225806451612,14.591397849462366,non_garbage,def,clutch,5.716041794714198,2.0,2.0,90.0
OKC,68.0,75.0,1.1029411764705883,10.294117647058822,45.0,17.647058823529413,13.897058823529411,non_garbage,def,clutch,3.5398230088495577,4.0,10.0,80.0
ORL,8.0,12.0,1.5,12.5,50.0,25.0,15.875,non_garbage,def,clutch,1.9002375296912115,12.0,13.0,26.666666666666668
