TEAM,OPPONENT,STARTTYPE,poss,points,ppp,tov_rate,efg,orb_poss,avg_seconds
BOS,NYK,Off Arc 3 Make,40.0,47.0,1.175,15.0,52.5,12.5,20.5
BOS,NYK,Off Arc 3 Miss,57.0,76.0,1.3333333333333333,14.035087719298245,60.18518518518518,14.035087719298245,12.543859649122806
BOS,NYK,Off At Rim Block,8.0,16.0,2.0,0.0,93.75,12.5,8.75
BOS,NYK,Off At Rim Make,69.0,75.0,1.0869565217391304,10.144927536231885,47.41379310344828,10.144927536231885,17.869565217391305
BOS,NYK,Off At Rim Miss,15.0,15.0,1.0,6.666666666666667,30.0,33.33333333333333,12.133333333333333
BOS,NYK,Off Block,12.0,10.0,0.8333333333333334,16.666666666666664,30.0,16.666666666666664,10.583333333333334
BOS,NYK,Off Corner 3 Make,20.0,27.0,1.35,30.0,73.52941176470588,15.0,20.35
BOS,NYK,Off Corner 3 Miss,12.0,9.0,0.75,16.666666666666664,37.5,16.666666666666664,13.583333333333334
BOS,NYK,Off Dead Ball,68.0,72.0,1.0588235294117647,11.76470588235294,45.13888888888889,16.176470588235293,17.470588235294116
BOS,NYK,Off FT Make,56.0,63.0,1.125,17.857142857142858,55.769230769230774,12.5,16.589285714285715
BOS,NYK,Off FT Miss,15.0,17.0,1.1333333333333333,6.666666666666667,50.0,6.666666666666667,16.4
BOS,NYK,Off Long Mid-Range Make,16.0,20.0,1.25,6.25,61.53846153846154,6.25,16.9375
BOS,NYK,Off Long Mid-Range Miss,24.0,29.0,1.2083333333333333,12.5,61.904761904761905,8.333333333333332,10.416666666666666
BOS,NYK,Off Short Mid-Range Make,43.0,49.0,1.1395348837209303,18.6046511627907,58.333333333333336,11.627906976744185,17.72093023255814
BOS,NYK,Off Short Mid-Range Miss,37.0,34.0,0.918918918918919,16.216216216216218,41.66666666666667,10.81081081081081,11.567567567567568
BOS,NYK,Off Steal,33.0,43.0,1.303030303030303,9.090909090909092,57.14285714285714,18.181818181818183,7.636363636363637
BOS,NYK,Off Timeout,34.0,29.0,0.8529411764705882,23.52941176470588,44.44444444444444,11.76470588235294,18.823529411764707
BOS,ORL,Off Arc 3 Make,30.0,27.0,0.9,10.0,37.096774193548384,16.666666666666664,21.166666666666668
BOS,ORL,Off Arc 3 Miss,55.0,67.0,1.2181818181818183,10.909090909090908,52.22222222222223,12.727272727272727,12.563636363636364
BOS,ORL,Off At Rim Block,2.0,0.0,0.0,50.0,0.0,0.0,10.0
BOS,ORL,Off At Rim Make,57.0,53.0,0.9298245614035088,22.807017543859647,45.65217391304348,8.771929824561402,19.57894736842105
BOS,ORL,Off At Rim Miss,7.0,9.0,1.2857142857142858,0.0,64.28571428571429,0.0,7.571428571428571
BOS,ORL,Off Block,10.0,18.0,1.8,0.0,85.0,0.0,10.9
BOS,ORL,Off Corner 3 Make,7.0,7.0,1.0,42.857142857142854,70.0,14.285714285714285,22.142857142857142
BOS,ORL,Off Corner 3 Miss,18.0,29.0,1.6111111111111112,5.555555555555555,67.64705882352942,16.666666666666664,11.777777777777779
BOS,ORL,Off Dead Ball,36.0,42.0,1.1666666666666667,19.444444444444446,60.3448275862069,8.333333333333332,16.97222222222222
BOS,ORL,Off FT Make,38.0,35.0,0.9210526315789473,18.421052631578945,44.642857142857146,5.263157894736842,18.86842105263158
BOS,ORL,Off FT Miss,10.0,8.0,0.8,30.0,43.75,10.0,17.7
BOS,ORL,Off Long Mid-Range Make,25.0,33.0,1.32,4.0,59.25925925925925,8.0,19.96
BOS,ORL,Off Long Mid-Range Miss,26.0,38.0,1.4615384615384615,7.6923076923076925,60.526315789473685,7.6923076923076925,12.923076923076923
BOS,ORL,Off Short Mid-Range Make,36.0,46.0,1.2777777777777777,19.444444444444446,56.451612903225815,16.666666666666664,18.5
BOS,ORL,Off Short Mid-Range Miss,29.0,45.0,1.5517241379310345,6.896551724137931,61.66666666666667,17.24137931034483,12.586206896551724
BOS,ORL,Off Steal,37.0,52.0,1.4054054054054055,18.91891891891892,75.0,13.513513513513514,10.027027027027026
BOS,ORL,Off Timeout,21.0,19.0,0.9047619047619048,9.523809523809524,30.0,19.047619047619047,19.857142857142858
CLE,IND,Off Arc 3 Make,35.0,36.0,1.0285714285714285,17.142857142857142,51.724137931034484,8.571428571428571,15.742857142857142
CLE,IND,Off Arc 3 Miss,42.0,58.0,1.380952380952381,4.761904761904762,53.40909090909091,21.428571428571427,11.785714285714286
CLE,IND,Off At Rim Block,5.0,6.0,1.2,40.0,62.5,20.0,6.8
CLE,IND,Off At Rim Make,53.0,61.0,1.150943396226415,15.09433962264151,50.0,15.09433962264151,17.32075471698113
CLE,IND,Off At Rim Miss,21.0,19.0,0.9047619047619048,23.809523809523807,45.83333333333333,4.761904761904762,9.428571428571429
CLE,IND,Off Block,5.0,11.0,2.2,20.0,110.00000000000001,20.0,8.8
CLE,IND,Off Corner 3 Make,22.0,21.0,0.9545454545454546,18.181818181818183,42.857142857142854,18.181818181818183,16.59090909090909
CLE,IND,Off Corner 3 Miss,26.0,24.0,0.9230769230769231,3.8461538461538463,37.5,11.538461538461538,10.576923076923077
CLE,IND,Off Dead Ball,57.0,72.0,1.263157894736842,12.280701754385964,56.00000000000001,10.526315789473683,14.701754385964913
CLE,IND,Off FT Make,47.0,50.0,1.0638297872340425,19.148936170212767,45.714285714285715,10.638297872340425,15.48936170212766
CLE,IND,Off FT Miss,7.0,5.0,0.7142857142857143,28.57142857142857,40.0,14.285714285714285,15.857142857142858
CLE,IND,Off Long Mid-Range Make,13.0,19.0,1.4615384615384615,7.6923076923076925,47.05882352941176,30.76923076923077,16.615384615384617
CLE,IND,Off Long Mid-Range Miss,14.0,18.0,1.2857142857142858,7.142857142857142,63.63636363636363,7.142857142857142,11.142857142857142
CLE,IND,Off Short Mid-Range Make,52.0,64.0,1.2307692307692308,15.384615384615385,59.57446808510638,15.384615384615385,15.942307692307692
CLE,IND,Off Short Mid-Range Miss,32.0,29.0,0.90625,12.5,26.666666666666668,28.125,13.3125
CLE,IND,Off Steal,38.0,43.0,1.131578947368421,10.526315789473683,43.90243902439025,18.421052631578945,11.289473684210526
CLE,IND,Off Timeout,27.0,34.0,1.2592592592592593,14.814814814814813,50.0,18.51851851851852,17.666666666666668
CLE,MIA,Off Arc 3 Make,32.0,41.0,1.28125,6.25,56.25,9.375,18.96875
CLE,MIA,Off Arc 3 Miss,49.0,67.0,1.3673469387755102,12.244897959183673,59.57446808510638,16.3265306122449,13.183673469387756
CLE,MIA,Off At Rim Block,1.0,2.0,2.0,0.0,100.0,0.0,6.0
CLE,MIA,Off At Rim Make,29.0,38.0,1.3103448275862069,10.344827586206897,65.21739130434783,3.4482758620689653,15.448275862068966
CLE,MIA,Off At Rim Miss,7.0,14.0,2.0,0.0,65.0,42.857142857142854,14.285714285714286
CLE,MIA,Off Block,3.0,7.0,2.3333333333333335,0.0,116.66666666666667,0.0,11.666666666666666
CLE,MIA,Off Corner 3 Make,15.0,27.0,1.8,13.333333333333334,85.71428571428571,13.333333333333334,18.933333333333334
CLE,MIA,Off Corner 3 Miss,24.0,37.0,1.5416666666666667,8.333333333333332,57.99999999999999,29.166666666666668,14.416666666666666
CLE,MIA,Off Dead Ball,40.0,37.0,0.925,12.5,42.10526315789473,10.0,16.25
CLE,MIA,Off FT Make,16.0,19.0,1.1875,25.0,57.14285714285714,18.75,16.75
CLE,MIA,Off FT Miss,8.0,7.0,0.875,25.0,28.57142857142857,25.0,14.5
CLE,MIA,Off Long Mid-Range Make,7.0,11.0,1.5714285714285714,0.0,68.75,14.285714285714285,17.285714285714285
CLE,MIA,Off Long Mid-Range Miss,16.0,25.0,1.5625,12.5,78.57142857142857,12.5,11.9375
CLE,MIA,Off Short Mid-Range Make,45.0,70.0,1.5555555555555556,13.333333333333334,78.94736842105263,8.88888888888889,15.6
CLE,MIA,Off Short Mid-Range Miss,21.0,25.0,1.1904761904761905,4.761904761904762,57.14285714285714,9.523809523809524,10.857142857142858
CLE,MIA,Off Steal,38.0,58.0,1.5263157894736843,5.263157894736842,72.72727272727273,7.894736842105263,8.68421052631579
CLE,MIA,Off Timeout,17.0,19.0,1.1176470588235294,17.647058823529413,60.71428571428571,11.76470588235294,19.11764705882353
DEN,LAC,Off Arc 3 Make,43.0,49.0,1.1395348837209303,20.930232558139537,60.810810810810814,9.30232558139535,20.0
DEN,LAC,Off Arc 3 Miss,61.0,79.0,1.2950819672131149,8.19672131147541,59.82142857142857,14.754098360655737,12.37704918032787
DEN,LAC,Off At Rim Block,7.0,7.0,1.0,28.57142857142857,50.0,14.285714285714285,9.0
DEN,LAC,Off At Rim Make,81.0,71.0,0.8765432098765432,22.22222222222222,46.32352941176471,8.641975308641975,20.51851851851852
DEN,LAC,Off At Rim Miss,19.0,26.0,1.368421052631579,21.052631578947366,86.66666666666667,0.0,10.368421052631579
DEN,LAC,Off Block,6.0,12.0,2.0,0.0,66.66666666666666,16.666666666666664,11.666666666666666
DEN,LAC,Off Corner 3 Make,21.0,29.0,1.380952380952381,4.761904761904762,60.526315789473685,9.523809523809524,19.333333333333332
DEN,LAC,Off Corner 3 Miss,33.0,37.0,1.121212121212121,15.151515151515152,58.92857142857143,6.0606060606060606,11.424242424242424
DEN,LAC,Off Dead Ball,50.0,54.0,1.08,18.0,45.65217391304348,18.0,16.58
DEN,LAC,Off FT Make,46.0,47.0,1.0217391304347827,23.91304347826087,50.0,17.391304347826086,17.652173913043477
DEN,LAC,Off FT Miss,20.0,23.0,1.15,15.0,58.333333333333336,10.0,16.1
DEN,LAC,Off Long Mid-Range Make,13.0,15.0,1.1538461538461537,30.76923076923077,83.33333333333334,0.0,16.153846153846153
DEN,LAC,Off Long Mid-Range Miss,13.0,10.0,0.7692307692307693,15.384615384615385,31.818181818181817,7.6923076923076925,11.692307692307692
DEN,LAC,Off Short Mid-Range Make,73.0,95.0,1.3013698630136987,10.95890410958904,64.39393939393939,10.95890410958904,19.84931506849315
DEN,LAC,Off Short Mid-Range Miss,58.0,75.0,1.293103448275862,5.172413793103448,50.806451612903224,18.96551724137931,12.568965517241379
DEN,LAC,Off Steal,51.0,56.0,1.0980392156862746,11.76470588235294,47.27272727272727,23.52941176470588,9.627450980392156
DEN,LAC,Off Timeout,49.0,68.0,1.3877551020408163,14.285714285714285,56.00000000000001,24.489795918367346,19.3265306122449
DEN,OKC,Off Arc 3 Make,45.0,37.0,0.8222222222222222,17.77777777777778,38.75,13.333333333333334,20.644444444444446
DEN,OKC,Off Arc 3 Miss,84.0,84.0,1.0,16.666666666666664,40.41095890410959,16.666666666666664,11.571428571428571
DEN,OKC,Off At Rim Block,9.0,8.0,0.8888888888888888,11.11111111111111,43.75,11.11111111111111,9.666666666666666
DEN,OKC,Off At Rim Make,93.0,107.0,1.1505376344086022,18.27956989247312,54.32098765432099,12.903225806451612,18.537634408602152
DEN,OKC,Off At Rim Miss,28.0,30.0,1.0714285714285714,25.0,60.0,7.142857142857142,10.285714285714286
DEN,OKC,Off Block,10.0,7.0,0.7,30.0,37.5,20.0,13.3
DEN,OKC,Off Corner 3 Make,28.0,21.0,0.75,28.57142857142857,33.33333333333333,21.428571428571427,20.464285714285715
DEN,OKC,Off Corner 3 Miss,25.0,27.0,1.08,24.0,58.69565217391305,12.0,11.6
DEN,OKC,Off Dead Ball,57.0,63.0,1.105263157894737,17.543859649122805,54.71698113207547,10.526315789473683,16.24561403508772
DEN,OKC,Off FT Make,62.0,67.0,1.0806451612903225,11.29032258064516,50.96153846153846,8.064516129032258,15.35483870967742
DEN,OKC,Off FT Miss,15.0,18.0,1.2,13.333333333333334,52.94117647058824,20.0,19.666666666666668
DEN,OKC,Off Long Mid-Range Make,22.0,28.0,1.2727272727272727,18.181818181818183,61.904761904761905,18.181818181818183,20.818181818181817
DEN,OKC,Off Long Mid-Range Miss,27.0,35.0,1.2962962962962963,14.814814814814813,47.82608695652174,18.51851851851852,11.444444444444445
DEN,OKC,Off Short Mid-Range Make,60.0,74.0,1.2333333333333334,11.666666666666666,50.0,15.0,19.0
DEN,OKC,Off Short Mid-Range Miss,46.0,43.0,0.9347826086956522,28.26086956521739,51.470588235294116,8.695652173913043,12.58695652173913
DEN,OKC,Off Steal,51.0,51.0,1.0,17.647058823529413,48.78048780487805,11.76470588235294,10.411764705882353
DEN,OKC,Off Timeout,42.0,44.0,1.0476190476190477,9.523809523809524,39.473684210526315,9.523809523809524,18.428571428571427
DET,NYK,Off Arc 3 Make,39.0,57.0,1.4615384615384615,15.384615384615385,70.0,15.384615384615385,17.923076923076923
DET,NYK,Off Arc 3 Miss,49.0,70.0,1.4285714285714286,8.16326530612245,61.224489795918366,18.367346938775512,11.489795918367347
DET,NYK,Off At Rim Block,12.0,18.0,1.5,16.666666666666664,65.38461538461539,25.0,6.916666666666667
DET,NYK,Off At Rim Make,73.0,68.0,0.9315068493150684,21.91780821917808,45.83333333333333,13.698630136986301,16.931506849315067
DET,NYK,Off At Rim Miss,21.0,33.0,1.5714285714285714,19.047619047619047,82.14285714285714,9.523809523809524,6.761904761904762
DET,NYK,Off Block,4.0,4.0,1.0,0.0,33.33333333333333,50.0,11.25
DET,NYK,Off Corner 3 Make,17.0,24.0,1.411764705882353,0.0,50.0,11.76470588235294,19.352941176470587
DET,NYK,Off Corner 3 Miss,26.0,22.0,0.8461538461538461,15.384615384615385,41.66666666666667,0.0,10.076923076923077
DET,NYK,Off Dead Ball,64.0,61.0,0.953125,20.3125,46.15384615384615,12.5,15.140625
DET,NYK,Off FT Make,45.0,34.0,0.7555555555555555,20.0,32.857142857142854,8.88888888888889,16.533333333333335
DET,NYK,Off FT Miss,13.0,9.0,0.6923076923076923,30.76923076923077,31.25,7.6923076923076925,15.615384615384615
DET,NYK,Off Long Mid-Range Make,16.0,18.0,1.125,12.5,47.05882352941176,18.75,18.25
DET,NYK,Off Long Mid-Range Miss,28.0,28.0,1.0,14.285714285714285,44.0,17.857142857142858,10.142857142857142
DET,NYK,Off Short Mid-Range Make,52.0,48.0,0.9230769230769231,11.538461538461538,47.77777777777778,1.9230769230769231,19.26923076923077
DET,NYK,Off Short Mid-Range Miss,40.0,44.0,1.1,20.0,50.0,20.0,10.475
DET,NYK,Off Steal,40.0,56.0,1.4,17.5,66.66666666666666,7.5,6.55
DET,NYK,Off Timeout,38.0,46.0,1.2105263157894737,23.684210526315788,52.77777777777778,21.052631578947366,17.0
GSW,HOU,Off Arc 3 Make,47.0,64.0,1.3617021276595744,6.382978723404255,64.13043478260869,8.51063829787234,16.340425531914892
GSW,HOU,Off Arc 3 Miss,52.0,69.0,1.3269230769230769,7.6923076923076925,57.01754385964912,17.307692307692307,13.134615384615385
GSW,HOU,Off At Rim Block,6.0,6.0,1.0,50.0,100.0,0.0,6.0
GSW,HOU,Off At Rim Make,70.0,66.0,0.9428571428571428,15.714285714285714,40.44117647058824,14.285714285714285,17.757142857142856
GSW,HOU,Off At Rim Miss,16.0,18.0,1.125,18.75,60.0,12.5,10.125
GSW,HOU,Off Block,9.0,10.0,1.1111111111111112,11.11111111111111,45.45454545454545,33.33333333333333,10.777777777777779
GSW,HOU,Off Corner 3 Make,15.0,15.0,1.0,20.0,58.333333333333336,0.0,20.333333333333332
GSW,HOU,Off Corner 3 Miss,22.0,38.0,1.7272727272727273,9.090909090909092,77.5,13.636363636363635,10.681818181818182
GSW,HOU,Off Dead Ball,62.0,55.0,0.8870967741935484,16.129032258064516,39.285714285714285,11.29032258064516,17.016129032258064
GSW,HOU,Off FT Make,63.0,60.0,0.9523809523809523,17.46031746031746,43.96551724137931,12.698412698412698,17.142857142857142
GSW,HOU,Off FT Miss,16.0,19.0,1.1875,12.5,60.71428571428571,6.25,13.4375
GSW,HOU,Off Long Mid-Range Make,14.0,7.0,0.5,7.142857142857142,23.333333333333332,14.285714285714285,20.714285714285715
GSW,HOU,Off Long Mid-Range Miss,17.0,18.0,1.0588235294117647,0.0,30.952380952380953,17.647058823529413,16.647058823529413
GSW,HOU,Off Short Mid-Range Make,69.0,82.0,1.1884057971014492,13.043478260869565,57.57575757575758,10.144927536231885,18.695652173913043
GSW,HOU,Off Short Mid-Range Miss,61.0,71.0,1.1639344262295082,16.39344262295082,55.55555555555556,9.836065573770492,11.934426229508198
GSW,HOU,Off Steal,59.0,82.0,1.3898305084745763,8.47457627118644,66.34615384615384,6.779661016949152,9.813559322033898
GSW,HOU,Off Timeout,44.0,48.0,1.0909090909090908,20.454545454545457,55.12820512820513,13.636363636363635,18.727272727272727
GSW,MIN,Off Arc 3 Make,42.0,39.0,0.9285714285714286,30.952380952380953,58.620689655172406,9.523809523809524,17.61904761904762
GSW,MIN,Off Arc 3 Miss,48.0,64.0,1.3333333333333333,16.666666666666664,66.66666666666666,8.333333333333332,11.541666666666666
GSW,MIN,Off At Rim Block,2.0,0.0,0.0,50.0,0.0,0.0,8.5
GSW,MIN,Off At Rim Make,76.0,78.0,1.0263157894736843,21.052631578947366,46.72131147540984,15.789473684210526,16.723684210526315
GSW,MIN,Off At Rim Miss,24.0,34.0,1.4166666666666667,25.0,71.42857142857143,16.666666666666664,10.791666666666666
GSW,MIN,Off Block,1.0,3.0,3.0,0.0,100.0,0.0,6.0
GSW,MIN,Off Corner 3 Make,14.0,15.0,1.0714285714285714,28.57142857142857,50.0,28.57142857142857,18.642857142857142
GSW,MIN,Off Corner 3 Miss,15.0,15.0,1.0,13.333333333333334,46.666666666666664,13.333333333333334,13.8
GSW,MIN,Off Dead Ball,62.0,46.0,0.7419354838709677,19.35483870967742,36.79245283018868,9.67741935483871,15.85483870967742
GSW,MIN,Off FT Make,38.0,38.0,1.0,13.157894736842104,42.64705882352941,13.157894736842104,16.973684210526315
GSW,MIN,Off FT Miss,8.0,8.0,1.0,25.0,66.66666666666666,0.0,17.75
GSW,MIN,Off Long Mid-Range Make,3.0,2.0,0.6666666666666666,33.33333333333333,50.0,0.0,18.0
GSW,MIN,Off Long Mid-Range Miss,5.0,8.0,1.6,0.0,83.33333333333334,0.0,6.0
GSW,MIN,Off Short Mid-Range Make,37.0,45.0,1.2162162162162162,2.7027027027027026,47.368421052631575,13.513513513513514,20.675675675675677
GSW,MIN,Off Short Mid-Range Miss,24.0,29.0,1.2083333333333333,16.666666666666664,62.5,8.333333333333332,13.083333333333334
GSW,MIN,Off Steal,44.0,60.0,1.3636363636363635,13.636363636363635,52.17391304347826,27.27272727272727,9.159090909090908
GSW,MIN,Off Timeout,33.0,25.0,0.7575757575757576,15.151515151515152,30.88235294117647,21.21212121212121,19.272727272727273
HOU,GSW,Off Arc 3 Make,75.0,94.0,1.2533333333333334,10.666666666666668,58.08823529411765,12.0,20.973333333333333
HOU,GSW,Off Arc 3 Miss,82.0,95.0,1.1585365853658536,9.75609756097561,47.19101123595505,17.073170731707318,14.146341463414634
HOU,GSW,Off At Rim Block,7.0,10.0,1.4285714285714286,0.0,50.0,14.285714285714285,7.571428571428571
HOU,GSW,Off At Rim Make,67.0,66.0,0.9850746268656716,17.91044776119403,49.01960784313725,8.955223880597014,17.238805970149254
HOU,GSW,Off At Rim Miss,17.0,22.0,1.2941176470588236,17.647058823529413,46.666666666666664,17.647058823529413,12.647058823529411
HOU,GSW,Off Block,7.0,6.0,0.8571428571428571,14.285714285714285,41.66666666666667,14.285714285714285,7.714285714285714
HOU,GSW,Off Corner 3 Make,25.0,20.0,0.8,20.0,43.18181818181818,12.0,21.16
HOU,GSW,Off Corner 3 Miss,43.0,58.0,1.3488372093023255,23.25581395348837,77.41935483870968,9.30232558139535,13.395348837209303
HOU,GSW,Off Dead Ball,61.0,87.0,1.4262295081967213,13.114754098360656,57.49999999999999,21.311475409836063,17.80327868852459
HOU,GSW,Off FT Make,38.0,39.0,1.0263157894736843,18.421052631578945,47.22222222222222,15.789473684210526,15.289473684210526
HOU,GSW,Off FT Miss,10.0,8.0,0.8,10.0,43.75,0.0,16.9
HOU,GSW,Off Long Mid-Range Make,13.0,16.0,1.2307692307692308,30.76923076923077,62.5,23.076923076923077,18.384615384615383
HOU,GSW,Off Long Mid-Range Miss,17.0,15.0,0.8823529411764706,5.88235294117647,34.375,5.88235294117647,15.294117647058824
HOU,GSW,Off Short Mid-Range Make,47.0,35.0,0.7446808510638298,19.148936170212767,29.72972972972973,14.893617021276595,19.51063829787234
HOU,GSW,Off Short Mid-Range Miss,41.0,43.0,1.048780487804878,12.195121951219512,48.484848484848484,9.75609756097561,12.853658536585366
HOU,GSW,Off Steal,55.0,77.0,1.4,12.727272727272727,71.5909090909091,9.090909090909092,7.5636363636363635
HOU,GSW,Off Timeout,34.0,34.0,1.0,14.705882352941178,40.27777777777778,17.647058823529413,18.941176470588236
IND,CLE,Off Arc 3 Make,36.0,38.0,1.0555555555555556,5.555555555555555,50.0,5.555555555555555,18.583333333333332
IND,CLE,Off Arc 3 Miss,64.0,83.0,1.296875,15.625,66.34615384615384,9.375,11.203125
IND,CLE,Off At Rim Block,11.0,15.0,1.3636363636363635,18.181818181818183,85.71428571428571,0.0,5.909090909090909
IND,CLE,Off At Rim Make,61.0,77.0,1.2622950819672132,9.836065573770492,57.692307692307686,8.19672131147541,16.42622950819672
IND,CLE,Off At Rim Miss,19.0,22.0,1.1578947368421053,21.052631578947366,64.28571428571429,5.263157894736842,10.947368421052632
IND,CLE,Off Block,10.0,12.0,1.2,10.0,61.111111111111114,0.0,7.4
IND,CLE,Off Corner 3 Make,13.0,14.0,1.0769230769230769,30.76923076923077,57.14285714285714,0.0,20.76923076923077
IND,CLE,Off Corner 3 Miss,15.0,14.0,0.9333333333333333,6.666666666666667,40.0,13.333333333333334,13.8
IND,CLE,Off Dead Ball,52.0,64.0,1.2307692307692308,13.461538461538462,60.46511627906976,5.769230769230769,16.0
IND,CLE,Off FT Make,64.0,64.0,1.0,15.625,50.89285714285714,9.375,16.140625
IND,CLE,Off FT Miss,14.0,21.0,1.5,28.57142857142857,90.9090909090909,14.285714285714285,14.285714285714286
IND,CLE,Off Long Mid-Range Make,2.0,2.0,1.0,0.0,50.0,0.0,21.0
IND,CLE,Off Long Mid-Range Miss,10.0,13.0,1.3,20.0,68.75,20.0,10.7
IND,CLE,Off Short Mid-Range Make,43.0,44.0,1.0232558139534884,13.953488372093023,51.35135135135135,6.976744186046512,17.186046511627907
IND,CLE,Off Short Mid-Range Miss,28.0,35.0,1.25,14.285714285714285,55.55555555555556,14.285714285714285,9.535714285714286
IND,CLE,Off Steal,32.0,39.0,1.21875,15.625,61.111111111111114,9.375,10.6875
IND,CLE,Off Timeout,26.0,31.0,1.1923076923076923,15.384615384615385,69.04761904761905,3.8461538461538463,18.46153846153846
IND,MIL,Off Arc 3 Make,45.0,49.0,1.0888888888888888,15.555555555555555,60.526315789473685,4.444444444444445,18.511111111111113
IND,MIL,Off Arc 3 Miss,57.0,73.0,1.280701754385965,7.017543859649122,53.92156862745098,10.526315789473683,13.140350877192983
IND,MIL,Off At Rim Block,6.0,14.0,2.3333333333333335,0.0,110.00000000000001,0.0,8.166666666666666
IND,MIL,Off At Rim Make,57.0,84.0,1.4736842105263157,3.508771929824561,66.0377358490566,7.017543859649122,17.982456140350877
IND,MIL,Off At Rim Miss,16.0,27.0,1.6875,6.25,81.25,6.25,9.4375
IND,MIL,Off Block,9.0,13.0,1.4444444444444444,11.11111111111111,68.75,11.11111111111111,10.444444444444445
IND,MIL,Off Corner 3 Make,15.0,17.0,1.1333333333333333,13.333333333333334,56.666666666666664,13.333333333333334,19.2
IND,MIL,Off Corner 3 Miss,21.0,30.0,1.4285714285714286,23.809523809523807,77.77777777777779,9.523809523809524,14.0
IND,MIL,Off Dead Ball,55.0,62.0,1.1272727272727272,7.2727272727272725,50.90909090909091,12.727272727272727,17.181818181818183
IND,MIL,Off FT Make,42.0,47.0,1.119047619047619,14.285714285714285,59.72222222222222,7.142857142857142,16.928571428571427
IND,MIL,Off FT Miss,13.0,17.0,1.3076923076923077,7.6923076923076925,65.0,0.0,18.615384615384617
IND,MIL,Off Long Mid-Range Make,15.0,8.0,0.5333333333333333,0.0,23.333333333333332,6.666666666666667,17.6
IND,MIL,Off Long Mid-Range Miss,26.0,22.0,0.8461538461538461,23.076923076923077,50.0,3.8461538461538463,10.692307692307692
IND,MIL,Off Short Mid-Range Make,29.0,24.0,0.8275862068965517,20.689655172413794,47.82608695652174,6.896551724137931,17.620689655172413
IND,MIL,Off Short Mid-Range Miss,23.0,25.0,1.0869565217391304,8.695652173913043,44.44444444444444,8.695652173913043,11.347826086956522
IND,MIL,Off Steal,35.0,38.0,1.0857142857142856,11.428571428571429,50.0,14.285714285714285,10.028571428571428
IND,MIL,Off Timeout,28.0,39.0,1.3928571428571428,14.285714285714285,72.0,7.142857142857142,18.714285714285715
IND,NYK,Off Arc 3 Make,39.0,45.0,1.1538461538461537,7.6923076923076925,51.61290322580645,5.128205128205128,18.23076923076923
IND,NYK,Off Arc 3 Miss,44.0,56.0,1.2727272727272727,18.181818181818183,65.625,9.090909090909092,10.272727272727273
IND,NYK,Off At Rim Block,3.0,4.0,1.3333333333333333,0.0,33.33333333333333,33.33333333333333,8.0
IND,NYK,Off At Rim Make,71.0,76.0,1.0704225352112675,12.676056338028168,52.38095238095239,9.859154929577464,15.19718309859155
IND,NYK,Off At Rim Miss,20.0,29.0,1.45,20.0,76.66666666666667,10.0,8.95
IND,NYK,Off Block,8.0,19.0,2.375,0.0,92.85714285714286,12.5,10.625
IND,NYK,Off Corner 3 Make,15.0,13.0,0.8666666666666667,20.0,50.0,6.666666666666667,16.933333333333334
IND,NYK,Off Corner 3 Miss,20.0,22.0,1.1,10.0,52.94117647058824,5.0,8.9
IND,NYK,Off Dead Ball,61.0,86.0,1.4098360655737705,8.19672131147541,69.44444444444444,8.19672131147541,14.80327868852459
IND,NYK,Off FT Make,67.0,71.0,1.0597014925373134,13.432835820895523,48.4375,14.925373134328357,15.895522388059701
IND,NYK,Off FT Miss,21.0,21.0,1.0,9.523809523809524,40.476190476190474,14.285714285714285,15.0
IND,NYK,Off Long Mid-Range Make,15.0,17.0,1.1333333333333333,6.666666666666667,50.0,6.666666666666667,16.066666666666666
IND,NYK,Off Long Mid-Range Miss,12.0,16.0,1.3333333333333333,16.666666666666664,60.0,16.666666666666664,13.0
IND,NYK,Off Short Mid-Range Make,59.0,64.0,1.0847457627118644,18.64406779661017,52.22222222222223,8.47457627118644,15.64406779661017
IND,NYK,Off Short Mid-Range Miss,43.0,56.0,1.302325581395349,13.953488372093023,69.6969696969697,6.976744186046512,10.581395348837209
IND,NYK,Off Steal,48.0,68.0,1.4166666666666667,12.5,69.04761904761905,10.416666666666668,8.125
IND,NYK,Off Timeout,36.0,38.0,1.0555555555555556,5.555555555555555,39.285714285714285,25.0,17.36111111111111
IND,OKC,Off Arc 3 Make,47.0,58.0,1.2340425531914894,23.404255319148938,62.5,14.893617021276595,18.574468085106382
IND,OKC,Off Arc 3 Miss,64.0,71.0,1.109375,25.0,51.85185185185185,18.75,11.78125
IND,OKC,Off At Rim Block,9.0,12.0,1.3333333333333333,11.11111111111111,43.75,33.33333333333333,11.444444444444445
IND,OKC,Off At Rim Make,86.0,73.0,0.8488372093023255,27.906976744186046,51.61290322580645,5.813953488372093,16.872093023255815
IND,OKC,Off At Rim Miss,28.0,33.0,1.1785714285714286,17.857142857142858,60.0,17.857142857142858,10.607142857142858
IND,OKC,Off Block,9.0,3.0,0.3333333333333333,22.22222222222222,14.285714285714285,11.11111111111111,13.444444444444445
IND,OKC,Off Corner 3 Make,16.0,19.0,1.1875,25.0,68.18181818181817,6.25,17.1875
IND,OKC,Off Corner 3 Miss,22.0,26.0,1.1818181818181819,18.181818181818183,56.666666666666664,13.636363636363635,11.727272727272727
IND,OKC,Off Dead Ball,60.0,64.0,1.0666666666666667,11.666666666666666,48.214285714285715,11.666666666666666,16.2
IND,OKC,Off FT Make,89.0,95.0,1.0674157303370786,16.853932584269664,53.289473684210535,12.359550561797752,15.146067415730338
IND,OKC,Off FT Miss,15.0,16.0,1.0666666666666667,26.666666666666668,60.0,13.333333333333334,14.666666666666666
IND,OKC,Off Long Mid-Range Make,25.0,34.0,1.36,8.0,61.904761904761905,4.0,17.36
IND,OKC,Off Long Mid-Range Miss,36.0,47.0,1.3055555555555556,16.666666666666664,66.66666666666666,5.555555555555555,12.777777777777779
IND,OKC,Off Short Mid-Range Make,37.0,43.0,1.162162162162162,16.216216216216218,61.29032258064516,5.405405405405405,15.72972972972973
IND,OKC,Off Short Mid-Range Miss,42.0,50.0,1.1904761904761905,9.523809523809524,59.45945945945946,4.761904761904762,10.285714285714286
IND,OKC,Off Steal,65.0,73.0,1.123076923076923,13.846153846153847,43.859649122807014,20.0,11.169230769230769
IND,OKC,Off Timeout,33.0,29.0,0.8787878787878788,21.21212121212121,36.36363636363637,21.21212121212121,19.666666666666668
LAC,DEN,Off Arc 3 Make,49.0,54.0,1.1020408163265305,8.16326530612245,58.75,4.081632653061225,21.408163265306122
LAC,DEN,Off Arc 3 Miss,51.0,89.0,1.7450980392156863,1.9607843137254901,75.0,13.725490196078432,11.568627450980392
LAC,DEN,Off At Rim Block,11.0,19.0,1.7272727272727273,18.181818181818183,108.33333333333333,0.0,8.272727272727273
LAC,DEN,Off At Rim Make,97.0,124.0,1.2783505154639174,10.309278350515463,58.152173913043484,12.371134020618557,19.278350515463917
LAC,DEN,Off At Rim Miss,25.0,42.0,1.68,4.0,71.73913043478261,8.0,8.28
LAC,DEN,Off Block,12.0,14.0,1.1666666666666667,33.33333333333333,75.0,16.666666666666664,8.25
LAC,DEN,Off Corner 3 Make,16.0,12.0,0.75,12.5,40.0,6.25,22.5625
LAC,DEN,Off Corner 3 Miss,18.0,15.0,0.8333333333333334,27.77777777777778,50.0,11.11111111111111,10.666666666666666
LAC,DEN,Off Dead Ball,63.0,59.0,0.9365079365079365,17.46031746031746,43.859649122807014,19.047619047619047,15.857142857142858
LAC,DEN,Off FT Make,50.0,52.0,1.04,22.0,53.333333333333336,12.0,17.3
LAC,DEN,Off FT Miss,16.0,15.0,0.9375,25.0,57.692307692307686,6.25,15.0
LAC,DEN,Off Long Mid-Range Make,30.0,37.0,1.2333333333333334,6.666666666666667,57.14285714285714,10.0,17.666666666666668
LAC,DEN,Off Long Mid-Range Miss,37.0,34.0,0.918918918918919,16.216216216216218,44.11764705882353,13.513513513513514,12.54054054054054
LAC,DEN,Off Short Mid-Range Make,50.0,52.0,1.04,16.0,51.162790697674424,8.0,19.02
LAC,DEN,Off Short Mid-Range Miss,30.0,35.0,1.1666666666666667,10.0,54.83870967741935,16.666666666666664,9.5
LAC,DEN,Off Steal,53.0,70.0,1.320754716981132,3.7735849056603774,56.36363636363636,15.09433962264151,10.037735849056604
LAC,DEN,Off Timeout,36.0,34.0,0.9444444444444444,22.22222222222222,44.285714285714285,19.444444444444446,19.88888888888889
LAL,MIN,Off Arc 3 Make,34.0,20.0,0.5882352941176471,20.588235294117645,29.310344827586203,5.88235294117647,20.029411764705884
LAL,MIN,Off Arc 3 Miss,46.0,52.0,1.1304347826086956,23.91304347826087,54.054054054054056,10.869565217391305,11.0
LAL,MIN,Off At Rim Block,9.0,6.0,0.6666666666666666,22.22222222222222,37.5,11.11111111111111,15.777777777777779
LAL,MIN,Off At Rim Make,66.0,69.0,1.0454545454545454,18.181818181818183,54.807692307692314,4.545454545454546,17.5
LAL,MIN,Off At Rim Miss,22.0,26.0,1.1818181818181819,13.636363636363635,52.63157894736842,9.090909090909092,9.318181818181818
LAL,MIN,Off Block,5.0,6.0,1.2,20.0,75.0,0.0,10.6
LAL,MIN,Off Corner 3 Make,17.0,20.0,1.1764705882352942,29.411764705882355,72.72727272727273,11.76470588235294,19.823529411764707
LAL,MIN,Off Corner 3 Miss,20.0,14.0,0.7,25.0,40.625,5.0,12.15
LAL,MIN,Off Dead Ball,52.0,70.0,1.3461538461538463,11.538461538461538,54.54545454545454,21.153846153846153,18.942307692307693
LAL,MIN,Off FT Make,44.0,56.0,1.2727272727272727,6.8181818181818175,52.17391304347826,18.181818181818183,17.90909090909091
LAL,MIN,Off FT Miss,11.0,14.0,1.2727272727272727,27.27272727272727,91.66666666666666,0.0,12.272727272727273
LAL,MIN,Off Long Mid-Range Make,4.0,2.0,0.5,0.0,25.0,0.0,18.5
LAL,MIN,Off Long Mid-Range Miss,9.0,8.0,0.8888888888888888,33.33333333333333,41.66666666666667,22.22222222222222,12.0
LAL,MIN,Off Short Mid-Range Make,37.0,44.0,1.1891891891891893,8.108108108108109,56.25,2.7027027027027026,19.10810810810811
LAL,MIN,Off Short Mid-Range Miss,25.0,40.0,1.6,4.0,60.86956521739131,20.0,11.44
LAL,MIN,Off Steal,23.0,20.0,0.8695652173913043,26.08695652173913,52.94117647058824,4.3478260869565215,9.08695652173913
LAL,MIN,Off Timeout,29.0,34.0,1.1724137931034482,6.896551724137931,56.666666666666664,6.896551724137931,18.896551724137932
MEM,OKC,Off Arc 3 Make,35.0,32.0,0.9142857142857143,8.571428571428571,43.93939393939394,8.571428571428571,19.2
MEM,OKC,Off Arc 3 Miss,55.0,56.0,1.018181818181818,27.27272727272727,61.53846153846154,7.2727272727272725,11.945454545454545
MEM,OKC,Off At Rim Block,7.0,5.0,0.7142857142857143,14.285714285714285,35.714285714285715,14.285714285714285,11.857142857142858
MEM,OKC,Off At Rim Make,55.0,41.0,0.7454545454545455,18.181818181818183,37.234042553191486,9.090909090909092,16.581818181818182
MEM,OKC,Off At Rim Miss,7.0,9.0,1.2857142857142858,14.285714285714285,58.333333333333336,14.285714285714285,8.857142857142858
MEM,OKC,Off Block,8.0,12.0,1.5,12.5,80.0,0.0,5.75
MEM,OKC,Off Corner 3 Make,11.0,12.0,1.0909090909090908,27.27272727272727,61.111111111111114,18.181818181818183,17.0
MEM,OKC,Off Corner 3 Miss,14.0,15.0,1.0714285714285714,7.142857142857142,45.83333333333333,7.142857142857142,12.785714285714286
MEM,OKC,Off Dead Ball,42.0,31.0,0.7380952380952381,30.952380952380953,41.17647058823529,9.523809523809524,15.30952380952381
MEM,OKC,Off FT Make,35.0,23.0,0.6571428571428571,17.142857142857142,25.675675675675674,25.71428571428571,17.142857142857142
MEM,OKC,Off FT Miss,4.0,0.0,0.0,25.0,0.0,0.0,19.25
MEM,OKC,Off Long Mid-Range Make,18.0,30.0,1.6666666666666667,0.0,76.31578947368422,11.11111111111111,17.944444444444443
MEM,OKC,Off Long Mid-Range Miss,14.0,12.0,0.8571428571428571,35.714285714285715,50.0,14.285714285714285,14.857142857142858
MEM,OKC,Off Short Mid-Range Make,29.0,36.0,1.2413793103448276,10.344827586206897,44.0,20.689655172413794,18.551724137931036
MEM,OKC,Off Short Mid-Range Miss,20.0,25.0,1.25,15.0,63.33333333333333,5.0,9.95
MEM,OKC,Off Steal,22.0,30.0,1.3636363636363635,22.727272727272727,73.52941176470588,13.636363636363635,9.318181818181818
MEM,OKC,Off Timeout,28.0,33.0,1.1785714285714286,21.428571428571427,42.592592592592595,21.428571428571427,16.535714285714285
MIA,CLE,Off Arc 3 Make,52.0,61.0,1.1730769230769231,19.230769230769234,61.627906976744185,9.615384615384617,19.826923076923077
MIA,CLE,Off Arc 3 Miss,39.0,44.0,1.1282051282051282,12.82051282051282,51.21951219512195,17.94871794871795,11.512820512820513
MIA,CLE,Off At Rim Block,3.0,0.0,0.0,0.0,0.0,33.33333333333333,18.666666666666668
MIA,CLE,Off At Rim Make,50.0,47.0,0.94,28.000000000000004,58.75,8.0,18.62
MIA,CLE,Off At Rim Miss,10.0,14.0,1.4,0.0,68.75,0.0,10.1
MIA,CLE,Off Block,3.0,4.0,1.3333333333333333,0.0,50.0,0.0,8.0
MIA,CLE,Off Corner 3 Make,13.0,15.0,1.1538461538461537,15.384615384615385,70.0,0.0,18.384615384615383
MIA,CLE,Off Corner 3 Miss,17.0,19.0,1.1176470588235294,23.52941176470588,56.25,17.647058823529413,13.235294117647058
MIA,CLE,Off Dead Ball,34.0,31.0,0.9117647058823529,14.705882352941178,48.275862068965516,8.823529411764707,17.08823529411765
MIA,CLE,Off FT Make,32.0,32.0,1.0,6.25,44.11764705882353,12.5,18.0625
MIA,CLE,Off FT Miss,7.0,3.0,0.42857142857142855,42.857142857142854,30.0,14.285714285714285,15.0
MIA,CLE,Off Long Mid-Range Make,6.0,6.0,1.0,50.0,60.0,33.33333333333333,18.666666666666668
MIA,CLE,Off Long Mid-Range Miss,4.0,2.0,0.5,0.0,0.0,0.0,12.5
MIA,CLE,Off Short Mid-Range Make,29.0,25.0,0.8620689655172413,13.793103448275861,48.0,3.4482758620689653,20.689655172413794
MIA,CLE,Off Short Mid-Range Miss,22.0,27.0,1.2272727272727273,18.181818181818183,63.888888888888886,13.636363636363635,12.909090909090908
MIA,CLE,Off Steal,18.0,26.0,1.4444444444444444,5.555555555555555,61.76470588235294,11.11111111111111,9.0
MIA,CLE,Off Timeout,25.0,26.0,1.04,28.000000000000004,46.0,36.0,22.24
MIL,IND,Off Arc 3 Make,43.0,43.0,1.0,20.930232558139537,54.285714285714285,6.976744186046512,18.72093023255814
MIL,IND,Off Arc 3 Miss,61.0,75.0,1.2295081967213115,6.557377049180328,61.111111111111114,4.918032786885246,11.442622950819672
MIL,IND,Off At Rim Block,3.0,0.0,0.0,66.66666666666666,0.0,33.33333333333333,4.333333333333333
MIL,IND,Off At Rim Make,54.0,64.0,1.1851851851851851,9.25925925925926,52.0,12.962962962962962,16.666666666666668
MIL,IND,Off At Rim Miss,18.0,8.0,0.4444444444444444,22.22222222222222,28.57142857142857,0.0,9.944444444444445
MIL,IND,Off Block,3.0,6.0,2.0,0.0,100.0,0.0,10.0
MIL,IND,Off Corner 3 Make,20.0,19.0,0.95,10.0,44.73684210526316,15.0,20.05
MIL,IND,Off Corner 3 Miss,18.0,28.0,1.5555555555555556,0.0,57.49999999999999,11.11111111111111,11.944444444444445
MIL,IND,Off Dead Ball,44.0,52.0,1.1818181818181819,11.363636363636363,46.34146341463415,15.909090909090908,15.681818181818182
MIL,IND,Off FT Make,35.0,37.0,1.0571428571428572,17.142857142857142,57.14285714285714,5.714285714285714,15.628571428571428
MIL,IND,Off FT Miss,11.0,13.0,1.1818181818181819,18.181818181818183,46.42857142857143,45.45454545454545,15.818181818181818
MIL,IND,Off Long Mid-Range Make,29.0,37.0,1.2758620689655173,6.896551724137931,61.53846153846154,6.896551724137931,16.896551724137932
MIL,IND,Off Long Mid-Range Miss,19.0,27.0,1.4210526315789473,5.263157894736842,65.78947368421053,10.526315789473683,10.421052631578947
MIL,IND,Off Short Mid-Range Make,41.0,32.0,0.7804878048780488,14.634146341463413,35.13513513513514,12.195121951219512,18.341463414634145
MIL,IND,Off Short Mid-Range Miss,30.0,44.0,1.4666666666666666,10.0,70.37037037037037,10.0,10.133333333333333
MIL,IND,Off Steal,30.0,36.0,1.2,26.666666666666668,66.66666666666666,10.0,7.366666666666666
MIL,IND,Off Timeout,29.0,30.0,1.0344827586206897,20.689655172413794,51.85185185185185,17.24137931034483,16.137931034482758
MIN,GSW,Off Arc 3 Make,36.0,33.0,0.9166666666666666,19.444444444444446,53.333333333333336,5.555555555555555,17.22222222222222
MIN,GSW,Off Arc 3 Miss,41.0,47.0,1.146341463414634,21.951219512195124,58.75,14.634146341463413,13.24390243902439
MIN,GSW,Off At Rim Block,5.0,7.0,1.4,40.0,87.5,20.0,12.0
MIN,GSW,Off At Rim Make,66.0,70.0,1.0606060606060606,19.696969696969695,54.54545454545454,10.606060606060606,17.106060606060606
MIN,GSW,Off At Rim Miss,16.0,18.0,1.125,31.25,65.0,12.5,8.0625
MIN,GSW,Off Block,8.0,10.0,1.25,12.5,66.66666666666666,0.0,7.125
MIN,GSW,Off Corner 3 Make,11.0,13.0,1.1818181818181819,18.181818181818183,44.44444444444444,18.181818181818183,19.454545454545453
MIN,GSW,Off Corner 3 Miss,26.0,32.0,1.2307692307692308,15.384615384615385,57.99999999999999,11.538461538461538,11.846153846153847
MIN,GSW,Off Dead Ball,64.0,65.0,1.015625,15.625,50.89285714285714,10.9375,16.203125
MIN,GSW,Off FT Make,49.0,49.0,1.0,28.57142857142857,48.484848484848484,14.285714285714285,16.816326530612244
MIN,GSW,Off FT Miss,8.0,9.0,1.125,12.5,50.0,12.5,15.0
MIN,GSW,Off Long Mid-Range Make,7.0,11.0,1.5714285714285714,28.57142857142857,80.0,14.285714285714285,21.142857142857142
MIN,GSW,Off Long Mid-Range Miss,16.0,24.0,1.5,12.5,55.88235294117647,18.75,12.625
MIN,GSW,Off Short Mid-Range Make,29.0,35.0,1.206896551724138,13.793103448275861,57.407407407407405,13.793103448275861,17.103448275862068
MIN,GSW,Off Short Mid-Range Miss,26.0,42.0,1.6153846153846154,15.384615384615385,84.0909090909091,7.6923076923076925,9.73076923076923
MIN,GSW,Off Steal,41.0,47.0,1.146341463414634,17.073170731707318,59.210526315789465,12.195121951219512,8.682926829268293
MIN,GSW,Off Timeout,30.0,33.0,1.1,16.666666666666664,48.275862068965516,16.666666666666664,18.066666666666666
MIN,LAL,Off Arc 3 Make,40.0,39.0,0.975,12.5,45.588235294117645,10.0,20.05
MIN,LAL,Off Arc 3 Miss,55.0,68.0,1.2363636363636363,9.090909090909092,59.80392156862745,7.2727272727272725,12.836363636363636
MIN,LAL,Off At Rim Block,1.0,2.0,2.0,0.0,100.0,0.0,5.0
MIN,LAL,Off At Rim Make,52.0,59.0,1.1346153846153846,21.153846153846153,46.590909090909086,17.307692307692307,19.596153846153847
MIN,LAL,Off At Rim Miss,16.0,26.0,1.625,0.0,64.70588235294117,18.75,9.0
MIN,LAL,Off Block,9.0,5.0,0.5555555555555556,11.11111111111111,27.77777777777778,11.11111111111111,7.888888888888889
MIN,LAL,Off Corner 3 Make,19.0,21.0,1.105263157894737,26.31578947368421,63.33333333333333,10.526315789473683,19.68421052631579
MIN,LAL,Off Corner 3 Miss,17.0,17.0,1.0,11.76470588235294,37.5,29.411764705882355,13.823529411764707
MIN,LAL,Off Dead Ball,50.0,60.0,1.2,10.0,51.92307692307693,18.0,17.34
MIN,LAL,Off FT Make,43.0,46.0,1.069767441860465,16.27906976744186,41.66666666666667,30.23255813953488,18.906976744186046
MIN,LAL,Off FT Miss,7.0,8.0,1.1428571428571428,14.285714285714285,58.333333333333336,0.0,14.714285714285714
MIN,LAL,Off Long Mid-Range Make,15.0,15.0,1.0,6.666666666666667,46.875,13.333333333333334,21.933333333333334
MIN,LAL,Off Long Mid-Range Miss,13.0,13.0,1.0,7.6923076923076925,38.46153846153847,7.6923076923076925,14.461538461538462
MIN,LAL,Off Short Mid-Range Make,23.0,34.0,1.4782608695652173,8.695652173913043,52.083333333333336,17.391304347826086,18.956521739130434
MIN,LAL,Off Short Mid-Range Miss,25.0,33.0,1.32,8.0,56.00000000000001,20.0,10.6
MIN,LAL,Off Steal,39.0,57.0,1.4615384615384615,12.82051282051282,62.121212121212125,12.82051282051282,6.846153846153846
MIN,LAL,Off Timeout,27.0,34.0,1.2592592592592593,11.11111111111111,53.84615384615385,18.51851851851852,21.074074074074073
MIN,OKC,Off Arc 3 Make,42.0,43.0,1.0238095238095237,16.666666666666664,50.0,11.904761904761903,16.857142857142858
MIN,OKC,Off Arc 3 Miss,44.0,61.0,1.3863636363636365,13.636363636363635,62.19512195121951,15.909090909090908,12.977272727272727
MIN,OKC,Off At Rim Block,9.0,2.0,0.2222222222222222,22.22222222222222,14.285714285714285,0.0,6.777777777777778
MIN,OKC,Off At Rim Make,70.0,74.0,1.0571428571428572,30.0,58.65384615384615,12.857142857142856,17.02857142857143
MIN,OKC,Off At Rim Miss,14.0,16.0,1.1428571428571428,14.285714285714285,35.294117647058826,28.57142857142857,13.285714285714286
MIN,OKC,Off Block,7.0,7.0,1.0,28.57142857142857,50.0,0.0,8.571428571428571
MIN,OKC,Off Corner 3 Make,15.0,20.0,1.3333333333333333,6.666666666666667,55.55555555555556,20.0,18.8
MIN,OKC,Off Corner 3 Miss,20.0,26.0,1.3,10.0,57.14285714285714,10.0,11.15
MIN,OKC,Off Dead Ball,60.0,71.0,1.1833333333333333,10.0,59.43396226415094,6.666666666666667,15.883333333333333
MIN,OKC,Off FT Make,41.0,46.0,1.1219512195121952,17.073170731707318,55.714285714285715,9.75609756097561,15.121951219512194
MIN,OKC,Off FT Miss,8.0,7.0,0.875,37.5,35.714285714285715,25.0,20.125
MIN,OKC,Off Long Mid-Range Make,21.0,20.0,0.9523809523809523,14.285714285714285,55.55555555555556,0.0,16.0
MIN,OKC,Off Long Mid-Range Miss,14.0,14.0,1.0,7.142857142857142,40.909090909090914,7.142857142857142,11.571428571428571
MIN,OKC,Off Short Mid-Range Make,40.0,50.0,1.25,12.5,57.89473684210527,15.0,18.875
MIN,OKC,Off Short Mid-Range Miss,25.0,23.0,0.92,20.0,50.0,4.0,11.8
MIN,OKC,Off Steal,28.0,38.0,1.3571428571428572,17.857142857142858,64.58333333333334,21.428571428571427,7.928571428571429
MIN,OKC,Off Timeout,29.0,36.0,1.2413793103448276,27.586206896551722,51.85185185185185,20.689655172413794,16.75862068965517
NYK,BOS,Off Arc 3 Make,74.0,76.0,1.027027027027027,17.56756756756757,42.74193548387097,17.56756756756757,19.527027027027028
NYK,BOS,Off Arc 3 Miss,81.0,89.0,1.0987654320987654,13.580246913580247,49.35064935064935,13.580246913580247,13.0
NYK,BOS,Off At Rim Block,5.0,14.0,2.8,0.0,100.0,20.0,6.6
NYK,BOS,Off At Rim Make,76.0,78.0,1.0263157894736843,10.526315789473683,46.15384615384615,10.526315789473683,18.17105263157895
NYK,BOS,Off At Rim Miss,19.0,25.0,1.3157894736842106,15.789473684210526,83.33333333333334,0.0,11.842105263157896
NYK,BOS,Off Block,7.0,8.0,1.1428571428571428,28.57142857142857,75.0,0.0,9.571428571428571
NYK,BOS,Off Corner 3 Make,12.0,11.0,0.9166666666666666,16.666666666666664,20.833333333333336,41.66666666666667,21.5
NYK,BOS,Off Corner 3 Miss,19.0,23.0,1.2105263157894737,15.789473684210526,76.92307692307693,0.0,13.31578947368421
NYK,BOS,Off Dead Ball,65.0,86.0,1.323076923076923,16.923076923076923,64.91228070175438,12.307692307692308,17.246153846153845
NYK,BOS,Off FT Make,46.0,47.0,1.0217391304347827,13.043478260869565,40.816326530612244,23.91304347826087,17.434782608695652
NYK,BOS,Off FT Miss,11.0,11.0,1.0,9.090909090909092,45.0,9.090909090909092,12.909090909090908
NYK,BOS,Off Long Mid-Range Make,13.0,18.0,1.3846153846153846,15.384615384615385,56.666666666666664,23.076923076923077,20.307692307692307
NYK,BOS,Off Long Mid-Range Miss,18.0,20.0,1.1111111111111112,5.555555555555555,41.66666666666667,22.22222222222222,12.722222222222221
NYK,BOS,Off Short Mid-Range Make,14.0,18.0,1.2857142857142858,7.142857142857142,53.57142857142857,21.428571428571427,19.714285714285715
NYK,BOS,Off Short Mid-Range Miss,27.0,27.0,1.0,14.814814814814813,48.07692307692308,11.11111111111111,11.666666666666666
NYK,BOS,Off Steal,38.0,45.0,1.1842105263157894,10.526315789473683,50.0,21.052631578947366,10.026315789473685
NYK,BOS,Off Timeout,32.0,38.0,1.1875,15.625,53.333333333333336,15.625,18.5625
NYK,DET,Off Arc 3 Make,37.0,39.0,1.054054054054054,18.91891891891892,45.45454545454545,18.91891891891892,22.64864864864865
NYK,DET,Off Arc 3 Miss,51.0,53.0,1.0392156862745099,13.725490196078432,47.91666666666667,11.76470588235294,11.411764705882353
NYK,DET,Off At Rim Block,7.0,10.0,1.4285714285714286,14.285714285714285,80.0,14.285714285714285,5.714285714285714
NYK,DET,Off At Rim Make,76.0,75.0,0.9868421052631579,15.789473684210526,43.57142857142857,14.473684210526317,19.460526315789473
NYK,DET,Off At Rim Miss,19.0,29.0,1.5263157894736843,15.789473684210526,64.70588235294117,15.789473684210526,9.68421052631579
NYK,DET,Off Block,6.0,11.0,1.8333333333333333,0.0,91.66666666666666,0.0,6.0
NYK,DET,Off Corner 3 Make,16.0,16.0,1.0,12.5,40.0,6.25,18.8125
NYK,DET,Off Corner 3 Miss,27.0,27.0,1.0,7.4074074074074066,43.47826086956522,7.4074074074074066,10.25925925925926
NYK,DET,Off Dead Ball,71.0,82.0,1.1549295774647887,8.450704225352112,52.23880597014925,8.450704225352112,17.056338028169016
NYK,DET,Off FT Make,65.0,76.0,1.1692307692307693,15.384615384615385,51.53846153846153,18.461538461538463,19.76923076923077
NYK,DET,Off FT Miss,9.0,19.0,2.111111111111111,0.0,81.81818181818183,22.22222222222222,15.777777777777779
NYK,DET,Off Long Mid-Range Make,16.0,27.0,1.6875,0.0,80.0,0.0,19.4375
NYK,DET,Off Long Mid-Range Miss,16.0,25.0,1.5625,6.25,64.70588235294117,18.75,10.4375
NYK,DET,Off Short Mid-Range Make,38.0,41.0,1.0789473684210527,7.894736842105263,40.0,13.157894736842104,19.05263157894737
NYK,DET,Off Short Mid-Range Miss,35.0,33.0,0.9428571428571428,11.428571428571429,40.909090909090914,14.285714285714285,10.457142857142857
NYK,DET,Off Steal,50.0,52.0,1.04,26.0,58.536585365853654,14.000000000000002,8.24
NYK,DET,Off Timeout,37.0,33.0,0.8918918918918919,18.91891891891892,51.724137931034484,5.405405405405405,19.08108108108108
NYK,IND,Off Arc 3 Make,46.0,51.0,1.108695652173913,8.695652173913043,47.674418604651166,8.695652173913043,20.565217391304348
NYK,IND,Off Arc 3 Miss,57.0,69.0,1.2105263157894737,15.789473684210526,47.16981132075472,17.543859649122805,12.43859649122807
NYK,IND,Off At Rim Block,4.0,8.0,2.0,25.0,133.33333333333331,0.0,12.75
NYK,IND,Off At Rim Make,66.0,61.0,0.9242424242424242,19.696969696969695,42.857142857142854,13.636363636363635,18.136363636363637
NYK,IND,Off At Rim Miss,18.0,20.0,1.1111111111111112,11.11111111111111,44.73684210526316,22.22222222222222,11.166666666666666
NYK,IND,Off Block,11.0,9.0,0.8181818181818182,18.181818181818183,33.33333333333333,27.27272727272727,11.818181818181818
NYK,IND,Off Corner 3 Make,14.0,19.0,1.3571428571428572,14.285714285714285,58.333333333333336,14.285714285714285,19.428571428571427
NYK,IND,Off Corner 3 Miss,15.0,22.0,1.4666666666666666,26.666666666666668,76.92307692307693,20.0,14.733333333333333
NYK,IND,Off Dead Ball,49.0,60.0,1.2244897959183674,20.408163265306122,59.30232558139535,16.3265306122449,17.591836734693878
NYK,IND,Off FT Make,66.0,78.0,1.1818181818181819,9.090909090909092,55.833333333333336,9.090909090909092,17.28787878787879
NYK,IND,Off FT Miss,12.0,26.0,2.1666666666666665,0.0,100.0,8.333333333333332,15.916666666666666
NYK,IND,Off Long Mid-Range Make,31.0,46.0,1.4838709677419355,19.35483870967742,75.0,12.903225806451612,19.225806451612904
NYK,IND,Off Long Mid-Range Miss,21.0,27.0,1.2857142857142858,19.047619047619047,50.0,19.047619047619047,13.523809523809524
NYK,IND,Off Short Mid-Range Make,50.0,59.0,1.18,10.0,52.4390243902439,10.0,21.56
NYK,IND,Off Short Mid-Range Miss,42.0,57.0,1.3571428571428572,11.904761904761903,61.25000000000001,11.904761904761903,12.80952380952381
NYK,IND,Off Steal,47.0,38.0,0.8085106382978723,25.53191489361702,44.5945945945946,8.51063829787234,9.340425531914894
NYK,IND,Off Timeout,35.0,40.0,1.1428571428571428,22.857142857142858,54.54545454545454,20.0,18.142857142857142
OKC,DEN,Off Arc 3 Make,56.0,49.0,0.875,14.285714285714285,40.909090909090914,12.5,17.482142857142858
OKC,DEN,Off Arc 3 Miss,67.0,75.0,1.1194029850746268,17.91044776119403,55.833333333333336,14.925373134328357,11.611940298507463
OKC,DEN,Off At Rim Block,13.0,13.0,1.0,7.6923076923076925,55.55555555555556,7.6923076923076925,6.615384615384615
OKC,DEN,Off At Rim Make,68.0,91.0,1.338235294117647,11.76470588235294,69.16666666666667,7.352941176470589,14.735294117647058
OKC,DEN,Off At Rim Miss,17.0,24.0,1.411764705882353,17.647058823529413,79.16666666666666,5.88235294117647,9.176470588235293
OKC,DEN,Off Block,9.0,8.0,0.8888888888888888,0.0,35.0,11.11111111111111,9.444444444444445
OKC,DEN,Off Corner 3 Make,21.0,27.0,1.2857142857142858,4.761904761904762,55.26315789473685,9.523809523809524,17.428571428571427
OKC,DEN,Off Corner 3 Miss,44.0,44.0,1.0,9.090909090909092,38.372093023255815,18.181818181818183,12.386363636363637
OKC,DEN,Off Dead Ball,67.0,73.0,1.0895522388059702,11.940298507462686,46.03174603174603,17.91044776119403,15.656716417910447
OKC,DEN,Off FT Make,73.0,78.0,1.0684931506849316,9.58904109589041,42.7536231884058,15.068493150684931,15.054794520547945
OKC,DEN,Off FT Miss,18.0,19.0,1.0555555555555556,11.11111111111111,47.5,22.22222222222222,14.666666666666666
OKC,DEN,Off Long Mid-Range Make,23.0,31.0,1.3478260869565217,8.695652173913043,65.9090909090909,8.695652173913043,16.73913043478261
OKC,DEN,Off Long Mid-Range Miss,25.0,36.0,1.44,4.0,73.68421052631578,0.0,8.56
OKC,DEN,Off Short Mid-Range Make,51.0,57.0,1.1176470588235294,7.8431372549019605,50.0,7.8431372549019605,16.41176470588235
OKC,DEN,Off Short Mid-Range Miss,38.0,36.0,0.9473684210526315,5.263157894736842,35.294117647058826,10.526315789473683,10.842105263157896
OKC,DEN,Off Steal,73.0,100.0,1.36986301369863,12.32876712328767,63.04347826086957,13.698630136986301,7.5479452054794525
OKC,DEN,Off Timeout,42.0,45.0,1.0714285714285714,14.285714285714285,47.2972972972973,19.047619047619047,15.261904761904763
OKC,IND,Off Arc 3 Make,50.0,70.0,1.4,10.0,65.38461538461539,8.0,17.46
OKC,IND,Off Arc 3 Miss,62.0,59.0,0.9516129032258065,17.741935483870968,50.98039215686274,6.451612903225806,12.338709677419354
OKC,IND,Off At Rim Block,6.0,11.0,1.8333333333333333,16.666666666666664,78.57142857142857,33.33333333333333,13.166666666666666
OKC,IND,Off At Rim Make,67.0,69.0,1.0298507462686568,13.432835820895523,50.0,5.970149253731343,17.28358208955224
OKC,IND,Off At Rim Miss,22.0,18.0,0.8181818181818182,18.181818181818183,38.23529411764706,9.090909090909092,11.045454545454545
OKC,IND,Off Block,11.0,12.0,1.0909090909090908,9.090909090909092,42.857142857142854,36.36363636363637,8.090909090909092
OKC,IND,Off Corner 3 Make,22.0,29.0,1.3181818181818181,9.090909090909092,61.111111111111114,4.545454545454546,18.136363636363637
OKC,IND,Off Corner 3 Miss,25.0,19.0,0.76,12.0,38.0,12.0,14.28
OKC,IND,Off Dead Ball,73.0,79.0,1.082191780821918,15.068493150684931,47.794117647058826,13.698630136986301,16.164383561643834
OKC,IND,Off FT Make,68.0,70.0,1.0294117647058822,19.11764705882353,39.83050847457627,19.11764705882353,17.294117647058822
OKC,IND,Off FT Miss,16.0,11.0,0.6875,6.25,23.52941176470588,18.75,17.9375
OKC,IND,Off Long Mid-Range Make,34.0,31.0,0.9117647058823529,14.705882352941178,39.6551724137931,11.76470588235294,17.764705882352942
OKC,IND,Off Long Mid-Range Miss,31.0,46.0,1.4838709677419355,6.451612903225806,71.73913043478261,3.225806451612903,10.419354838709678
OKC,IND,Off Short Mid-Range Make,41.0,49.0,1.1951219512195121,21.951219512195124,54.166666666666664,12.195121951219512,16.73170731707317
OKC,IND,Off Short Mid-Range Miss,36.0,53.0,1.4722222222222223,11.11111111111111,61.111111111111114,25.0,11.333333333333334
OKC,IND,Off Steal,74.0,87.0,1.1756756756756757,14.864864864864865,49.122807017543856,10.81081081081081,9.256756756756756
OKC,IND,Off Timeout,43.0,51.0,1.186046511627907,9.30232558139535,48.80952380952381,16.27906976744186,18.186046511627907
OKC,MEM,Off Arc 3 Make,25.0,30.0,1.2,12.0,59.09090909090909,12.0,17.64
OKC,MEM,Off Arc 3 Miss,46.0,51.0,1.108695652173913,10.869565217391305,48.0,21.73913043478261,12.695652173913043
OKC,MEM,Off At Rim Block,5.0,8.0,1.6,20.0,44.44444444444444,80.0,11.0
OKC,MEM,Off At Rim Make,41.0,58.0,1.4146341463414633,9.75609756097561,63.51351351351351,7.317073170731707,15.487804878048781
OKC,MEM,Off At Rim Miss,5.0,3.0,0.6,20.0,37.5,0.0,11.8
OKC,MEM,Off Block,11.0,16.0,1.4545454545454546,9.090909090909092,77.77777777777779,0.0,5.454545454545454
OKC,MEM,Off Corner 3 Make,10.0,8.0,0.8,10.0,33.33333333333333,20.0,21.3
OKC,MEM,Off Corner 3 Miss,12.0,17.0,1.4166666666666667,0.0,61.111111111111114,8.333333333333332,10.666666666666666
OKC,MEM,Off Dead Ball,51.0,64.0,1.2549019607843137,15.686274509803921,61.627906976744185,7.8431372549019605,13.803921568627452
OKC,MEM,Off FT Make,36.0,28.0,0.7777777777777778,8.333333333333332,29.411764705882355,16.666666666666664,15.0
OKC,MEM,Off FT Miss,1.0,2.0,2.0,0.0,100.0,0.0,10.0
OKC,MEM,Off Long Mid-Range Make,8.0,11.0,1.375,37.5,83.33333333333334,12.5,17.25
OKC,MEM,Off Long Mid-Range Miss,11.0,7.0,0.6363636363636364,9.090909090909092,27.77777777777778,0.0,10.090909090909092
OKC,MEM,Off Short Mid-Range Make,43.0,49.0,1.1395348837209303,9.30232558139535,45.45454545454545,16.27906976744186,17.74418604651163
OKC,MEM,Off Short Mid-Range Miss,39.0,44.0,1.1282051282051282,5.128205128205128,47.2972972972973,12.82051282051282,9.41025641025641
OKC,MEM,Off Steal,42.0,63.0,1.5,9.523809523809524,75.67567567567568,7.142857142857142,6.928571428571429
OKC,MEM,Off Timeout,20.0,20.0,1.0,5.0,40.0,10.0,17.55
OKC,MIN,Off Arc 3 Make,44.0,47.0,1.0681818181818181,18.181818181818183,50.0,11.363636363636363,18.15909090909091
OKC,MIN,Off Arc 3 Miss,50.0,49.0,0.98,12.0,42.04545454545455,10.0,12.2
OKC,MIN,Off At Rim Block,8.0,5.0,0.625,12.5,31.25,12.5,10.75
OKC,MIN,Off At Rim Make,62.0,67.0,1.0806451612903225,12.903225806451612,46.72131147540984,16.129032258064516,18.225806451612904
OKC,MIN,Off At Rim Miss,7.0,11.0,1.5714285714285714,14.285714285714285,83.33333333333334,14.285714285714285,8.857142857142858
OKC,MIN,Off Block,5.0,12.0,2.4,0.0,110.00000000000001,20.0,9.2
OKC,MIN,Off Corner 3 Make,24.0,37.0,1.5416666666666667,8.333333333333332,77.5,4.166666666666666,17.0
OKC,MIN,Off Corner 3 Miss,33.0,36.0,1.0909090909090908,24.242424242424242,62.0,9.090909090909092,12.848484848484848
OKC,MIN,Off Dead Ball,56.0,60.0,1.0714285714285714,17.857142857142858,53.125,10.714285714285714,15.267857142857142
OKC,MIN,Off FT Make,37.0,48.0,1.2972972972972974,5.405405405405405,60.29411764705882,8.108108108108109,13.756756756756756
OKC,MIN,Off FT Miss,9.0,10.0,1.1111111111111112,22.22222222222222,55.55555555555556,11.11111111111111,15.555555555555555
OKC,MIN,Off Long Mid-Range Make,15.0,18.0,1.2,0.0,45.83333333333333,0.0,17.8
OKC,MIN,Off Long Mid-Range Miss,13.0,18.0,1.3846153846153846,7.6923076923076925,75.0,0.0,8.923076923076923
OKC,MIN,Off Short Mid-Range Make,28.0,41.0,1.4642857142857142,17.857142857142858,81.25,7.142857142857142,16.25
OKC,MIN,Off Short Mid-Range Miss,21.0,29.0,1.380952380952381,14.285714285714285,61.111111111111114,14.285714285714285,11.19047619047619
OKC,MIN,Off Steal,53.0,66.0,1.2452830188679245,13.20754716981132,55.00000000000001,13.20754716981132,9.81132075471698
OKC,MIN,Off Timeout,25.0,31.0,1.24,12.0,53.84615384615385,24.0,16.92
ORL,BOS,Off Arc 3 Make,39.0,38.0,0.9743589743589743,10.256410256410255,47.14285714285714,10.256410256410255,19.28205128205128
ORL,BOS,Off Arc 3 Miss,43.0,42.0,0.9767441860465116,13.953488372093023,42.68292682926829,18.6046511627907,13.813953488372093
ORL,BOS,Off At Rim Block,2.0,2.0,1.0,50.0,100.0,0.0,12.5
ORL,BOS,Off At Rim Make,52.0,58.0,1.1153846153846154,11.538461538461538,54.54545454545454,7.6923076923076925,17.5
ORL,BOS,Off At Rim Miss,12.0,6.0,0.5,8.333333333333332,25.0,8.333333333333332,9.166666666666666
ORL,BOS,Off Block,6.0,10.0,1.6666666666666667,16.666666666666664,70.0,16.666666666666664,8.5
ORL,BOS,Off Corner 3 Make,10.0,6.0,0.6,10.0,19.230769230769234,30.0,19.2
ORL,BOS,Off Corner 3 Miss,13.0,19.0,1.4615384615384615,23.076923076923077,57.14285714285714,30.76923076923077,12.461538461538462
ORL,BOS,Off Dead Ball,47.0,57.0,1.2127659574468086,12.76595744680851,53.125,12.76595744680851,17.595744680851062
ORL,BOS,Off FT Make,48.0,51.0,1.0625,14.583333333333334,48.837209302325576,14.583333333333334,17.979166666666668
ORL,BOS,Off FT Miss,8.0,10.0,1.25,12.5,50.0,25.0,20.375
ORL,BOS,Off Long Mid-Range Make,18.0,19.0,1.0555555555555556,5.555555555555555,47.22222222222222,11.11111111111111,20.555555555555557
ORL,BOS,Off Long Mid-Range Miss,17.0,21.0,1.2352941176470589,11.76470588235294,50.0,17.647058823529413,11.117647058823529
ORL,BOS,Off Short Mid-Range Make,28.0,30.0,1.0714285714285714,7.142857142857142,50.0,10.714285714285714,20.071428571428573
ORL,BOS,Off Short Mid-Range Miss,39.0,35.0,0.8974358974358975,17.94871794871795,44.285714285714285,10.256410256410255,11.717948717948717
ORL,BOS,Off Steal,31.0,34.0,1.096774193548387,19.35483870967742,50.0,16.129032258064516,9.35483870967742
ORL,BOS,Off Timeout,32.0,30.0,0.9375,9.375,40.0,12.5,20.96875
