PLAYER_NAME,SHOT_ZONE_BASIC,fga,fgm,fg_pct,pps,assisted_make_pct,share
AJ Green,Above the Break 3,23.0,12.0,52.17391304347826,1.565217391304348,100.0,58.97435897435898
AJ Green,In The Paint (Non-RA),2.0,0.0,0.0,0.0,,5.128205128205128
AJ Green,Left Corner 3,6.0,3.0,50.0,1.5,100.0,15.384615384615385
AJ Green,Mid-Range,2.0,0.0,0.0,0.0,,5.128205128205128
AJ Green,Right Corner 3,6.0,3.0,50.0,1.5,100.0,15.384615384615385
Aaron Gordon,Above the Break 3,37.0,16.0,43.24324324324324,1.2972972972972974,75.0,22.15568862275449
Aaron Gordon,In The Paint (Non-RA),23.0,12.0,52.17391304347826,1.0434782608695652,75.0,13.77245508982036
Aaron Gordon,Left Corner 3,12.0,5.0,41.666666666666664,1.25,100.0,7.18562874251497
Aaron Gordon,Mid-Range,16.0,6.0,37.5,0.75,50.0,9.580838323353294
Aaron Gordon,Restricted Area,70.0,41.0,58.57142857142857,1.1714285714285715,53.65853658536585,41.91616766467065
Aaron Gordon,Right Corner 3,9.0,1.0,11.11111111111111,0.3333333333333333,100.0,5.389221556886228
Aaron Holiday,Above the Break 3,3.0,2.0,66.66666666666667,2.0,50.0,30.0
Aaron Holiday,Backcourt,2.0,0.0,0.0,0.0,,20.0
Aaron Holiday,In The Paint (Non-RA),2.0,2.0,100.0,2.0,50.0,20.0
Aaron Holiday,Mid-Range,2.0,0.0,0.0,0.0,,20.0
Aaron Holiday,Restricted Area,1.0,0.0,0.0,0.0,,10.0
Aaron Nesmith,Above the Break 3,71.0,35.0,49.29577464788732,1.4788732394366197,97.14285714285714,33.490566037735846
Aaron Nesmith,In The Paint (Non-RA),30.0,12.0,40.0,0.8,83.33333333333333,14.150943396226415
Aaron Nesmith,Left Corner 3,23.0,13.0,56.52173913043478,1.6956521739130435,100.0,10.849056603773585
Aaron Nesmith,Mid-Range,22.0,9.0,40.90909090909091,0.8181818181818182,55.55555555555556,10.377358490566039
Aaron Nesmith,Restricted Area,38.0,19.0,50.0,1.0,63.1578947368421,17.92452830188679
Aaron Nesmith,Right Corner 3,28.0,12.0,42.857142857142854,1.2857142857142858,100.0,13.20754716981132
Aaron Wiggins,Above the Break 3,52.0,17.0,32.69230769230769,0.9807692307692307,94.11764705882354,43.69747899159664
Aaron Wiggins,Backcourt,1.0,0.0,0.0,0.0,,0.8403361344537815
Aaron Wiggins,In The Paint (Non-RA),21.0,8.0,38.095238095238095,0.7619047619047619,50.0,17.647058823529413
Aaron Wiggins,Left Corner 3,9.0,4.0,44.44444444444444,1.3333333333333333,100.0,7.563025210084033
Aaron Wiggins,Mid-Range,5.0,1.0,20.0,0.4,100.0,4.201680672268908
Aaron Wiggins,Restricted Area,24.0,13.0,54.166666666666664,1.0833333333333333,61.53846153846154,20.168067226890756
Aaron Wiggins,Right Corner 3,7.0,4.0,57.142857142857146,1.7142857142857142,100.0,5.88235294117647
Ajay Mitchell,Above the Break 3,4.0,1.0,25.0,0.75,0.0,11.428571428571429
Ajay Mitchell,In The Paint (Non-RA),13.0,7.0,53.84615384615385,1.0769230769230769,28.571428571428573,37.142857142857146
Ajay Mitchell,Left Corner 3,4.0,2.0,50.0,1.5,100.0,11.428571428571429
Ajay Mitchell,Mid-Range,2.0,1.0,50.0,1.0,0.0,5.714285714285714
Ajay Mitchell,Restricted Area,7.0,3.0,42.857142857142854,0.8571428571428571,33.333333333333336,20.0
Ajay Mitchell,Right Corner 3,5.0,2.0,40.0,1.2,100.0,14.285714285714285
Al Horford,Above the Break 3,24.0,10.0,41.666666666666664,1.25,100.0,33.33333333333333
Al Horford,Backcourt,1.0,0.0,0.0,0.0,,1.3888888888888888
Al Horford,In The Paint (Non-RA),15.0,4.0,26.666666666666668,0.5333333333333333,50.0,20.833333333333336
Al Horford,Left Corner 3,4.0,1.0,25.0,0.75,100.0,5.555555555555555
Al Horford,Mid-Range,8.0,5.0,62.5,1.25,100.0,11.11111111111111
Al Horford,Restricted Area,14.0,11.0,78.57142857142857,1.5714285714285714,45.45454545454545,19.444444444444446
Al Horford,Right Corner 3,6.0,3.0,50.0,1.5,100.0,8.333333333333332
Alec Burks,Above the Break 3,2.0,2.0,100.0,3.0,100.0,66.66666666666666
Alec Burks,Right Corner 3,1.0,0.0,0.0,0.0,,33.33333333333333
Alex Caruso,Above the Break 3,53.0,24.0,45.283018867924525,1.3584905660377358,100.0,33.125
Alex Caruso,In The Paint (Non-RA),11.0,6.0,54.54545454545455,1.0909090909090908,50.0,6.875000000000001
Alex Caruso,Left Corner 3,20.0,7.0,35.0,1.05,100.0,12.5
Alex Caruso,Mid-Range,5.0,2.0,40.0,0.8,50.0,3.125
Alex Caruso,Restricted Area,54.0,27.0,50.0,1.0,70.37037037037037,33.75
Alex Caruso,Right Corner 3,17.0,6.0,35.294117647058826,1.0588235294117647,100.0,10.625
Alex Len,In The Paint (Non-RA),1.0,0.0,0.0,0.0,,100.0
Alperen Sengun,Above the Break 3,6.0,2.0,33.333333333333336,1.0,50.0,4.580152671755725
Alperen Sengun,In The Paint (Non-RA),69.0,30.0,43.47826086956522,0.8695652173913043,53.333333333333336,52.67175572519084
Alperen Sengun,Left Corner 3,2.0,1.0,50.0,1.5,100.0,1.5267175572519083
Alperen Sengun,Mid-Range,16.0,2.0,12.5,0.25,100.0,12.213740458015266
Alperen Sengun,Restricted Area,38.0,24.0,63.1578947368421,1.263157894736842,33.333333333333336,29.00763358778626
Amen Thompson,Above the Break 3,2.0,1.0,50.0,1.5,0.0,2.3529411764705883
Amen Thompson,Backcourt,1.0,0.0,0.0,0.0,,1.1764705882352942
Amen Thompson,In The Paint (Non-RA),39.0,15.0,38.46153846153846,0.7692307692307693,26.666666666666668,45.88235294117647
Amen Thompson,Left Corner 3,1.0,0.0,0.0,0.0,,1.1764705882352942
Amen Thompson,Mid-Range,9.0,4.0,44.44444444444444,0.8888888888888888,50.0,10.588235294117647
Amen Thompson,Restricted Area,33.0,22.0,66.66666666666667,1.3333333333333333,50.0,38.82352941176471
Andre Jackson Jr.,Backcourt,1.0,0.0,0.0,0.0,,100.0
Andrew Nembhard,Above the Break 3,59.0,28.0,47.45762711864407,1.423728813559322,67.85714285714286,26.45739910313901
Andrew Nembhard,In The Paint (Non-RA),35.0,11.0,31.428571428571427,0.6285714285714286,9.090909090909092,15.695067264573993
Andrew Nembhard,Left Corner 3,11.0,4.0,36.36363636363637,1.0909090909090908,75.0,4.932735426008969
Andrew Nembhard,Mid-Range,62.0,31.0,50.0,1.0,48.38709677419355,27.802690582959645
Andrew Nembhard,Restricted Area,40.0,23.0,57.5,1.15,43.47826086956522,17.937219730941703
Andrew Nembhard,Right Corner 3,16.0,8.0,50.0,1.5,100.0,7.174887892376682
Andrew Wiggins,Above the Break 3,16.0,5.0,31.25,0.9375,60.0,37.2093023255814
Andrew Wiggins,In The Paint (Non-RA),9.0,4.0,44.44444444444444,0.8888888888888888,50.0,20.930232558139537
Andrew Wiggins,Left Corner 3,3.0,1.0,33.333333333333336,1.0,100.0,6.976744186046512
Andrew Wiggins,Mid-Range,9.0,3.0,33.333333333333336,0.6666666666666666,66.66666666666667,20.930232558139537
Andrew Wiggins,Restricted Area,5.0,2.0,40.0,0.8,50.0,11.627906976744185
Andrew Wiggins,Right Corner 3,1.0,1.0,100.0,3.0,100.0,2.3255813953488373
Anthony Black,Above the Break 3,10.0,1.0,10.0,0.3,100.0,27.027027027027028
Anthony Black,In The Paint (Non-RA),7.0,2.0,28.571428571428573,0.5714285714285714,50.0,18.91891891891892
Anthony Black,Left Corner 3,2.0,1.0,50.0,1.5,100.0,5.405405405405405
Anthony Black,Mid-Range,3.0,2.0,66.66666666666667,1.3333333333333333,50.0,8.108108108108109
Anthony Black,Restricted Area,14.0,9.0,64.28571428571429,1.2857142857142858,55.55555555555556,37.83783783783784
Anthony Black,Right Corner 3,1.0,0.0,0.0,0.0,,2.7027027027027026
Anthony Edwards,Above the Break 3,112.0,39.0,34.82142857142857,1.0446428571428572,53.84615384615385,37.58389261744966
Anthony Edwards,Backcourt,3.0,0.0,0.0,0.0,,1.006711409395973
Anthony Edwards,In The Paint (Non-RA),42.0,24.0,57.142857142857146,1.1428571428571428,29.166666666666668,14.093959731543624
Anthony Edwards,Left Corner 3,9.0,3.0,33.333333333333336,1.0,100.0,3.0201342281879198
Anthony Edwards,Mid-Range,30.0,9.0,30.0,0.6,33.333333333333336,10.06711409395973
Anthony Edwards,Restricted Area,96.0,56.0,58.333333333333336,1.1666666666666667,42.857142857142854,32.21476510067114
Anthony Edwards,Right Corner 3,6.0,4.0,66.66666666666667,2.0,100.0,2.013422818791946
Ariel Hukporti,Restricted Area,2.0,2.0,100.0,2.0,100.0,100.0
Ausar Thompson,Backcourt,1.0,0.0,0.0,0.0,,2.380952380952381
Ausar Thompson,In The Paint (Non-RA),9.0,2.0,22.22222222222222,0.4444444444444444,0.0,21.428571428571427
Ausar Thompson,Mid-Range,1.0,0.0,0.0,0.0,,2.380952380952381
Ausar Thompson,Restricted Area,30.0,22.0,73.33333333333333,1.4666666666666666,86.36363636363636,71.42857142857143
Ausar Thompson,Right Corner 3,1.0,0.0,0.0,0.0,,2.380952380952381
Austin Reaves,Above the Break 3,36.0,10.0,27.77777777777778,0.8333333333333334,60.0,49.31506849315068
Austin Reaves,In The Paint (Non-RA),13.0,6.0,46.15384615384615,0.9230769230769231,50.0,17.80821917808219
Austin Reaves,Left Corner 3,6.0,3.0,50.0,1.5,100.0,8.21917808219178
Austin Reaves,Mid-Range,3.0,2.0,66.66666666666667,1.3333333333333333,50.0,4.10958904109589
Austin Reaves,Restricted Area,10.0,7.0,70.0,1.4,28.571428571428573,13.698630136986301
Austin Reaves,Right Corner 3,5.0,2.0,40.0,1.2,100.0,6.8493150684931505
Bam Adebayo,Above the Break 3,10.0,3.0,30.0,0.9,100.0,15.625
Bam Adebayo,In The Paint (Non-RA),22.0,11.0,50.0,1.0,27.272727272727273,34.375
Bam Adebayo,Left Corner 3,9.0,4.0,44.44444444444444,1.3333333333333333,100.0,14.0625
Bam Adebayo,Mid-Range,12.0,3.0,25.0,0.5,0.0,18.75
Bam Adebayo,Restricted Area,9.0,7.0,77.77777777777777,1.5555555555555556,28.571428571428573,14.0625
Bam Adebayo,Right Corner 3,2.0,0.0,0.0,0.0,,3.125
Baylor Scheierman,Above the Break 3,4.0,2.0,50.0,1.5,100.0,40.0
Baylor Scheierman,In The Paint (Non-RA),1.0,0.0,0.0,0.0,,10.0
Baylor Scheierman,Left Corner 3,1.0,0.0,0.0,0.0,,10.0
Baylor Scheierman,Mid-Range,3.0,0.0,0.0,0.0,,30.0
Baylor Scheierman,Restricted Area,1.0,1.0,100.0,2.0,100.0,10.0
Ben Sheppard,Above the Break 3,18.0,8.0,44.44444444444444,1.3333333333333333,100.0,35.294117647058826
Ben Sheppard,In The Paint (Non-RA),6.0,3.0,50.0,1.0,100.0,11.76470588235294
Ben Sheppard,Left Corner 3,6.0,0.0,0.0,0.0,,11.76470588235294
Ben Sheppard,Mid-Range,4.0,4.0,100.0,2.0,75.0,7.8431372549019605
Ben Sheppard,Restricted Area,3.0,2.0,66.66666666666667,1.3333333333333333,100.0,5.88235294117647
Ben Sheppard,Right Corner 3,14.0,7.0,50.0,1.5,100.0,27.450980392156865
Ben Simmons,In The Paint (Non-RA),3.0,0.0,0.0,0.0,,50.0
Ben Simmons,Restricted Area,3.0,2.0,66.66666666666667,1.3333333333333333,50.0,50.0
Bennedict Mathurin,Above the Break 3,40.0,10.0,25.0,0.75,70.0,27.027027027027028
Bennedict Mathurin,Backcourt,2.0,0.0,0.0,0.0,,1.3513513513513513
Bennedict Mathurin,In The Paint (Non-RA),24.0,10.0,41.666666666666664,0.8333333333333334,40.0,16.216216216216218
Bennedict Mathurin,Left Corner 3,5.0,2.0,40.0,1.2,100.0,3.3783783783783785
Bennedict Mathurin,Mid-Range,12.0,6.0,50.0,1.0,33.333333333333336,8.108108108108109
Bennedict Mathurin,Restricted Area,52.0,34.0,65.38461538461539,1.3076923076923077,70.58823529411765,35.13513513513514
Bennedict Mathurin,Right Corner 3,13.0,6.0,46.15384615384615,1.3846153846153846,100.0,8.783783783783784
Bobby Portis,Above the Break 3,18.0,7.0,38.888888888888886,1.1666666666666667,100.0,26.47058823529412
Bobby Portis,In The Paint (Non-RA),8.0,4.0,50.0,1.0,50.0,11.76470588235294
Bobby Portis,Left Corner 3,5.0,1.0,20.0,0.6,100.0,7.352941176470589
Bobby Portis,Mid-Range,18.0,8.0,44.44444444444444,0.8888888888888888,75.0,26.47058823529412
Bobby Portis,Restricted Area,14.0,8.0,57.142857142857146,1.1428571428571428,87.5,20.588235294117645
Bobby Portis,Right Corner 3,5.0,2.0,40.0,1.2,100.0,7.352941176470589
Bogdan Bogdanović,Above the Break 3,19.0,6.0,31.57894736842105,0.9473684210526315,66.66666666666667,43.18181818181818
Bogdan Bogdanović,Backcourt,1.0,0.0,0.0,0.0,,2.272727272727273
Bogdan Bogdanović,In The Paint (Non-RA),10.0,4.0,40.0,0.8,75.0,22.727272727272727
Bogdan Bogdanović,Mid-Range,4.0,1.0,25.0,0.5,100.0,9.090909090909092
Bogdan Bogdanović,Restricted Area,6.0,4.0,66.66666666666667,1.3333333333333333,25.0,13.636363636363635
Bogdan Bogdanović,Right Corner 3,4.0,1.0,25.0,0.75,100.0,9.090909090909092
Brandin Podziemski,Above the Break 3,52.0,19.0,36.53846153846154,1.0961538461538463,78.94736842105263,39.39393939393939
Brandin Podziemski,Backcourt,1.0,0.0,0.0,0.0,,0.7575757575757576
Brandin Podziemski,In The Paint (Non-RA),32.0,13.0,40.625,0.8125,61.53846153846154,24.242424242424242
Brandin Podziemski,Left Corner 3,8.0,2.0,25.0,0.75,100.0,6.0606060606060606
Brandin Podziemski,Mid-Range,16.0,4.0,25.0,0.5,75.0,12.121212121212121
Brandin Podziemski,Restricted Area,17.0,9.0,52.94117647058823,1.0588235294117647,55.55555555555556,12.878787878787879
Brandin Podziemski,Right Corner 3,6.0,1.0,16.666666666666668,0.5,100.0,4.545454545454546
Braxton Key,In The Paint (Non-RA),1.0,0.0,0.0,0.0,,12.5
Braxton Key,Left Corner 3,1.0,0.0,0.0,0.0,,12.5
Braxton Key,Restricted Area,6.0,1.0,16.666666666666668,0.3333333333333333,100.0,75.0
Bronny James,Above the Break 3,2.0,0.0,0.0,0.0,,100.0
Brook Lopez,Above the Break 3,15.0,4.0,26.666666666666668,0.8,100.0,68.18181818181817
Brook Lopez,In The Paint (Non-RA),2.0,0.0,0.0,0.0,,9.090909090909092
Brook Lopez,Mid-Range,1.0,1.0,100.0,2.0,0.0,4.545454545454546
Brook Lopez,Restricted Area,4.0,3.0,75.0,1.5,100.0,18.181818181818183
Buddy Hield,Above the Break 3,59.0,27.0,45.76271186440678,1.3728813559322033,85.18518518518519,47.199999999999996
Buddy Hield,In The Paint (Non-RA),12.0,3.0,25.0,0.5,66.66666666666667,9.6
Buddy Hield,Left Corner 3,10.0,4.0,40.0,1.2,100.0,8.0
Buddy Hield,Mid-Range,12.0,4.0,33.333333333333336,0.6666666666666666,25.0,9.6
Buddy Hield,Restricted Area,24.0,12.0,50.0,1.0,50.0,19.2
Buddy Hield,Right Corner 3,8.0,2.0,25.0,0.75,100.0,6.4
Cade Cunningham,Above the Break 3,28.0,5.0,17.857142857142858,0.5357142857142857,20.0,21.705426356589147
Cade Cunningham,In The Paint (Non-RA),43.0,20.0,46.51162790697674,0.9302325581395349,0.0,33.33333333333333
Cade Cunningham,Mid-Range,19.0,9.0,47.36842105263158,0.9473684210526315,22.22222222222222,14.728682170542637
Cade Cunningham,Restricted Area,39.0,21.0,53.84615384615385,1.0769230769230769,19.047619047619047,30.23255813953488
Caleb Houstan,Above the Break 3,6.0,1.0,16.666666666666668,0.5,100.0,42.857142857142854
Caleb Houstan,Backcourt,1.0,0.0,0.0,0.0,,7.142857142857142
Caleb Houstan,In The Paint (Non-RA),1.0,0.0,0.0,0.0,,7.142857142857142
Caleb Houstan,Left Corner 3,2.0,1.0,50.0,1.5,100.0,14.285714285714285
Caleb Houstan,Mid-Range,1.0,0.0,0.0,0.0,,7.142857142857142
Caleb Houstan,Restricted Area,2.0,0.0,0.0,0.0,,14.285714285714285
Caleb Houstan,Right Corner 3,1.0,0.0,0.0,0.0,,7.142857142857142
Cam Christie,Above the Break 3,2.0,1.0,50.0,1.5,100.0,66.66666666666666
Cam Christie,Restricted Area,1.0,1.0,100.0,2.0,0.0,33.33333333333333
Cam Whitmore,Above the Break 3,1.0,0.0,0.0,0.0,,50.0
Cam Whitmore,Restricted Area,1.0,0.0,0.0,0.0,,50.0
Cameron Payne,Above the Break 3,17.0,4.0,23.529411764705884,0.7058823529411765,100.0,45.94594594594595
Cameron Payne,In The Paint (Non-RA),9.0,3.0,33.333333333333336,0.6666666666666666,0.0,24.324324324324326
Cameron Payne,Left Corner 3,2.0,1.0,50.0,1.5,100.0,5.405405405405405
Cameron Payne,Mid-Range,3.0,2.0,66.66666666666667,1.3333333333333333,100.0,8.108108108108109
Cameron Payne,Restricted Area,4.0,2.0,50.0,1.0,0.0,10.81081081081081
Cameron Payne,Right Corner 3,2.0,0.0,0.0,0.0,,5.405405405405405
Cason Wallace,Above the Break 3,34.0,10.0,29.41176470588235,0.8823529411764706,100.0,28.57142857142857
Cason Wallace,In The Paint (Non-RA),23.0,7.0,30.434782608695652,0.6086956521739131,57.142857142857146,19.327731092436977
Cason Wallace,Left Corner 3,14.0,3.0,21.428571428571427,0.6428571428571429,100.0,11.76470588235294
Cason Wallace,Mid-Range,4.0,2.0,50.0,1.0,100.0,3.361344537815126
Cason Wallace,Restricted Area,30.0,22.0,73.33333333333333,1.4666666666666666,59.09090909090909,25.210084033613445
Cason Wallace,Right Corner 3,14.0,7.0,50.0,1.5,100.0,11.76470588235294
Chet Holmgren,Above the Break 3,66.0,19.0,28.78787878787879,0.8636363636363636,100.0,24.81203007518797
Chet Holmgren,In The Paint (Non-RA),39.0,14.0,35.8974358974359,0.717948717948718,78.57142857142857,14.661654135338345
Chet Holmgren,Left Corner 3,16.0,4.0,25.0,0.75,100.0,6.015037593984962
Chet Holmgren,Mid-Range,25.0,9.0,36.0,0.72,88.88888888888889,9.398496240601503
Chet Holmgren,Restricted Area,111.0,73.0,65.76576576576576,1.3153153153153154,68.4931506849315,41.72932330827068
Chet Holmgren,Right Corner 3,9.0,4.0,44.44444444444444,1.3333333333333333,100.0,3.3834586466165413
Chris Livingston,Above the Break 3,1.0,0.0,0.0,0.0,,100.0
Christian Braun,Above the Break 3,43.0,14.0,32.55813953488372,0.9767441860465116,64.28571428571429,29.054054054054053
Christian Braun,Backcourt,1.0,0.0,0.0,0.0,,0.6756756756756757
Christian Braun,In The Paint (Non-RA),20.0,5.0,25.0,0.5,100.0,13.513513513513514
Christian Braun,Left Corner 3,19.0,3.0,15.789473684210526,0.47368421052631576,100.0,12.837837837837837
Christian Braun,Mid-Range,5.0,3.0,60.0,1.2,66.66666666666667,3.3783783783783785
Christian Braun,Restricted Area,53.0,38.0,71.69811320754717,1.4339622641509433,73.6842105263158,35.810810810810814
Christian Braun,Right Corner 3,7.0,4.0,57.142857142857146,1.7142857142857142,100.0,4.72972972972973
Chuma Okeke,Above the Break 3,4.0,1.0,25.0,0.75,100.0,100.0
Cole Anthony,Above the Break 3,5.0,0.0,0.0,0.0,,35.714285714285715
Cole Anthony,Backcourt,1.0,0.0,0.0,0.0,,7.142857142857142
Cole Anthony,In The Paint (Non-RA),2.0,0.0,0.0,0.0,,14.285714285714285
Cole Anthony,Mid-Range,5.0,3.0,60.0,1.2,100.0,35.714285714285715
Cole Anthony,Restricted Area,1.0,1.0,100.0,2.0,100.0,7.142857142857142
Cory Joseph,Above the Break 3,11.0,4.0,36.36363636363637,1.0909090909090908,100.0,45.83333333333333
Cory Joseph,In The Paint (Non-RA),3.0,1.0,33.333333333333336,0.6666666666666666,100.0,12.5
Cory Joseph,Left Corner 3,3.0,1.0,33.333333333333336,1.0,100.0,12.5
Cory Joseph,Mid-Range,3.0,2.0,66.66666666666667,1.3333333333333333,50.0,12.5
Cory Joseph,Restricted Area,2.0,2.0,100.0,2.0,100.0,8.333333333333332
Cory Joseph,Right Corner 3,2.0,0.0,0.0,0.0,,8.333333333333332
Craig Porter Jr.,Above the Break 3,3.0,0.0,0.0,0.0,,25.0
Craig Porter Jr.,In The Paint (Non-RA),4.0,2.0,50.0,1.0,0.0,33.33333333333333
Craig Porter Jr.,Restricted Area,5.0,4.0,80.0,1.6,25.0,41.66666666666667
Dalton Knecht,Above the Break 3,3.0,1.0,33.333333333333336,1.0,100.0,60.0
Dalton Knecht,In The Paint (Non-RA),1.0,1.0,100.0,2.0,0.0,20.0
Dalton Knecht,Left Corner 3,1.0,0.0,0.0,0.0,,20.0
Damian Lillard,Above the Break 3,16.0,3.0,18.75,0.5625,66.66666666666667,59.25925925925925
Damian Lillard,In The Paint (Non-RA),3.0,1.0,33.333333333333336,0.6666666666666666,0.0,11.11111111111111
Damian Lillard,Mid-Range,6.0,1.0,16.666666666666668,0.3333333333333333,0.0,22.22222222222222
Damian Lillard,Restricted Area,2.0,1.0,50.0,1.0,0.0,7.4074074074074066
Darius Garland,Above the Break 3,33.0,10.0,30.303030303030305,0.9090909090909091,30.0,47.82608695652174
Darius Garland,Backcourt,1.0,0.0,0.0,0.0,,1.4492753623188406
Darius Garland,In The Paint (Non-RA),20.0,13.0,65.0,1.3,23.076923076923077,28.985507246376812
Darius Garland,Left Corner 3,1.0,0.0,0.0,0.0,,1.4492753623188406
Darius Garland,Mid-Range,9.0,3.0,33.333333333333336,0.6666666666666666,0.0,13.043478260869565
Darius Garland,Restricted Area,5.0,3.0,60.0,1.2,33.333333333333336,7.246376811594203
Davion Mitchell,Above the Break 3,12.0,6.0,50.0,1.5,66.66666666666667,29.268292682926827
Davion Mitchell,In The Paint (Non-RA),14.0,9.0,64.28571428571429,1.2857142857142858,33.333333333333336,34.146341463414636
Davion Mitchell,Left Corner 3,1.0,0.0,0.0,0.0,,2.4390243902439024
Davion Mitchell,Mid-Range,3.0,2.0,66.66666666666667,1.3333333333333333,0.0,7.317073170731707
Davion Mitchell,Restricted Area,10.0,7.0,70.0,1.4,28.571428571428573,24.390243902439025
Davion Mitchell,Right Corner 3,1.0,1.0,100.0,3.0,100.0,2.4390243902439024
De'Andre Hunter,Above the Break 3,24.0,11.0,45.833333333333336,1.375,63.63636363636363,38.095238095238095
De'Andre Hunter,In The Paint (Non-RA),15.0,4.0,26.666666666666668,0.5333333333333333,25.0,23.809523809523807
De'Andre Hunter,Left Corner 3,1.0,1.0,100.0,3.0,100.0,1.5873015873015872
De'Andre Hunter,Mid-Range,10.0,3.0,30.0,0.6,66.66666666666667,15.873015873015872
De'Andre Hunter,Restricted Area,12.0,8.0,66.66666666666667,1.3333333333333333,75.0,19.047619047619047
De'Andre Hunter,Right Corner 3,1.0,0.0,0.0,0.0,,1.5873015873015872
DeAndre Jordan,In The Paint (Non-RA),1.0,1.0,100.0,2.0,100.0,33.33333333333333
DeAndre Jordan,Restricted Area,2.0,2.0,100.0,2.0,100.0,66.66666666666666
Dean Wade,Above the Break 3,8.0,2.0,25.0,0.75,100.0,44.44444444444444
Dean Wade,In The Paint (Non-RA),1.0,0.0,0.0,0.0,,5.555555555555555
Dean Wade,Left Corner 3,4.0,0.0,0.0,0.0,,22.22222222222222
Dean Wade,Restricted Area,3.0,3.0,100.0,2.0,33.333333333333336,16.666666666666664
Dean Wade,Right Corner 3,2.0,1.0,50.0,1.5,100.0,11.11111111111111
Delon Wright,Above the Break 3,4.0,0.0,0.0,0.0,,44.44444444444444
Delon Wright,Left Corner 3,1.0,0.0,0.0,0.0,,11.11111111111111
Delon Wright,Restricted Area,3.0,1.0,33.333333333333336,0.6666666666666666,100.0,33.33333333333333
Delon Wright,Right Corner 3,1.0,1.0,100.0,3.0,100.0,11.11111111111111
Dennis Schröder,Above the Break 3,14.0,8.0,57.142857142857146,1.7142857142857142,37.5,26.41509433962264
Dennis Schröder,Backcourt,1.0,0.0,0.0,0.0,,1.8867924528301887
Dennis Schröder,In The Paint (Non-RA),8.0,4.0,50.0,1.0,25.0,15.09433962264151
Dennis Schröder,Left Corner 3,3.0,0.0,0.0,0.0,,5.660377358490567
Dennis Schröder,Mid-Range,15.0,6.0,40.0,0.8,33.333333333333336,28.30188679245283
Dennis Schröder,Restricted Area,9.0,6.0,66.66666666666667,1.3333333333333333,0.0,16.9811320754717
Dennis Schröder,Right Corner 3,3.0,2.0,66.66666666666667,2.0,100.0,5.660377358490567
Derrick Jones Jr.,Above the Break 3,6.0,1.0,16.666666666666668,0.5,100.0,12.5
Derrick Jones Jr.,In The Paint (Non-RA),11.0,6.0,54.54545454545455,1.0909090909090908,83.33333333333333,22.916666666666664
Derrick Jones Jr.,Left Corner 3,7.0,2.0,28.571428571428573,0.8571428571428571,100.0,14.583333333333334
Derrick Jones Jr.,Mid-Range,2.0,1.0,50.0,1.0,100.0,4.166666666666666
Derrick Jones Jr.,Restricted Area,15.0,8.0,53.333333333333336,1.0666666666666667,75.0,31.25
Derrick Jones Jr.,Right Corner 3,7.0,3.0,42.857142857142854,1.2857142857142858,100.0,14.583333333333334
Derrick White,Above the Break 3,79.0,30.0,37.9746835443038,1.139240506329114,80.0,53.74149659863946
Derrick White,Backcourt,2.0,0.0,0.0,0.0,,1.3605442176870748
Derrick White,In The Paint (Non-RA),16.0,8.0,50.0,1.0,37.5,10.884353741496598
Derrick White,Left Corner 3,8.0,3.0,37.5,1.125,100.0,5.442176870748299
Derrick White,Mid-Range,4.0,1.0,25.0,0.5,100.0,2.7210884353741496
Derrick White,Restricted Area,23.0,19.0,82.6086956521739,1.6521739130434783,42.10526315789474,15.646258503401361
Derrick White,Right Corner 3,15.0,7.0,46.666666666666664,1.4,100.0,10.204081632653061
Desmond Bane,Above the Break 3,25.0,5.0,20.0,0.6,80.0,39.682539682539684
Desmond Bane,In The Paint (Non-RA),8.0,2.0,25.0,0.5,0.0,12.698412698412698
Desmond Bane,Left Corner 3,2.0,0.0,0.0,0.0,,3.1746031746031744
Desmond Bane,Mid-Range,10.0,1.0,10.0,0.2,100.0,15.873015873015872
Desmond Bane,Restricted Area,13.0,10.0,76.92307692307692,1.5384615384615385,20.0,20.634920634920633
Desmond Bane,Right Corner 3,5.0,2.0,40.0,1.2,100.0,7.936507936507936
Dillon Brooks,Above the Break 3,17.0,7.0,41.1764705882353,1.2352941176470589,85.71428571428571,26.984126984126984
Dillon Brooks,In The Paint (Non-RA),16.0,10.0,62.5,1.25,30.0,25.396825396825395
Dillon Brooks,Left Corner 3,6.0,1.0,16.666666666666668,0.5,100.0,9.523809523809524
Dillon Brooks,Mid-Range,9.0,6.0,66.66666666666667,1.3333333333333333,33.333333333333336,14.285714285714285
Dillon Brooks,Restricted Area,9.0,2.0,22.22222222222222,0.4444444444444444,50.0,14.285714285714285
Dillon Brooks,Right Corner 3,6.0,2.0,33.333333333333336,1.0,100.0,9.523809523809524
Dillon Jones,Above the Break 3,2.0,2.0,100.0,3.0,100.0,18.181818181818183
Dillon Jones,In The Paint (Non-RA),2.0,1.0,50.0,1.0,100.0,18.181818181818183
Dillon Jones,Left Corner 3,1.0,1.0,100.0,3.0,100.0,9.090909090909092
Dillon Jones,Mid-Range,1.0,1.0,100.0,2.0,100.0,9.090909090909092
Dillon Jones,Restricted Area,4.0,4.0,100.0,2.0,50.0,36.36363636363637
Dillon Jones,Right Corner 3,1.0,0.0,0.0,0.0,,9.090909090909092
Donovan Mitchell,Above the Break 3,71.0,24.0,33.80281690140845,1.0140845070422535,50.0,36.597938144329895
Donovan Mitchell,Backcourt,2.0,0.0,0.0,0.0,,1.0309278350515463
Donovan Mitchell,In The Paint (Non-RA),48.0,25.0,52.083333333333336,1.0416666666666667,32.0,24.742268041237114
Donovan Mitchell,Left Corner 3,4.0,4.0,100.0,3.0,100.0,2.0618556701030926
Donovan Mitchell,Mid-Range,13.0,3.0,23.076923076923077,0.46153846153846156,33.333333333333336,6.701030927835052
Donovan Mitchell,Restricted Area,49.0,30.0,61.224489795918366,1.2244897959183674,20.0,25.257731958762886
Donovan Mitchell,Right Corner 3,7.0,0.0,0.0,0.0,,3.608247422680412
Donte DiVincenzo,Above the Break 3,58.0,16.0,27.586206896551722,0.8275862068965517,93.75,46.03174603174603
Donte DiVincenzo,Backcourt,2.0,0.0,0.0,0.0,,1.5873015873015872
Donte DiVincenzo,In The Paint (Non-RA),15.0,6.0,40.0,0.8,66.66666666666667,11.904761904761903
Donte DiVincenzo,Left Corner 3,17.0,6.0,35.294117647058826,1.0588235294117647,100.0,13.492063492063492
Donte DiVincenzo,Mid-Range,3.0,2.0,66.66666666666667,1.3333333333333333,50.0,2.380952380952381
Donte DiVincenzo,Restricted Area,20.0,10.0,50.0,1.0,40.0,15.873015873015872
Donte DiVincenzo,Right Corner 3,11.0,6.0,54.54545454545455,1.6363636363636365,83.33333333333333,8.73015873015873
Dorian Finney-Smith,Above the Break 3,9.0,5.0,55.55555555555556,1.6666666666666667,100.0,31.03448275862069
Dorian Finney-Smith,In The Paint (Non-RA),1.0,0.0,0.0,0.0,,3.4482758620689653
Dorian Finney-Smith,Left Corner 3,6.0,1.0,16.666666666666668,0.5,100.0,20.689655172413794
Dorian Finney-Smith,Restricted Area,9.0,5.0,55.55555555555556,1.1111111111111112,80.0,31.03448275862069
Dorian Finney-Smith,Right Corner 3,4.0,1.0,25.0,0.75,100.0,13.793103448275861
Draymond Green,Above the Break 3,37.0,11.0,29.72972972972973,0.8918918918918919,100.0,34.25925925925926
Draymond Green,Backcourt,1.0,0.0,0.0,0.0,,0.9259259259259258
Draymond Green,In The Paint (Non-RA),18.0,8.0,44.44444444444444,0.8888888888888888,75.0,16.666666666666664
Draymond Green,Left Corner 3,13.0,4.0,30.76923076923077,0.9230769230769231,100.0,12.037037037037036
Draymond Green,Mid-Range,6.0,2.0,33.333333333333336,0.6666666666666666,50.0,5.555555555555555
Draymond Green,Restricted Area,24.0,16.0,66.66666666666667,1.3333333333333333,68.75,22.22222222222222
Draymond Green,Right Corner 3,9.0,1.0,11.11111111111111,0.3333333333333333,100.0,8.333333333333332
Drew Eubanks,In The Paint (Non-RA),2.0,0.0,0.0,0.0,,100.0
Duncan Robinson,Above the Break 3,10.0,4.0,40.0,1.2,100.0,71.42857142857143
Duncan Robinson,In The Paint (Non-RA),2.0,1.0,50.0,1.0,100.0,14.285714285714285
Duncan Robinson,Left Corner 3,1.0,0.0,0.0,0.0,,7.142857142857142
Duncan Robinson,Right Corner 3,1.0,0.0,0.0,0.0,,7.142857142857142
Evan Mobley,Above the Break 3,27.0,12.0,44.44444444444444,1.3333333333333333,75.0,31.03448275862069
Evan Mobley,Backcourt,1.0,0.0,0.0,0.0,,1.1494252873563218
Evan Mobley,In The Paint (Non-RA),20.0,9.0,45.0,0.9,33.333333333333336,22.988505747126435
Evan Mobley,Left Corner 3,2.0,2.0,100.0,3.0,100.0,2.2988505747126435
Evan Mobley,Mid-Range,2.0,0.0,0.0,0.0,,2.2988505747126435
Evan Mobley,Restricted Area,34.0,28.0,82.3529411764706,1.6470588235294117,71.42857142857143,39.08045977011494
Evan Mobley,Right Corner 3,1.0,0.0,0.0,0.0,,1.1494252873563218
Franz Wagner,Above the Break 3,31.0,7.0,22.580645161290324,0.6774193548387096,85.71428571428571,26.956521739130434
Franz Wagner,In The Paint (Non-RA),34.0,17.0,50.0,1.0,17.647058823529413,29.565217391304348
Franz Wagner,Left Corner 3,3.0,0.0,0.0,0.0,,2.608695652173913
Franz Wagner,Mid-Range,20.0,11.0,55.0,1.1,18.181818181818183,17.391304347826086
Franz Wagner,Restricted Area,24.0,16.0,66.66666666666667,1.3333333333333333,31.25,20.869565217391305
Franz Wagner,Right Corner 3,3.0,0.0,0.0,0.0,,2.608695652173913
Fred VanVleet,Above the Break 3,53.0,24.0,45.283018867924525,1.3584905660377358,66.66666666666667,56.98924731182796
Fred VanVleet,Backcourt,1.0,0.0,0.0,0.0,,1.0752688172043012
Fred VanVleet,In The Paint (Non-RA),17.0,6.0,35.294117647058826,0.7058823529411765,16.666666666666668,18.27956989247312
Fred VanVleet,Left Corner 3,4.0,3.0,75.0,2.25,100.0,4.301075268817205
Fred VanVleet,Mid-Range,11.0,5.0,45.45454545454545,0.9090909090909091,0.0,11.827956989247312
Fred VanVleet,Restricted Area,3.0,2.0,66.66666666666667,1.3333333333333333,50.0,3.225806451612903
Fred VanVleet,Right Corner 3,4.0,0.0,0.0,0.0,,4.301075268817205
Gabe Vincent,Above the Break 3,8.0,2.0,25.0,0.75,100.0,57.14285714285714
Gabe Vincent,Left Corner 3,3.0,2.0,66.66666666666667,2.0,100.0,21.428571428571427
Gabe Vincent,Restricted Area,1.0,1.0,100.0,2.0,0.0,7.142857142857142
Gabe Vincent,Right Corner 3,2.0,0.0,0.0,0.0,,14.285714285714285
Gary Harris,Above the Break 3,2.0,1.0,50.0,1.5,100.0,25.0
Gary Harris,In The Paint (Non-RA),1.0,1.0,100.0,2.0,100.0,12.5
Gary Harris,Left Corner 3,4.0,0.0,0.0,0.0,,50.0
Gary Harris,Restricted Area,1.0,1.0,100.0,2.0,0.0,12.5
Gary Payton II,Above the Break 3,6.0,3.0,50.0,1.5,100.0,12.76595744680851
Gary Payton II,In The Paint (Non-RA),9.0,1.0,11.11111111111111,0.2222222222222222,100.0,19.148936170212767
Gary Payton II,Left Corner 3,8.0,3.0,37.5,1.125,100.0,17.02127659574468
Gary Payton II,Restricted Area,15.0,11.0,73.33333333333333,1.4666666666666666,90.9090909090909,31.914893617021278
Gary Payton II,Right Corner 3,9.0,3.0,33.333333333333336,1.0,100.0,19.148936170212767
Gary Trent Jr.,Above the Break 3,35.0,18.0,51.42857142857143,1.542857142857143,88.88888888888889,56.451612903225815
Gary Trent Jr.,Backcourt,1.0,0.0,0.0,0.0,,1.6129032258064515
Gary Trent Jr.,In The Paint (Non-RA),3.0,1.0,33.333333333333336,0.6666666666666666,100.0,4.838709677419355
Gary Trent Jr.,Left Corner 3,6.0,3.0,50.0,1.5,100.0,9.67741935483871
Gary Trent Jr.,Mid-Range,10.0,5.0,50.0,1.0,20.0,16.129032258064516
Gary Trent Jr.,Restricted Area,5.0,4.0,80.0,1.6,0.0,8.064516129032258
Gary Trent Jr.,Right Corner 3,2.0,1.0,50.0,1.5,100.0,3.225806451612903
Giannis Antetokounmpo,Above the Break 3,5.0,1.0,20.0,0.6,100.0,5.05050505050505
Giannis Antetokounmpo,In The Paint (Non-RA),17.0,10.0,58.8235294117647,1.1764705882352942,30.0,17.17171717171717
Giannis Antetokounmpo,Mid-Range,20.0,5.0,25.0,0.5,20.0,20.2020202020202
Giannis Antetokounmpo,Restricted Area,57.0,44.0,77.19298245614036,1.543859649122807,31.818181818181817,57.57575757575758
Goga Bitadze,Restricted Area,1.0,1.0,100.0,2.0,100.0,100.0
Gui Santos,Above the Break 3,8.0,3.0,37.5,1.125,100.0,47.05882352941176
Gui Santos,In The Paint (Non-RA),3.0,2.0,66.66666666666667,1.3333333333333333,50.0,17.647058823529413
Gui Santos,Left Corner 3,1.0,1.0,100.0,3.0,100.0,5.88235294117647
Gui Santos,Restricted Area,4.0,3.0,75.0,1.5,66.66666666666667,23.52941176470588
Gui Santos,Right Corner 3,1.0,0.0,0.0,0.0,,5.88235294117647
Haywood Highsmith,Above the Break 3,9.0,4.0,44.44444444444444,1.3333333333333333,100.0,47.368421052631575
Haywood Highsmith,Left Corner 3,3.0,2.0,66.66666666666667,2.0,100.0,15.789473684210526
Haywood Highsmith,Mid-Range,1.0,1.0,100.0,2.0,100.0,5.263157894736842
Haywood Highsmith,Restricted Area,3.0,3.0,100.0,2.0,66.66666666666667,15.789473684210526
Haywood Highsmith,Right Corner 3,3.0,1.0,33.333333333333336,1.0,100.0,15.789473684210526
Hunter Tyson,Above the Break 3,2.0,0.0,0.0,0.0,,20.0
Hunter Tyson,In The Paint (Non-RA),3.0,2.0,66.66666666666667,1.3333333333333333,50.0,30.0
Hunter Tyson,Left Corner 3,1.0,0.0,0.0,0.0,,10.0
Hunter Tyson,Restricted Area,2.0,2.0,100.0,2.0,50.0,20.0
Hunter Tyson,Right Corner 3,2.0,1.0,50.0,1.5,0.0,20.0
Isaac Okoro,Above the Break 3,5.0,2.0,40.0,1.2,50.0,16.666666666666664
Isaac Okoro,In The Paint (Non-RA),5.0,4.0,80.0,1.6,50.0,16.666666666666664
Isaac Okoro,Left Corner 3,4.0,1.0,25.0,0.75,100.0,13.333333333333334
Isaac Okoro,Mid-Range,1.0,0.0,0.0,0.0,,3.3333333333333335
Isaac Okoro,Restricted Area,8.0,5.0,62.5,1.25,60.0,26.666666666666668
Isaac Okoro,Right Corner 3,7.0,3.0,42.857142857142854,1.2857142857142858,100.0,23.333333333333332
Isaiah Hartenstein,In The Paint (Non-RA),60.0,33.0,55.0,1.1,87.87878787878788,44.776119402985074
Isaiah Hartenstein,Mid-Range,9.0,1.0,11.11111111111111,0.2222222222222222,100.0,6.7164179104477615
Isaiah Hartenstein,Restricted Area,65.0,49.0,75.38461538461539,1.5076923076923077,61.224489795918366,48.507462686567166
Isaiah Joe,Above the Break 3,44.0,16.0,36.36363636363637,1.0909090909090908,87.5,60.273972602739725
Isaiah Joe,In The Paint (Non-RA),3.0,1.0,33.333333333333336,0.6666666666666666,100.0,4.10958904109589
Isaiah Joe,Left Corner 3,8.0,4.0,50.0,1.5,100.0,10.95890410958904
Isaiah Joe,Mid-Range,3.0,3.0,100.0,2.0,66.66666666666667,4.10958904109589
Isaiah Joe,Restricted Area,11.0,9.0,81.81818181818181,1.6363636363636365,100.0,15.068493150684931
Isaiah Joe,Right Corner 3,4.0,3.0,75.0,2.25,100.0,5.47945205479452
Isaiah Stewart,Restricted Area,2.0,1.0,50.0,1.0,0.0,100.0
Ivica Zubac,In The Paint (Non-RA),44.0,27.0,61.36363636363637,1.2272727272727273,96.29629629629629,53.65853658536586
Ivica Zubac,Mid-Range,3.0,1.0,33.333333333333336,0.6666666666666666,100.0,3.6585365853658534
Ivica Zubac,Restricted Area,35.0,26.0,74.28571428571429,1.4857142857142858,69.23076923076923,42.68292682926829
JD Davison,Above the Break 3,2.0,1.0,50.0,1.5,100.0,25.0
JD Davison,In The Paint (Non-RA),3.0,0.0,0.0,0.0,,37.5
JD Davison,Restricted Area,3.0,0.0,0.0,0.0,,37.5
Ja Morant,Above the Break 3,15.0,4.0,26.666666666666668,0.8,75.0,28.30188679245283
Ja Morant,In The Paint (Non-RA),19.0,8.0,42.10526315789474,0.8421052631578947,0.0,35.84905660377358
Ja Morant,Left Corner 3,1.0,0.0,0.0,0.0,,1.8867924528301887
Ja Morant,Mid-Range,10.0,5.0,50.0,1.0,0.0,18.867924528301888
Ja Morant,Restricted Area,8.0,5.0,62.5,1.25,20.0,15.09433962264151
Jabari Smith Jr.,Above the Break 3,12.0,5.0,41.666666666666664,1.25,100.0,35.294117647058826
Jabari Smith Jr.,In The Paint (Non-RA),9.0,6.0,66.66666666666667,1.3333333333333333,100.0,26.47058823529412
Jabari Smith Jr.,Left Corner 3,1.0,1.0,100.0,3.0,100.0,2.941176470588235
Jabari Smith Jr.,Mid-Range,2.0,0.0,0.0,0.0,,5.88235294117647
Jabari Smith Jr.,Restricted Area,1.0,1.0,100.0,2.0,100.0,2.941176470588235
Jabari Smith Jr.,Right Corner 3,9.0,4.0,44.44444444444444,1.3333333333333333,100.0,26.47058823529412
Jaden McDaniels,Above the Break 3,19.0,7.0,36.8421052631579,1.105263157894737,100.0,11.242603550295858
Jaden McDaniels,In The Paint (Non-RA),45.0,21.0,46.666666666666664,0.9333333333333333,71.42857142857143,26.627218934911244
Jaden McDaniels,Left Corner 3,25.0,8.0,32.0,0.96,100.0,14.792899408284024
Jaden McDaniels,Mid-Range,17.0,6.0,35.294117647058826,0.7058823529411765,33.333333333333336,10.059171597633137
Jaden McDaniels,Restricted Area,52.0,39.0,75.0,1.5,58.97435897435897,30.76923076923077
Jaden McDaniels,Right Corner 3,11.0,6.0,54.54545454545455,1.6363636363636365,100.0,6.508875739644971
Jaime Jaquez Jr.,In The Paint (Non-RA),1.0,1.0,100.0,2.0,0.0,16.666666666666664
Jaime Jaquez Jr.,Left Corner 3,1.0,0.0,0.0,0.0,,16.666666666666664
Jaime Jaquez Jr.,Restricted Area,3.0,0.0,0.0,0.0,,50.0
Jaime Jaquez Jr.,Right Corner 3,1.0,0.0,0.0,0.0,,16.666666666666664
Jalen Brunson,Above the Break 3,117.0,38.0,32.47863247863248,0.9743589743589743,26.31578947368421,29.770992366412212
Jalen Brunson,In The Paint (Non-RA),122.0,67.0,54.91803278688525,1.098360655737705,8.955223880597014,31.043256997455472
Jalen Brunson,Left Corner 3,9.0,3.0,33.333333333333336,1.0,100.0,2.2900763358778624
Jalen Brunson,Mid-Range,69.0,30.0,43.47826086956522,0.8695652173913043,16.666666666666668,17.557251908396946
Jalen Brunson,Restricted Area,68.0,36.0,52.94117647058823,1.0588235294117647,11.11111111111111,17.302798982188293
Jalen Brunson,Right Corner 3,8.0,7.0,87.5,2.625,100.0,2.035623409669211
Jalen Duren,In The Paint (Non-RA),8.0,4.0,50.0,1.0,75.0,20.0
Jalen Duren,Restricted Area,32.0,22.0,68.75,1.375,59.09090909090909,80.0
Jalen Green,Above the Break 3,36.0,12.0,33.333333333333336,1.0,41.666666666666664,41.86046511627907
Jalen Green,In The Paint (Non-RA),14.0,3.0,21.428571428571427,0.42857142857142855,66.66666666666667,16.27906976744186
Jalen Green,Left Corner 3,6.0,1.0,16.666666666666668,0.5,100.0,6.976744186046512
Jalen Green,Mid-Range,7.0,1.0,14.285714285714286,0.2857142857142857,0.0,8.13953488372093
Jalen Green,Restricted Area,21.0,15.0,71.42857142857143,1.4285714285714286,46.666666666666664,24.418604651162788
Jalen Green,Right Corner 3,2.0,0.0,0.0,0.0,,2.3255813953488373
Jalen Pickett,Above the Break 3,7.0,3.0,42.857142857142854,1.2857142857142858,33.333333333333336,46.666666666666664
Jalen Pickett,In The Paint (Non-RA),2.0,0.0,0.0,0.0,,13.333333333333334
Jalen Pickett,Left Corner 3,1.0,0.0,0.0,0.0,,6.666666666666667
Jalen Pickett,Mid-Range,3.0,1.0,33.333333333333336,0.6666666666666666,100.0,20.0
Jalen Pickett,Restricted Area,1.0,1.0,100.0,2.0,100.0,6.666666666666667
Jalen Pickett,Right Corner 3,1.0,0.0,0.0,0.0,,6.666666666666667
Jalen Williams,Above the Break 3,98.0,29.0,29.591836734693878,0.8877551020408163,68.96551724137932,24.747474747474747
Jalen Williams,Backcourt,2.0,0.0,0.0,0.0,,0.5050505050505051
Jalen Williams,In The Paint (Non-RA),93.0,39.0,41.935483870967744,0.8387096774193549,20.512820512820515,23.484848484848484
Jalen Williams,Left Corner 3,10.0,4.0,40.0,1.2,100.0,2.525252525252525
Jalen Williams,Mid-Range,64.0,25.0,39.0625,0.78125,40.0,16.161616161616163
Jalen Williams,Restricted Area,124.0,79.0,63.70967741935484,1.2741935483870968,41.77215189873418,31.313131313131315
Jalen Williams,Right Corner 3,5.0,2.0,40.0,1.2,100.0,1.2626262626262625
Jamal Murray,Above the Break 3,85.0,32.0,37.64705882352941,1.1294117647058823,46.875,34.0
Jamal Murray,Backcourt,2.0,0.0,0.0,0.0,,0.8
Jamal Murray,In The Paint (Non-RA),48.0,18.0,37.5,0.75,38.888888888888886,19.2
Jamal Murray,Left Corner 3,6.0,2.0,33.333333333333336,1.0,100.0,2.4
Jamal Murray,Mid-Range,59.0,27.0,45.76271186440678,0.9152542372881356,22.22222222222222,23.599999999999998
Jamal Murray,Restricted Area,47.0,32.0,68.08510638297872,1.3617021276595744,43.75,18.8
Jamal Murray,Right Corner 3,3.0,0.0,0.0,0.0,,1.2
James Harden,Above the Break 3,41.0,16.0,39.02439024390244,1.170731707317073,25.0,40.5940594059406
James Harden,Backcourt,1.0,0.0,0.0,0.0,,0.9900990099009901
James Harden,In The Paint (Non-RA),32.0,13.0,40.625,0.8125,15.384615384615385,31.683168316831683
James Harden,Left Corner 3,2.0,0.0,0.0,0.0,,1.9801980198019802
James Harden,Mid-Range,1.0,0.0,0.0,0.0,,0.9900990099009901
James Harden,Restricted Area,24.0,15.0,62.5,1.25,13.333333333333334,23.762376237623762
James Johnson,Above the Break 3,1.0,0.0,0.0,0.0,,20.0
James Johnson,In The Paint (Non-RA),1.0,1.0,100.0,2.0,0.0,20.0
James Johnson,Mid-Range,2.0,1.0,50.0,1.0,0.0,40.0
James Johnson,Restricted Area,1.0,1.0,100.0,2.0,0.0,20.0
Jarace Walker,Above the Break 3,17.0,6.0,35.294117647058826,1.0588235294117647,83.33333333333333,50.0
Jarace Walker,In The Paint (Non-RA),9.0,4.0,44.44444444444444,0.8888888888888888,75.0,26.47058823529412
Jarace Walker,Left Corner 3,2.0,2.0,100.0,3.0,100.0,5.88235294117647
Jarace Walker,Mid-Range,4.0,0.0,0.0,0.0,,11.76470588235294
Jarace Walker,Restricted Area,1.0,1.0,100.0,2.0,100.0,2.941176470588235
Jarace Walker,Right Corner 3,1.0,0.0,0.0,0.0,,2.941176470588235
Jaren Jackson Jr.,Above the Break 3,8.0,3.0,37.5,1.125,100.0,13.793103448275861
Jaren Jackson Jr.,In The Paint (Non-RA),32.0,11.0,34.375,0.6875,72.72727272727273,55.172413793103445
Jaren Jackson Jr.,Left Corner 3,1.0,0.0,0.0,0.0,,1.7241379310344827
Jaren Jackson Jr.,Mid-Range,7.0,4.0,57.142857142857146,1.1428571428571428,0.0,12.068965517241379
Jaren Jackson Jr.,Restricted Area,8.0,4.0,50.0,1.0,25.0,13.793103448275861
Jaren Jackson Jr.,Right Corner 3,2.0,0.0,0.0,0.0,,3.4482758620689653
Jarred Vanderbilt,Above the Break 3,1.0,0.0,0.0,0.0,,16.666666666666664
Jarred Vanderbilt,In The Paint (Non-RA),1.0,0.0,0.0,0.0,,16.666666666666664
Jarred Vanderbilt,Restricted Area,4.0,2.0,50.0,1.0,50.0,66.66666666666666
Jarrett Allen,In The Paint (Non-RA),18.0,13.0,72.22222222222223,1.4444444444444444,100.0,29.508196721311474
Jarrett Allen,Mid-Range,1.0,0.0,0.0,0.0,,1.639344262295082
Jarrett Allen,Restricted Area,42.0,31.0,73.80952380952381,1.4761904761904763,77.41935483870968,68.85245901639344
Javonte Green,Above the Break 3,1.0,0.0,0.0,0.0,,10.0
Javonte Green,In The Paint (Non-RA),1.0,0.0,0.0,0.0,,10.0
Javonte Green,Left Corner 3,1.0,1.0,100.0,3.0,100.0,10.0
Javonte Green,Restricted Area,4.0,3.0,75.0,1.5,33.333333333333336,40.0
Javonte Green,Right Corner 3,3.0,0.0,0.0,0.0,,30.0
Jaxson Hayes,In The Paint (Non-RA),2.0,0.0,0.0,0.0,,25.0
Jaxson Hayes,Restricted Area,6.0,3.0,50.0,1.0,100.0,75.0
Jay Huff,Above the Break 3,1.0,0.0,0.0,0.0,,25.0
Jay Huff,In The Paint (Non-RA),1.0,0.0,0.0,0.0,,25.0
Jay Huff,Restricted Area,2.0,2.0,100.0,2.0,50.0,50.0
Jaylen Brown,Above the Break 3,49.0,16.0,32.6530612244898,0.9795918367346939,62.5,25.128205128205128
Jaylen Brown,In The Paint (Non-RA),53.0,21.0,39.62264150943396,0.7924528301886793,14.285714285714286,27.17948717948718
Jaylen Brown,Left Corner 3,9.0,4.0,44.44444444444444,1.3333333333333333,100.0,4.615384615384616
Jaylen Brown,Mid-Range,32.0,13.0,40.625,0.8125,15.384615384615385,16.41025641025641
Jaylen Brown,Restricted Area,47.0,31.0,65.95744680851064,1.3191489361702127,45.16129032258065,24.102564102564102
Jaylen Brown,Right Corner 3,5.0,1.0,20.0,0.6,100.0,2.564102564102564
Jaylen Clark,In The Paint (Non-RA),1.0,1.0,100.0,2.0,100.0,20.0
Jaylen Clark,Left Corner 3,1.0,0.0,0.0,0.0,,20.0
Jaylen Clark,Restricted Area,3.0,3.0,100.0,2.0,33.333333333333336,60.0
Jaylin Williams,Above the Break 3,20.0,8.0,40.0,1.2,100.0,57.14285714285714
Jaylin Williams,In The Paint (Non-RA),4.0,2.0,50.0,1.0,100.0,11.428571428571429
Jaylin Williams,Left Corner 3,4.0,0.0,0.0,0.0,,11.428571428571429
Jaylin Williams,Mid-Range,1.0,1.0,100.0,2.0,100.0,2.857142857142857
Jaylin Williams,Restricted Area,5.0,3.0,60.0,1.2,100.0,14.285714285714285
Jaylin Williams,Right Corner 3,1.0,1.0,100.0,3.0,100.0,2.857142857142857
Jaylon Tyson,Above the Break 3,5.0,1.0,20.0,0.6,100.0,33.33333333333333
Jaylon Tyson,In The Paint (Non-RA),1.0,0.0,0.0,0.0,,6.666666666666667
Jaylon Tyson,Left Corner 3,1.0,1.0,100.0,3.0,100.0,6.666666666666667
Jaylon Tyson,Restricted Area,5.0,2.0,40.0,0.8,100.0,33.33333333333333
Jaylon Tyson,Right Corner 3,3.0,3.0,100.0,3.0,100.0,20.0
Jayson Tatum,Above the Break 3,76.0,29.0,38.1578947368421,1.144736842105263,20.689655172413794,43.42857142857143
Jayson Tatum,In The Paint (Non-RA),24.0,3.0,12.5,0.25,0.0,13.714285714285715
Jayson Tatum,Left Corner 3,1.0,0.0,0.0,0.0,,0.5714285714285714
Jayson Tatum,Mid-Range,37.0,15.0,40.54054054054054,0.8108108108108109,20.0,21.142857142857142
Jayson Tatum,Restricted Area,36.0,27.0,75.0,1.5,40.74074074074074,20.57142857142857
Jayson Tatum,Right Corner 3,1.0,0.0,0.0,0.0,,0.5714285714285714
Jeff Green,In The Paint (Non-RA),1.0,0.0,0.0,0.0,,33.33333333333333
Jeff Green,Left Corner 3,1.0,1.0,100.0,3.0,100.0,33.33333333333333
Jeff Green,Restricted Area,1.0,0.0,0.0,0.0,,33.33333333333333
Jericho Sims,Restricted Area,6.0,6.0,100.0,2.0,83.33333333333333,100.0
Jett Howard,Above the Break 3,2.0,2.0,100.0,3.0,50.0,100.0
Jimmy Butler III,Above the Break 3,19.0,7.0,36.8421052631579,1.105263157894737,85.71428571428571,12.5
Jimmy Butler III,Backcourt,1.0,0.0,0.0,0.0,,0.6578947368421052
Jimmy Butler III,In The Paint (Non-RA),42.0,17.0,40.476190476190474,0.8095238095238095,29.41176470588235,27.631578947368425
Jimmy Butler III,Left Corner 3,9.0,3.0,33.333333333333336,1.0,100.0,5.921052631578947
Jimmy Butler III,Mid-Range,30.0,10.0,33.333333333333336,0.6666666666666666,50.0,19.736842105263158
Jimmy Butler III,Restricted Area,44.0,30.0,68.18181818181819,1.3636363636363635,33.333333333333336,28.947368421052634
Jimmy Butler III,Right Corner 3,7.0,1.0,14.285714285714286,0.42857142857142855,100.0,4.605263157894736
Jock Landale,In The Paint (Non-RA),1.0,1.0,100.0,2.0,100.0,50.0
Jock Landale,Mid-Range,1.0,0.0,0.0,0.0,,50.0
John Konchar,Above the Break 3,3.0,1.0,33.333333333333336,1.0,100.0,33.33333333333333
John Konchar,In The Paint (Non-RA),1.0,0.0,0.0,0.0,,11.11111111111111
John Konchar,Left Corner 3,3.0,0.0,0.0,0.0,,33.33333333333333
John Konchar,Restricted Area,2.0,2.0,100.0,2.0,100.0,22.22222222222222
Johnny Furphy,In The Paint (Non-RA),1.0,0.0,0.0,0.0,,25.0
Johnny Furphy,Restricted Area,1.0,1.0,100.0,2.0,100.0,25.0
Johnny Furphy,Right Corner 3,2.0,0.0,0.0,0.0,,50.0
Jonathan Isaac,Above the Break 3,2.0,0.0,0.0,0.0,,16.666666666666664
Jonathan Isaac,Mid-Range,1.0,0.0,0.0,0.0,,8.333333333333332
Jonathan Isaac,Restricted Area,7.0,6.0,85.71428571428571,1.7142857142857142,100.0,58.333333333333336
Jonathan Isaac,Right Corner 3,2.0,1.0,50.0,1.5,100.0,16.666666666666664
Jonathan Kuminga,Above the Break 3,12.0,4.0,33.333333333333336,1.0,100.0,12.903225806451612
Jonathan Kuminga,Backcourt,1.0,0.0,0.0,0.0,,1.0752688172043012
Jonathan Kuminga,In The Paint (Non-RA),29.0,8.0,27.586206896551722,0.5517241379310345,50.0,31.182795698924732
Jonathan Kuminga,Left Corner 3,8.0,4.0,50.0,1.5,75.0,8.60215053763441
Jonathan Kuminga,Mid-Range,7.0,4.0,57.142857142857146,1.1428571428571428,50.0,7.526881720430108
Jonathan Kuminga,Restricted Area,32.0,23.0,71.875,1.4375,65.21739130434783,34.40860215053764
Jonathan Kuminga,Right Corner 3,4.0,2.0,50.0,1.5,100.0,4.301075268817205
Jordan Goodwin,Above the Break 3,1.0,0.0,0.0,0.0,,20.0
Jordan Goodwin,Left Corner 3,1.0,0.0,0.0,0.0,,20.0
Jordan Goodwin,Mid-Range,2.0,1.0,50.0,1.0,100.0,40.0
Jordan Goodwin,Restricted Area,1.0,0.0,0.0,0.0,,20.0
Jordan Miller,Above the Break 3,1.0,0.0,0.0,0.0,,14.285714285714285
Jordan Miller,In The Paint (Non-RA),1.0,0.0,0.0,0.0,,14.285714285714285
Jordan Miller,Restricted Area,5.0,3.0,60.0,1.2,66.66666666666667,71.42857142857143
Jordan Walsh,Left Corner 3,1.0,0.0,0.0,0.0,,100.0
Josh Hart,Above the Break 3,38.0,14.0,36.8421052631579,1.105263157894737,92.85714285714286,26.38888888888889
Josh Hart,In The Paint (Non-RA),24.0,10.0,41.666666666666664,0.8333333333333334,40.0,16.666666666666664
Josh Hart,Left Corner 3,9.0,5.0,55.55555555555556,1.6666666666666667,100.0,6.25
Josh Hart,Mid-Range,8.0,1.0,12.5,0.25,100.0,5.555555555555555
Josh Hart,Restricted Area,58.0,37.0,63.793103448275865,1.2758620689655173,64.86486486486487,40.27777777777778
Josh Hart,Right Corner 3,7.0,1.0,14.285714285714286,0.42857142857142855,100.0,4.861111111111112
Josh Minott,Above the Break 3,5.0,1.0,20.0,0.6,100.0,62.5
Josh Minott,Left Corner 3,1.0,0.0,0.0,0.0,,12.5
Josh Minott,Restricted Area,2.0,1.0,50.0,1.0,100.0,25.0
Jrue Holiday,Above the Break 3,19.0,8.0,42.10526315789474,1.263157894736842,62.5,31.666666666666664
Jrue Holiday,Backcourt,1.0,0.0,0.0,0.0,,1.6666666666666667
Jrue Holiday,In The Paint (Non-RA),11.0,3.0,27.272727272727273,0.5454545454545454,0.0,18.333333333333332
Jrue Holiday,Left Corner 3,6.0,1.0,16.666666666666668,0.5,100.0,10.0
Jrue Holiday,Mid-Range,5.0,1.0,20.0,0.4,100.0,8.333333333333332
Jrue Holiday,Restricted Area,18.0,16.0,88.88888888888889,1.7777777777777777,68.75,30.0
Julian Strawther,Above the Break 3,7.0,4.0,57.142857142857146,1.7142857142857142,50.0,23.333333333333332
Julian Strawther,In The Paint (Non-RA),10.0,3.0,30.0,0.6,100.0,33.33333333333333
Julian Strawther,Left Corner 3,3.0,1.0,33.333333333333336,1.0,100.0,10.0
Julian Strawther,Mid-Range,3.0,1.0,33.333333333333336,0.6666666666666666,100.0,10.0
Julian Strawther,Restricted Area,5.0,3.0,60.0,1.2,100.0,16.666666666666664
Julian Strawther,Right Corner 3,2.0,1.0,50.0,1.5,100.0,6.666666666666667
Julius Randle,Above the Break 3,60.0,26.0,43.333333333333336,1.3,65.38461538461539,26.200873362445414
Julius Randle,In The Paint (Non-RA),72.0,35.0,48.611111111111114,0.9722222222222222,37.142857142857146,31.4410480349345
Julius Randle,Left Corner 3,11.0,2.0,18.181818181818183,0.5454545454545454,100.0,4.8034934497816595
Julius Randle,Mid-Range,15.0,8.0,53.333333333333336,1.0666666666666667,37.5,6.550218340611353
Julius Randle,Restricted Area,64.0,42.0,65.625,1.3125,52.38095238095238,27.947598253275107
Julius Randle,Right Corner 3,7.0,2.0,28.571428571428573,0.8571428571428571,100.0,3.056768558951965
Karl-Anthony Towns,Above the Break 3,68.0,23.0,33.8235294117647,1.0147058823529411,86.95652173913044,23.859649122807017
Karl-Anthony Towns,Backcourt,1.0,0.0,0.0,0.0,,0.3508771929824561
Karl-Anthony Towns,In The Paint (Non-RA),77.0,30.0,38.96103896103896,0.7792207792207793,46.666666666666664,27.017543859649123
Karl-Anthony Towns,Left Corner 3,3.0,2.0,66.66666666666667,2.0,100.0,1.0526315789473684
Karl-Anthony Towns,Mid-Range,38.0,16.0,42.10526315789474,0.8421052631578947,50.0,13.333333333333334
Karl-Anthony Towns,Restricted Area,96.0,67.0,69.79166666666667,1.3958333333333333,58.208955223880594,33.68421052631579
Karl-Anthony Towns,Right Corner 3,2.0,1.0,50.0,1.5,100.0,0.7017543859649122
Kawhi Leonard,Above the Break 3,29.0,9.0,31.03448275862069,0.9310344827586207,77.77777777777777,23.577235772357724
Kawhi Leonard,In The Paint (Non-RA),32.0,16.0,50.0,1.0,43.75,26.01626016260163
Kawhi Leonard,Left Corner 3,6.0,4.0,66.66666666666667,2.0,100.0,4.878048780487805
Kawhi Leonard,Mid-Range,28.0,13.0,46.42857142857143,0.9285714285714286,15.384615384615385,22.76422764227642
Kawhi Leonard,Restricted Area,26.0,22.0,84.61538461538461,1.6923076923076923,40.90909090909091,21.138211382113823
Kawhi Leonard,Right Corner 3,2.0,2.0,100.0,3.0,100.0,1.6260162601626018
Kel'el Ware,Above the Break 3,7.0,1.0,14.285714285714286,0.42857142857142855,100.0,38.88888888888889
Kel'el Ware,In The Paint (Non-RA),1.0,1.0,100.0,2.0,100.0,5.555555555555555
Kel'el Ware,Left Corner 3,1.0,1.0,100.0,3.0,100.0,5.555555555555555
Kel'el Ware,Mid-Range,2.0,1.0,50.0,1.0,0.0,11.11111111111111
Kel'el Ware,Restricted Area,4.0,3.0,75.0,1.5,66.66666666666667,22.22222222222222
Kel'el Ware,Right Corner 3,3.0,1.0,33.333333333333336,1.0,100.0,16.666666666666664
Kenrich Williams,Above the Break 3,14.0,2.0,14.285714285714286,0.42857142857142855,100.0,35.0
Kenrich Williams,In The Paint (Non-RA),6.0,4.0,66.66666666666667,1.3333333333333333,50.0,15.0
Kenrich Williams,Left Corner 3,3.0,0.0,0.0,0.0,,7.5
Kenrich Williams,Mid-Range,2.0,1.0,50.0,1.0,100.0,5.0
Kenrich Williams,Restricted Area,12.0,7.0,58.333333333333336,1.1666666666666667,42.857142857142854,30.0
Kenrich Williams,Right Corner 3,3.0,2.0,66.66666666666667,2.0,100.0,7.5
Kentavious Caldwell-Pope,Above the Break 3,15.0,4.0,26.666666666666668,0.8,100.0,50.0
Kentavious Caldwell-Pope,In The Paint (Non-RA),1.0,0.0,0.0,0.0,,3.3333333333333335
Kentavious Caldwell-Pope,Left Corner 3,5.0,1.0,20.0,0.6,100.0,16.666666666666664
Kentavious Caldwell-Pope,Mid-Range,5.0,2.0,40.0,0.8,50.0,16.666666666666664
Kentavious Caldwell-Pope,Restricted Area,1.0,0.0,0.0,0.0,,3.3333333333333335
Kentavious Caldwell-Pope,Right Corner 3,3.0,1.0,33.333333333333336,1.0,100.0,10.0
Keshad Johnson,Restricted Area,1.0,1.0,100.0,2.0,100.0,100.0
Kevin Knox II,Above the Break 3,3.0,0.0,0.0,0.0,,15.0
Kevin Knox II,In The Paint (Non-RA),4.0,0.0,0.0,0.0,,20.0
Kevin Knox II,Left Corner 3,2.0,1.0,50.0,1.5,100.0,10.0
Kevin Knox II,Mid-Range,1.0,1.0,100.0,2.0,100.0,5.0
Kevin Knox II,Restricted Area,9.0,6.0,66.66666666666667,1.3333333333333333,83.33333333333333,45.0
Kevin Knox II,Right Corner 3,1.0,0.0,0.0,0.0,,5.0
Kevin Porter Jr.,Above the Break 3,13.0,6.0,46.15384615384615,1.3846153846153846,66.66666666666667,27.083333333333332
Kevin Porter Jr.,In The Paint (Non-RA),14.0,4.0,28.571428571428573,0.5714285714285714,25.0,29.166666666666668
Kevin Porter Jr.,Left Corner 3,1.0,1.0,100.0,3.0,100.0,2.083333333333333
Kevin Porter Jr.,Mid-Range,11.0,4.0,36.36363636363637,0.7272727272727273,0.0,22.916666666666664
Kevin Porter Jr.,Restricted Area,8.0,4.0,50.0,1.0,0.0,16.666666666666664
Kevin Porter Jr.,Right Corner 3,1.0,0.0,0.0,0.0,,2.083333333333333
Kevon Looney,In The Paint (Non-RA),7.0,3.0,42.857142857142854,0.8571428571428571,100.0,30.434782608695656
Kevon Looney,Mid-Range,1.0,0.0,0.0,0.0,,4.3478260869565215
Kevon Looney,Restricted Area,15.0,7.0,46.666666666666664,0.9333333333333333,28.571428571428573,65.21739130434783
Kobe Brown,Above the Break 3,1.0,1.0,100.0,3.0,100.0,12.5
Kobe Brown,In The Paint (Non-RA),1.0,0.0,0.0,0.0,,12.5
Kobe Brown,Restricted Area,6.0,6.0,100.0,2.0,83.33333333333333,75.0
Kris Dunn,Above the Break 3,13.0,6.0,46.15384615384615,1.3846153846153846,100.0,29.545454545454547
Kris Dunn,In The Paint (Non-RA),5.0,1.0,20.0,0.4,100.0,11.363636363636363
Kris Dunn,Left Corner 3,5.0,0.0,0.0,0.0,,11.363636363636363
Kris Dunn,Restricted Area,11.0,6.0,54.54545454545455,1.0909090909090908,100.0,25.0
Kris Dunn,Right Corner 3,10.0,4.0,40.0,1.2,100.0,22.727272727272727
Kristaps Porziņģis,Above the Break 3,25.0,4.0,16.0,0.48,100.0,31.645569620253166
Kristaps Porziņģis,In The Paint (Non-RA),20.0,4.0,20.0,0.4,100.0,25.31645569620253
Kristaps Porziņģis,Mid-Range,9.0,3.0,33.333333333333336,0.6666666666666666,33.333333333333336,11.39240506329114
Kristaps Porziņģis,Restricted Area,24.0,14.0,58.333333333333336,1.1666666666666667,71.42857142857143,30.37974683544304
Kristaps Porziņģis,Right Corner 3,1.0,0.0,0.0,0.0,,1.2658227848101267
Kyle Anderson,In The Paint (Non-RA),2.0,0.0,0.0,0.0,,100.0
Kyle Kuzma,Above the Break 3,5.0,1.0,20.0,0.6,100.0,14.285714285714285
Kyle Kuzma,In The Paint (Non-RA),10.0,5.0,50.0,1.0,80.0,28.57142857142857
Kyle Kuzma,Left Corner 3,3.0,1.0,33.333333333333336,1.0,100.0,8.571428571428571
Kyle Kuzma,Mid-Range,2.0,1.0,50.0,1.0,0.0,5.714285714285714
Kyle Kuzma,Restricted Area,13.0,4.0,30.76923076923077,0.6153846153846154,50.0,37.142857142857146
Kyle Kuzma,Right Corner 3,2.0,0.0,0.0,0.0,,5.714285714285714
Lamar Stevens,Above the Break 3,1.0,0.0,0.0,0.0,,11.11111111111111
Lamar Stevens,In The Paint (Non-RA),3.0,0.0,0.0,0.0,,33.33333333333333
Lamar Stevens,Left Corner 3,1.0,0.0,0.0,0.0,,11.11111111111111
Lamar Stevens,Restricted Area,3.0,2.0,66.66666666666667,1.3333333333333333,100.0,33.33333333333333
Lamar Stevens,Right Corner 3,1.0,0.0,0.0,0.0,,11.11111111111111
Landry Shamet,Above the Break 3,11.0,5.0,45.45454545454545,1.3636363636363635,100.0,55.00000000000001
Landry Shamet,Left Corner 3,2.0,1.0,50.0,1.5,100.0,10.0
Landry Shamet,Mid-Range,2.0,1.0,50.0,1.0,100.0,10.0
Landry Shamet,Restricted Area,3.0,1.0,33.333333333333336,0.6666666666666666,100.0,15.0
Landry Shamet,Right Corner 3,2.0,1.0,50.0,1.5,100.0,10.0
LeBron James,Above the Break 3,21.0,6.0,28.571428571428573,0.8571428571428571,50.0,23.863636363636363
LeBron James,In The Paint (Non-RA),14.0,3.0,21.428571428571427,0.42857142857142855,33.333333333333336,15.909090909090908
LeBron James,Left Corner 3,4.0,2.0,50.0,1.5,100.0,4.545454545454546
LeBron James,Mid-Range,16.0,8.0,50.0,1.0,62.5,18.181818181818183
LeBron James,Restricted Area,30.0,22.0,73.33333333333333,1.4666666666666666,59.09090909090909,34.090909090909086
LeBron James,Right Corner 3,3.0,2.0,66.66666666666667,2.0,100.0,3.4090909090909087
Leonard Miller,Above the Break 3,1.0,1.0,100.0,3.0,100.0,12.5
Leonard Miller,Restricted Area,7.0,5.0,71.42857142857143,1.4285714285714286,60.0,87.5
Luguentz Dort,Above the Break 3,97.0,29.0,29.896907216494846,0.8969072164948454,93.10344827586206,59.14634146341463
Luguentz Dort,In The Paint (Non-RA),5.0,1.0,20.0,0.4,100.0,3.048780487804878
Luguentz Dort,Left Corner 3,23.0,8.0,34.78260869565217,1.0434782608695652,100.0,14.02439024390244
Luguentz Dort,Mid-Range,6.0,0.0,0.0,0.0,,3.6585365853658534
Luguentz Dort,Restricted Area,13.0,11.0,84.61538461538461,1.6923076923076923,90.9090909090909,7.926829268292683
Luguentz Dort,Right Corner 3,20.0,11.0,55.0,1.65,100.0,12.195121951219512
Luka Dončić,Above the Break 3,44.0,15.0,34.09090909090909,1.0227272727272727,33.333333333333336,42.30769230769231
Luka Dončić,Backcourt,1.0,0.0,0.0,0.0,,0.9615384615384616
Luka Dončić,In The Paint (Non-RA),24.0,12.0,50.0,1.0,16.666666666666668,23.076923076923077
Luka Dončić,Left Corner 3,1.0,1.0,100.0,3.0,100.0,0.9615384615384616
Luka Dončić,Mid-Range,17.0,7.0,41.1764705882353,0.8235294117647058,14.285714285714286,16.346153846153847
Luka Dončić,Restricted Area,17.0,12.0,70.58823529411765,1.411764705882353,50.0,16.346153846153847
Luka Garza,Above the Break 3,1.0,1.0,100.0,3.0,100.0,16.666666666666664
Luka Garza,Mid-Range,1.0,1.0,100.0,2.0,0.0,16.666666666666664
Luka Garza,Restricted Area,4.0,4.0,100.0,2.0,25.0,66.66666666666666
Luke Kennard,Above the Break 3,8.0,2.0,25.0,0.75,100.0,44.44444444444444
Luke Kennard,In The Paint (Non-RA),3.0,2.0,66.66666666666667,1.3333333333333333,50.0,16.666666666666664
Luke Kennard,Mid-Range,3.0,2.0,66.66666666666667,1.3333333333333333,50.0,16.666666666666664
Luke Kennard,Restricted Area,3.0,2.0,66.66666666666667,1.3333333333333333,50.0,16.666666666666664
Luke Kennard,Right Corner 3,1.0,0.0,0.0,0.0,,5.555555555555555
Luke Kornet,In The Paint (Non-RA),3.0,1.0,33.333333333333336,0.6666666666666666,100.0,10.344827586206897
Luke Kornet,Restricted Area,26.0,20.0,76.92307692307692,1.5384615384615385,65.0,89.65517241379311
Malik Beasley,Above the Break 3,41.0,13.0,31.70731707317073,0.9512195121951219,100.0,54.666666666666664
Malik Beasley,In The Paint (Non-RA),5.0,1.0,20.0,0.4,100.0,6.666666666666667
Malik Beasley,Left Corner 3,9.0,3.0,33.333333333333336,1.0,100.0,12.0
Malik Beasley,Mid-Range,3.0,1.0,33.333333333333336,0.6666666666666666,0.0,4.0
Malik Beasley,Restricted Area,8.0,6.0,75.0,1.5,66.66666666666667,10.666666666666668
Malik Beasley,Right Corner 3,9.0,4.0,44.44444444444444,1.3333333333333333,75.0,12.0
Marvin Bagley III,Backcourt,1.0,1.0,100.0,3.0,100.0,11.11111111111111
Marvin Bagley III,In The Paint (Non-RA),1.0,0.0,0.0,0.0,,11.11111111111111
Marvin Bagley III,Restricted Area,7.0,7.0,100.0,2.0,71.42857142857143,77.77777777777779
Max Strus,Above the Break 3,49.0,20.0,40.816326530612244,1.2244897959183674,95.0,55.0561797752809
Max Strus,In The Paint (Non-RA),2.0,1.0,50.0,1.0,100.0,2.247191011235955
Max Strus,Left Corner 3,9.0,3.0,33.333333333333336,1.0,100.0,10.112359550561797
Max Strus,Restricted Area,20.0,10.0,50.0,1.0,50.0,22.47191011235955
Max Strus,Right Corner 3,9.0,3.0,33.333333333333336,1.0,66.66666666666667,10.112359550561797
Maxi Kleber,Right Corner 3,1.0,0.0,0.0,0.0,,100.0
Michael Porter Jr.,Above the Break 3,49.0,19.0,38.775510204081634,1.163265306122449,100.0,40.833333333333336
Michael Porter Jr.,In The Paint (Non-RA),10.0,3.0,30.0,0.6,33.333333333333336,8.333333333333332
Michael Porter Jr.,Left Corner 3,12.0,3.0,25.0,0.75,100.0,10.0
Michael Porter Jr.,Mid-Range,13.0,4.0,30.76923076923077,0.6153846153846154,100.0,10.833333333333334
Michael Porter Jr.,Restricted Area,27.0,16.0,59.25925925925926,1.1851851851851851,68.75,22.5
Michael Porter Jr.,Right Corner 3,9.0,2.0,22.22222222222222,0.6666666666666666,100.0,7.5
Mikal Bridges,Above the Break 3,47.0,17.0,36.170212765957444,1.0851063829787233,94.11764705882354,17.870722433460077
Mikal Bridges,Backcourt,3.0,0.0,0.0,0.0,,1.1406844106463878
Mikal Bridges,In The Paint (Non-RA),67.0,36.0,53.73134328358209,1.0746268656716418,36.111111111111114,25.475285171102662
Mikal Bridges,Left Corner 3,12.0,3.0,25.0,0.75,100.0,4.562737642585551
Mikal Bridges,Mid-Range,61.0,21.0,34.42622950819672,0.6885245901639344,28.571428571428573,23.193916349809886
Mikal Bridges,Restricted Area,51.0,35.0,68.62745098039215,1.3725490196078431,51.42857142857143,19.39163498098859
Mikal Bridges,Right Corner 3,22.0,8.0,36.36363636363637,1.0909090909090908,100.0,8.365019011406844
Mike Conley,Above the Break 3,42.0,13.0,30.952380952380953,0.9285714285714286,76.92307692307692,43.75
Mike Conley,In The Paint (Non-RA),19.0,5.0,26.31578947368421,0.5263157894736842,60.0,19.791666666666664
Mike Conley,Left Corner 3,3.0,2.0,66.66666666666667,2.0,100.0,3.125
Mike Conley,Mid-Range,6.0,1.0,16.666666666666668,0.3333333333333333,0.0,6.25
Mike Conley,Restricted Area,11.0,3.0,27.272727272727273,0.5454545454545454,66.66666666666667,11.458333333333332
Mike Conley,Right Corner 3,15.0,5.0,33.333333333333336,1.0,100.0,15.625
Miles McBride,Above the Break 3,37.0,12.0,32.432432432432435,0.972972972972973,58.333333333333336,41.11111111111111
Miles McBride,Backcourt,1.0,0.0,0.0,0.0,,1.1111111111111112
Miles McBride,In The Paint (Non-RA),8.0,3.0,37.5,0.75,33.333333333333336,8.88888888888889
Miles McBride,Left Corner 3,12.0,6.0,50.0,1.5,83.33333333333333,13.333333333333334
Miles McBride,Mid-Range,14.0,4.0,28.571428571428573,0.5714285714285714,25.0,15.555555555555555
Miles McBride,Restricted Area,9.0,5.0,55.55555555555556,1.1111111111111112,0.0,10.0
Miles McBride,Right Corner 3,9.0,4.0,44.44444444444444,1.3333333333333333,100.0,10.0
Mitchell Robinson,In The Paint (Non-RA),3.0,1.0,33.333333333333336,0.6666666666666666,100.0,5.88235294117647
Mitchell Robinson,Restricted Area,48.0,30.0,62.5,1.25,46.666666666666664,94.11764705882352
Moses Moody,Above the Break 3,32.0,12.0,37.5,1.125,58.333333333333336,40.0
Moses Moody,In The Paint (Non-RA),16.0,5.0,31.25,0.625,60.0,20.0
Moses Moody,Left Corner 3,9.0,3.0,33.333333333333336,1.0,66.66666666666667,11.25
Moses Moody,Mid-Range,6.0,1.0,16.666666666666668,0.3333333333333333,100.0,7.5
Moses Moody,Restricted Area,13.0,7.0,53.84615384615385,1.0769230769230769,28.571428571428573,16.25
Moses Moody,Right Corner 3,4.0,0.0,0.0,0.0,,5.0
Myles Turner,Above the Break 3,73.0,21.0,28.767123287671232,0.863013698630137,100.0,33.33333333333333
Myles Turner,In The Paint (Non-RA),43.0,24.0,55.81395348837209,1.1162790697674418,95.83333333333333,19.63470319634703
Myles Turner,Left Corner 3,2.0,2.0,100.0,3.0,100.0,0.91324200913242
Myles Turner,Mid-Range,36.0,21.0,58.333333333333336,1.1666666666666667,80.95238095238095,16.43835616438356
Myles Turner,Restricted Area,49.0,30.0,61.224489795918366,1.2244897959183674,76.66666666666667,22.37442922374429
Myles Turner,Right Corner 3,16.0,8.0,50.0,1.5,100.0,7.30593607305936
Nate Williams,Right Corner 3,1.0,0.0,0.0,0.0,,100.0
Naz Reid,Above the Break 3,44.0,18.0,40.90909090909091,1.2272727272727273,94.44444444444444,40.0
Naz Reid,In The Paint (Non-RA),20.0,16.0,80.0,1.6,50.0,18.181818181818183
Naz Reid,Left Corner 3,7.0,2.0,28.571428571428573,0.8571428571428571,100.0,6.363636363636363
Naz Reid,Mid-Range,3.0,1.0,33.333333333333336,0.6666666666666666,100.0,2.727272727272727
Naz Reid,Restricted Area,24.0,14.0,58.333333333333336,1.1666666666666667,42.857142857142854,21.818181818181817
Naz Reid,Right Corner 3,12.0,5.0,41.666666666666664,1.25,100.0,10.909090909090908
Neemias Queta,Restricted Area,6.0,5.0,83.33333333333333,1.6666666666666667,60.0,100.0
Nickeil Alexander-Walker,Above the Break 3,36.0,13.0,36.111111111111114,1.0833333333333333,84.61538461538461,31.858407079646017
Nickeil Alexander-Walker,In The Paint (Non-RA),13.0,4.0,30.76923076923077,0.6153846153846154,75.0,11.504424778761061
Nickeil Alexander-Walker,Left Corner 3,9.0,4.0,44.44444444444444,1.3333333333333333,100.0,7.964601769911504
Nickeil Alexander-Walker,Mid-Range,7.0,0.0,0.0,0.0,,6.1946902654867255
Nickeil Alexander-Walker,Restricted Area,30.0,18.0,60.0,1.2,61.111111111111114,26.548672566371685
Nickeil Alexander-Walker,Right Corner 3,18.0,5.0,27.77777777777778,0.8333333333333334,100.0,15.929203539823009
Nicolas Batum,Above the Break 3,20.0,10.0,50.0,1.5,100.0,60.60606060606061
Nicolas Batum,Left Corner 3,7.0,2.0,28.571428571428573,0.8571428571428571,100.0,21.21212121212121
Nicolas Batum,Right Corner 3,6.0,1.0,16.666666666666668,0.5,100.0,18.181818181818183
Nikola Jokić,Above the Break 3,59.0,26.0,44.067796610169495,1.3220338983050848,73.07692307692308,22.01492537313433
Nikola Jokić,Backcourt,8.0,0.0,0.0,0.0,,2.9850746268656714
Nikola Jokić,In The Paint (Non-RA),106.0,52.0,49.056603773584904,0.9811320754716981,46.15384615384615,39.55223880597015
Nikola Jokić,Left Corner 3,1.0,1.0,100.0,3.0,100.0,0.3731343283582089
Nikola Jokić,Mid-Range,38.0,12.0,31.57894736842105,0.631578947368421,41.666666666666664,14.17910447761194
Nikola Jokić,Restricted Area,53.0,40.0,75.47169811320755,1.509433962264151,40.0,19.776119402985074
Nikola Jokić,Right Corner 3,3.0,0.0,0.0,0.0,,1.1194029850746268
Nikola Jović,Above the Break 3,12.0,3.0,25.0,0.75,100.0,34.285714285714285
Nikola Jović,In The Paint (Non-RA),4.0,3.0,75.0,1.5,33.333333333333336,11.428571428571429
Nikola Jović,Left Corner 3,4.0,1.0,25.0,0.75,100.0,11.428571428571429
Nikola Jović,Mid-Range,2.0,0.0,0.0,0.0,,5.714285714285714
Nikola Jović,Restricted Area,5.0,4.0,80.0,1.6,75.0,14.285714285714285
Nikola Jović,Right Corner 3,8.0,2.0,25.0,0.75,100.0,22.857142857142858
Norman Powell,Above the Break 3,28.0,10.0,35.714285714285715,1.0714285714285714,80.0,31.46067415730337
Norman Powell,In The Paint (Non-RA),23.0,13.0,56.52173913043478,1.1304347826086956,69.23076923076923,25.842696629213485
Norman Powell,Left Corner 3,9.0,3.0,33.333333333333336,1.0,100.0,10.112359550561797
Norman Powell,Mid-Range,5.0,1.0,20.0,0.4,100.0,5.617977528089887
Norman Powell,Restricted Area,21.0,14.0,66.66666666666667,1.3333333333333333,50.0,23.595505617977526
Norman Powell,Right Corner 3,3.0,1.0,33.333333333333336,1.0,100.0,3.3707865168539324
OG Anunoby,Above the Break 3,60.0,26.0,43.333333333333336,1.3,69.23076923076923,24.291497975708502
OG Anunoby,Backcourt,1.0,0.0,0.0,0.0,,0.4048582995951417
OG Anunoby,In The Paint (Non-RA),28.0,9.0,32.142857142857146,0.6428571428571429,44.44444444444444,11.336032388663968
OG Anunoby,Left Corner 3,38.0,9.0,23.68421052631579,0.7105263157894737,100.0,15.384615384615385
OG Anunoby,Mid-Range,29.0,11.0,37.93103448275862,0.7586206896551724,36.36363636363637,11.740890688259109
OG Anunoby,Restricted Area,69.0,42.0,60.869565217391305,1.2173913043478262,64.28571428571429,27.93522267206478
OG Anunoby,Right Corner 3,22.0,6.0,27.272727272727273,0.8181818181818182,100.0,8.906882591093117
Obi Toppin,Above the Break 3,51.0,15.0,29.41176470588235,0.8823529411764706,100.0,29.82456140350877
Obi Toppin,Backcourt,2.0,0.0,0.0,0.0,,1.1695906432748537
Obi Toppin,In The Paint (Non-RA),27.0,15.0,55.55555555555556,1.1111111111111112,86.66666666666667,15.789473684210526
Obi Toppin,Left Corner 3,13.0,4.0,30.76923076923077,0.9230769230769231,100.0,7.602339181286549
Obi Toppin,Mid-Range,9.0,4.0,44.44444444444444,0.8888888888888888,50.0,5.263157894736842
Obi Toppin,Restricted Area,57.0,39.0,68.42105263157895,1.368421052631579,66.66666666666667,33.33333333333333
Obi Toppin,Right Corner 3,12.0,6.0,50.0,1.5,100.0,7.017543859649122
Ousmane Dieng,Above the Break 3,6.0,4.0,66.66666666666667,2.0,25.0,60.0
Ousmane Dieng,In The Paint (Non-RA),1.0,0.0,0.0,0.0,,10.0
Ousmane Dieng,Mid-Range,2.0,0.0,0.0,0.0,,20.0
Ousmane Dieng,Right Corner 3,1.0,0.0,0.0,0.0,,10.0
Pacôme Dadiet,Restricted Area,1.0,1.0,100.0,2.0,100.0,100.0
Paolo Banchero,Above the Break 3,27.0,12.0,44.44444444444444,1.3333333333333333,66.66666666666667,21.774193548387096
Paolo Banchero,In The Paint (Non-RA),29.0,8.0,27.586206896551722,0.5517241379310345,25.0,23.387096774193548
Paolo Banchero,Mid-Range,43.0,16.0,37.2093023255814,0.7441860465116279,18.75,34.67741935483871
Paolo Banchero,Restricted Area,25.0,18.0,72.0,1.44,38.888888888888886,20.161290322580644
Pascal Siakam,Above the Break 3,61.0,25.0,40.98360655737705,1.2295081967213115,100.0,17.888563049853374
Pascal Siakam,In The Paint (Non-RA),82.0,39.0,47.5609756097561,0.9512195121951219,66.66666666666667,24.04692082111437
Pascal Siakam,Left Corner 3,8.0,4.0,50.0,1.5,100.0,2.346041055718475
Pascal Siakam,Mid-Range,80.0,29.0,36.25,0.725,55.172413793103445,23.46041055718475
Pascal Siakam,Restricted Area,97.0,72.0,74.22680412371135,1.4845360824742269,73.61111111111111,28.445747800586513
Pascal Siakam,Right Corner 3,13.0,6.0,46.15384615384615,1.3846153846153846,100.0,3.812316715542522
Pat Connaughton,Above the Break 3,1.0,0.0,0.0,0.0,,12.5
Pat Connaughton,In The Paint (Non-RA),2.0,0.0,0.0,0.0,,25.0
Pat Connaughton,Left Corner 3,1.0,0.0,0.0,0.0,,12.5
Pat Connaughton,Mid-Range,1.0,0.0,0.0,0.0,,12.5
Pat Connaughton,Restricted Area,1.0,1.0,100.0,2.0,100.0,12.5
Pat Connaughton,Right Corner 3,2.0,1.0,50.0,1.5,100.0,25.0
Pat Spencer,Above the Break 3,1.0,1.0,100.0,3.0,100.0,4.0
Pat Spencer,In The Paint (Non-RA),11.0,8.0,72.72727272727273,1.4545454545454546,25.0,44.0
Pat Spencer,Left Corner 3,2.0,0.0,0.0,0.0,,8.0
Pat Spencer,Mid-Range,1.0,1.0,100.0,2.0,0.0,4.0
Pat Spencer,Restricted Area,10.0,6.0,60.0,1.2,66.66666666666667,40.0
Patty Mills,Above the Break 3,1.0,1.0,100.0,3.0,100.0,50.0
Patty Mills,Restricted Area,1.0,0.0,0.0,0.0,,50.0
Paul Reed,In The Paint (Non-RA),1.0,0.0,0.0,0.0,,12.5
Paul Reed,Restricted Area,7.0,5.0,71.42857142857143,1.4285714285714286,40.0,87.5
Payton Pritchard,Above the Break 3,58.0,24.0,41.37931034482759,1.2413793103448276,66.66666666666667,58.58585858585859
Payton Pritchard,Backcourt,2.0,0.0,0.0,0.0,,2.0202020202020203
Payton Pritchard,In The Paint (Non-RA),6.0,2.0,33.333333333333336,0.6666666666666666,0.0,6.0606060606060606
Payton Pritchard,Left Corner 3,2.0,1.0,50.0,1.5,100.0,2.0202020202020203
Payton Pritchard,Mid-Range,7.0,3.0,42.857142857142854,0.8571428571428571,33.333333333333336,7.07070707070707
Payton Pritchard,Restricted Area,19.0,13.0,68.42105263157895,1.368421052631579,23.076923076923077,19.19191919191919
Payton Pritchard,Right Corner 3,5.0,2.0,40.0,1.2,100.0,5.05050505050505
Pelle Larsson,Above the Break 3,7.0,2.0,28.571428571428573,0.8571428571428571,100.0,46.666666666666664
Pelle Larsson,In The Paint (Non-RA),2.0,2.0,100.0,2.0,50.0,13.333333333333334
Pelle Larsson,Restricted Area,5.0,3.0,60.0,1.2,66.66666666666667,33.33333333333333
Pelle Larsson,Right Corner 3,1.0,1.0,100.0,3.0,100.0,6.666666666666667
Peyton Watson,Above the Break 3,8.0,2.0,25.0,0.75,100.0,13.559322033898304
Peyton Watson,In The Paint (Non-RA),14.0,6.0,42.857142857142854,0.8571428571428571,50.0,23.728813559322035
Peyton Watson,Left Corner 3,5.0,4.0,80.0,2.4,100.0,8.47457627118644
Peyton Watson,Mid-Range,4.0,1.0,25.0,0.5,100.0,6.779661016949152
Peyton Watson,Restricted Area,22.0,10.0,45.45454545454545,0.9090909090909091,40.0,37.28813559322034
Peyton Watson,Right Corner 3,6.0,1.0,16.666666666666668,0.5,100.0,10.16949152542373
Precious Achiuwa,Above the Break 3,1.0,0.0,0.0,0.0,,7.142857142857142
Precious Achiuwa,In The Paint (Non-RA),4.0,1.0,25.0,0.5,0.0,28.57142857142857
Precious Achiuwa,Mid-Range,1.0,0.0,0.0,0.0,,7.142857142857142
Precious Achiuwa,Restricted Area,8.0,5.0,62.5,1.25,60.0,57.14285714285714
Quinten Post,Above the Break 3,21.0,5.0,23.80952380952381,0.7142857142857143,100.0,43.75
Quinten Post,In The Paint (Non-RA),6.0,2.0,33.333333333333336,0.6666666666666666,100.0,12.5
Quinten Post,Left Corner 3,7.0,3.0,42.857142857142854,1.2857142857142858,100.0,14.583333333333334
Quinten Post,Mid-Range,3.0,1.0,33.333333333333336,0.6666666666666666,100.0,6.25
Quinten Post,Restricted Area,7.0,3.0,42.857142857142854,0.8571428571428571,66.66666666666667,14.583333333333334
Quinten Post,Right Corner 3,4.0,2.0,50.0,1.5,100.0,8.333333333333332
Reed Sheppard,Above the Break 3,2.0,0.0,0.0,0.0,,100.0
Rob Dillingham,Above the Break 3,1.0,0.0,0.0,0.0,,12.5
Rob Dillingham,In The Paint (Non-RA),2.0,0.0,0.0,0.0,,25.0
Rob Dillingham,Mid-Range,3.0,1.0,33.333333333333336,0.6666666666666666,0.0,37.5
Rob Dillingham,Restricted Area,1.0,1.0,100.0,2.0,0.0,12.5
Rob Dillingham,Right Corner 3,1.0,1.0,100.0,3.0,0.0,12.5
Ronald Holland II,Above the Break 3,1.0,0.0,0.0,0.0,,20.0
Ronald Holland II,Left Corner 3,2.0,0.0,0.0,0.0,,40.0
Ronald Holland II,Restricted Area,2.0,0.0,0.0,0.0,,40.0
Rudy Gobert,In The Paint (Non-RA),11.0,2.0,18.181818181818183,0.36363636363636365,50.0,13.924050632911392
Rudy Gobert,Restricted Area,68.0,44.0,64.70588235294117,1.2941176470588236,63.63636363636363,86.07594936708861
Rui Hachimura,Above the Break 3,16.0,8.0,50.0,1.5,100.0,28.07017543859649
Rui Hachimura,In The Paint (Non-RA),8.0,3.0,37.5,0.75,100.0,14.035087719298245
Rui Hachimura,Left Corner 3,9.0,4.0,44.44444444444444,1.3333333333333333,100.0,15.789473684210526
Rui Hachimura,Mid-Range,4.0,0.0,0.0,0.0,,7.017543859649122
Rui Hachimura,Restricted Area,14.0,10.0,71.42857142857143,1.4285714285714286,90.0,24.561403508771928
Rui Hachimura,Right Corner 3,6.0,3.0,50.0,1.5,100.0,10.526315789473683
Russell Westbrook,Above the Break 3,27.0,8.0,29.62962962962963,0.8888888888888888,75.0,20.30075187969925
Russell Westbrook,In The Paint (Non-RA),13.0,4.0,30.76923076923077,0.6153846153846154,50.0,9.774436090225564
Russell Westbrook,Left Corner 3,20.0,8.0,40.0,1.2,100.0,15.037593984962406
Russell Westbrook,Mid-Range,13.0,6.0,46.15384615384615,0.9230769230769231,16.666666666666668,9.774436090225564
Russell Westbrook,Restricted Area,44.0,22.0,50.0,1.0,40.90909090909091,33.08270676691729
Russell Westbrook,Right Corner 3,16.0,4.0,25.0,0.75,100.0,12.030075187969924
Ryan Rollins,Above the Break 3,7.0,2.0,28.571428571428573,0.8571428571428571,100.0,53.84615384615385
Ryan Rollins,In The Paint (Non-RA),4.0,0.0,0.0,0.0,,30.76923076923077
Ryan Rollins,Restricted Area,2.0,2.0,100.0,2.0,50.0,15.384615384615385
Sam Hauser,Above the Break 3,14.0,4.0,28.571428571428573,0.8571428571428571,100.0,58.333333333333336
Sam Hauser,Left Corner 3,2.0,0.0,0.0,0.0,,8.333333333333332
Sam Hauser,Mid-Range,1.0,1.0,100.0,2.0,100.0,4.166666666666666
Sam Hauser,Restricted Area,2.0,2.0,100.0,2.0,100.0,8.333333333333332
Sam Hauser,Right Corner 3,5.0,3.0,60.0,1.8,100.0,20.833333333333336
Sam Merrill,Above the Break 3,25.0,9.0,36.0,1.08,88.88888888888889,62.5
Sam Merrill,Backcourt,1.0,0.0,0.0,0.0,,2.5
Sam Merrill,Left Corner 3,7.0,4.0,57.142857142857146,1.7142857142857142,100.0,17.5
Sam Merrill,Restricted Area,1.0,1.0,100.0,2.0,0.0,2.5
Sam Merrill,Right Corner 3,6.0,1.0,16.666666666666668,0.5,100.0,15.0
Santi Aldama,Above the Break 3,16.0,7.0,43.75,1.3125,100.0,36.36363636363637
Santi Aldama,In The Paint (Non-RA),11.0,7.0,63.63636363636363,1.2727272727272727,42.857142857142854,25.0
Santi Aldama,Left Corner 3,3.0,1.0,33.333333333333336,1.0,100.0,6.8181818181818175
Santi Aldama,Mid-Range,5.0,2.0,40.0,0.8,50.0,11.363636363636363
Santi Aldama,Restricted Area,4.0,2.0,50.0,1.0,50.0,9.090909090909092
Santi Aldama,Right Corner 3,5.0,2.0,40.0,1.2,100.0,11.363636363636363
Scotty Pippen Jr.,Above the Break 3,23.0,8.0,34.78260869565217,1.0434782608695652,75.0,39.6551724137931
Scotty Pippen Jr.,Backcourt,1.0,0.0,0.0,0.0,,1.7241379310344827
Scotty Pippen Jr.,In The Paint (Non-RA),18.0,6.0,33.333333333333336,0.6666666666666666,33.333333333333336,31.03448275862069
Scotty Pippen Jr.,Left Corner 3,1.0,0.0,0.0,0.0,,1.7241379310344827
Scotty Pippen Jr.,Mid-Range,3.0,1.0,33.333333333333336,0.6666666666666666,100.0,5.172413793103448
Scotty Pippen Jr.,Restricted Area,9.0,5.0,55.55555555555556,1.1111111111111112,40.0,15.517241379310345
Scotty Pippen Jr.,Right Corner 3,3.0,2.0,66.66666666666667,2.0,100.0,5.172413793103448
Shai Gilgeous-Alexander,Above the Break 3,107.0,31.0,28.97196261682243,0.8691588785046729,16.129032258064516,21.23015873015873
Shai Gilgeous-Alexander,Backcourt,3.0,0.0,0.0,0.0,,0.5952380952380952
Shai Gilgeous-Alexander,In The Paint (Non-RA),137.0,65.0,47.44525547445255,0.948905109489051,15.384615384615385,27.18253968253968
Shai Gilgeous-Alexander,Left Corner 3,3.0,1.0,33.333333333333336,1.0,100.0,0.5952380952380952
Shai Gilgeous-Alexander,Mid-Range,141.0,65.0,46.09929078014184,0.9219858156028369,6.153846153846154,27.976190476190478
Shai Gilgeous-Alexander,Restricted Area,113.0,71.0,62.83185840707964,1.2566371681415929,12.67605633802817,22.42063492063492
Shake Milton,In The Paint (Non-RA),1.0,0.0,0.0,0.0,,100.0
Stephen Curry,Above the Break 3,70.0,29.0,41.42857142857143,1.2428571428571429,48.275862068965516,53.84615384615385
Stephen Curry,Backcourt,2.0,0.0,0.0,0.0,,1.5384615384615385
Stephen Curry,In The Paint (Non-RA),21.0,10.0,47.61904761904762,0.9523809523809523,60.0,16.153846153846153
Stephen Curry,Left Corner 3,5.0,2.0,40.0,1.2,100.0,3.8461538461538463
Stephen Curry,Mid-Range,19.0,12.0,63.1578947368421,1.263157894736842,16.666666666666668,14.615384615384617
Stephen Curry,Restricted Area,10.0,8.0,80.0,1.6,37.5,7.6923076923076925
Stephen Curry,Right Corner 3,3.0,1.0,33.333333333333336,1.0,0.0,2.307692307692308
Steven Adams,In The Paint (Non-RA),4.0,1.0,25.0,0.5,100.0,20.0
Steven Adams,Restricted Area,16.0,11.0,68.75,1.375,45.45454545454545,80.0
T.J. McConnell,Above the Break 3,13.0,5.0,38.46153846153846,1.1538461538461537,80.0,7.428571428571429
T.J. McConnell,Backcourt,2.0,0.0,0.0,0.0,,1.1428571428571428
T.J. McConnell,In The Paint (Non-RA),65.0,29.0,44.61538461538461,0.8923076923076924,24.137931034482758,37.142857142857146
T.J. McConnell,Left Corner 3,2.0,1.0,50.0,1.5,100.0,1.1428571428571428
T.J. McConnell,Mid-Range,32.0,22.0,68.75,1.375,18.181818181818183,18.285714285714285
T.J. McConnell,Restricted Area,59.0,35.0,59.32203389830509,1.1864406779661016,22.857142857142858,33.714285714285715
T.J. McConnell,Right Corner 3,2.0,2.0,100.0,3.0,100.0,1.1428571428571428
Tari Eason,Above the Break 3,9.0,4.0,44.44444444444444,1.3333333333333333,100.0,20.454545454545457
Tari Eason,In The Paint (Non-RA),6.0,1.0,16.666666666666668,0.3333333333333333,100.0,13.636363636363635
Tari Eason,Left Corner 3,2.0,1.0,50.0,1.5,100.0,4.545454545454546
Tari Eason,Mid-Range,3.0,1.0,33.333333333333336,0.6666666666666666,0.0,6.8181818181818175
Tari Eason,Restricted Area,16.0,12.0,75.0,1.5,50.0,36.36363636363637
Tari Eason,Right Corner 3,8.0,2.0,25.0,0.75,100.0,18.181818181818183
Taurean Prince,Above the Break 3,5.0,1.0,20.0,0.6,100.0,50.0
Taurean Prince,Left Corner 3,2.0,0.0,0.0,0.0,,20.0
Taurean Prince,Restricted Area,1.0,0.0,0.0,0.0,,10.0
Taurean Prince,Right Corner 3,2.0,1.0,50.0,1.5,100.0,20.0
Terrence Shannon Jr.,Above the Break 3,1.0,0.0,0.0,0.0,,3.7037037037037033
Terrence Shannon Jr.,In The Paint (Non-RA),5.0,1.0,20.0,0.4,100.0,18.51851851851852
Terrence Shannon Jr.,Left Corner 3,2.0,0.0,0.0,0.0,,7.4074074074074066
Terrence Shannon Jr.,Mid-Range,4.0,2.0,50.0,1.0,100.0,14.814814814814813
Terrence Shannon Jr.,Restricted Area,10.0,7.0,70.0,1.4,85.71428571428571,37.03703703703704
Terrence Shannon Jr.,Right Corner 3,5.0,3.0,60.0,1.8,100.0,18.51851851851852
Thomas Bryant,Above the Break 3,7.0,2.0,28.571428571428573,0.8571428571428571,100.0,21.21212121212121
Thomas Bryant,In The Paint (Non-RA),2.0,1.0,50.0,1.0,100.0,6.0606060606060606
Thomas Bryant,Left Corner 3,6.0,3.0,50.0,1.5,100.0,18.181818181818183
Thomas Bryant,Mid-Range,3.0,0.0,0.0,0.0,,9.090909090909092
Thomas Bryant,Restricted Area,10.0,6.0,60.0,1.2,83.33333333333333,30.303030303030305
Thomas Bryant,Right Corner 3,5.0,4.0,80.0,2.4,100.0,15.151515151515152
Tim Hardaway Jr.,Above the Break 3,37.0,14.0,37.83783783783784,1.135135135135135,92.85714285714286,52.112676056338024
Tim Hardaway Jr.,In The Paint (Non-RA),3.0,1.0,33.333333333333336,0.6666666666666666,0.0,4.225352112676056
Tim Hardaway Jr.,Left Corner 3,7.0,1.0,14.285714285714286,0.42857142857142855,100.0,9.859154929577464
Tim Hardaway Jr.,Mid-Range,8.0,3.0,37.5,0.75,100.0,11.267605633802818
Tim Hardaway Jr.,Restricted Area,8.0,4.0,50.0,1.0,75.0,11.267605633802818
Tim Hardaway Jr.,Right Corner 3,8.0,1.0,12.5,0.375,100.0,11.267605633802818
Tobias Harris,Above the Break 3,10.0,3.0,30.0,0.9,100.0,14.084507042253522
Tobias Harris,In The Paint (Non-RA),18.0,9.0,50.0,1.0,33.333333333333336,25.352112676056336
Tobias Harris,Left Corner 3,6.0,4.0,66.66666666666667,2.0,100.0,8.450704225352112
Tobias Harris,Mid-Range,17.0,7.0,41.1764705882353,0.8235294117647058,100.0,23.943661971830984
Tobias Harris,Restricted Area,13.0,8.0,61.53846153846154,1.2307692307692308,37.5,18.30985915492958
Tobias Harris,Right Corner 3,7.0,3.0,42.857142857142854,1.2857142857142858,100.0,9.859154929577464
Tony Bradley,Restricted Area,8.0,4.0,50.0,1.0,75.0,88.88888888888889
Tony Bradley,Right Corner 3,1.0,0.0,0.0,0.0,,11.11111111111111
Torrey Craig,Above the Break 3,2.0,2.0,100.0,3.0,100.0,50.0
Torrey Craig,In The Paint (Non-RA),1.0,0.0,0.0,0.0,,25.0
Torrey Craig,Left Corner 3,1.0,0.0,0.0,0.0,,25.0
Trayce Jackson-Davis,In The Paint (Non-RA),1.0,1.0,100.0,2.0,100.0,5.555555555555555
Trayce Jackson-Davis,Restricted Area,17.0,15.0,88.23529411764706,1.7647058823529411,53.333333333333336,94.44444444444444
Tristan Thompson,In The Paint (Non-RA),4.0,2.0,50.0,1.0,100.0,66.66666666666666
Tristan Thompson,Restricted Area,2.0,1.0,50.0,1.0,0.0,33.33333333333333
Tristan da Silva,Above the Break 3,1.0,0.0,0.0,0.0,,100.0
Ty Jerome,Above the Break 3,34.0,13.0,38.23529411764706,1.1470588235294117,23.076923076923077,36.95652173913043
Ty Jerome,In The Paint (Non-RA),31.0,13.0,41.935483870967744,0.8387096774193549,30.76923076923077,33.69565217391305
Ty Jerome,Left Corner 3,1.0,0.0,0.0,0.0,,1.0869565217391304
Ty Jerome,Mid-Range,10.0,3.0,30.0,0.6,0.0,10.869565217391305
Ty Jerome,Restricted Area,15.0,7.0,46.666666666666664,0.9333333333333333,28.571428571428573,16.304347826086957
Ty Jerome,Right Corner 3,1.0,1.0,100.0,3.0,100.0,1.0869565217391304
Tyler Herro,Above the Break 3,26.0,8.0,30.76923076923077,0.9230769230769231,62.5,40.0
Tyler Herro,In The Paint (Non-RA),21.0,14.0,66.66666666666667,1.3333333333333333,42.857142857142854,32.30769230769231
Tyler Herro,Left Corner 3,2.0,0.0,0.0,0.0,,3.076923076923077
Tyler Herro,Mid-Range,9.0,1.0,11.11111111111111,0.2222222222222222,0.0,13.846153846153847
Tyler Herro,Restricted Area,6.0,3.0,50.0,1.0,33.333333333333336,9.230769230769232
Tyler Herro,Right Corner 3,1.0,1.0,100.0,3.0,100.0,1.5384615384615385
Tyler Kolek,Above the Break 3,1.0,1.0,100.0,3.0,100.0,100.0
Tyrese Haliburton,Above the Break 3,143.0,49.0,34.26573426573427,1.027972027972028,44.89795918367347,45.3968253968254
Tyrese Haliburton,Backcourt,2.0,0.0,0.0,0.0,,0.6349206349206349
Tyrese Haliburton,In The Paint (Non-RA),52.0,25.0,48.07692307692308,0.9615384615384616,44.0,16.507936507936506
Tyrese Haliburton,Left Corner 3,5.0,0.0,0.0,0.0,,1.5873015873015872
Tyrese Haliburton,Mid-Range,44.0,22.0,50.0,1.0,18.181818181818183,13.968253968253968
Tyrese Haliburton,Restricted Area,60.0,45.0,75.0,1.5,24.444444444444443,19.047619047619047
Tyrese Haliburton,Right Corner 3,9.0,5.0,55.55555555555556,1.6666666666666667,80.0,2.857142857142857
Vince Williams Jr.,Above the Break 3,3.0,1.0,33.333333333333336,1.0,100.0,42.857142857142854
Vince Williams Jr.,Left Corner 3,3.0,3.0,100.0,3.0,100.0,42.857142857142854
Vince Williams Jr.,Right Corner 3,1.0,0.0,0.0,0.0,,14.285714285714285
Wendell Carter Jr.,Above the Break 3,5.0,1.0,20.0,0.6,100.0,12.5
Wendell Carter Jr.,In The Paint (Non-RA),9.0,4.0,44.44444444444444,0.8888888888888888,75.0,22.5
Wendell Carter Jr.,Left Corner 3,4.0,2.0,50.0,1.5,100.0,10.0
Wendell Carter Jr.,Mid-Range,2.0,0.0,0.0,0.0,,5.0
Wendell Carter Jr.,Restricted Area,18.0,14.0,77.77777777777777,1.5555555555555556,64.28571428571429,45.0
Wendell Carter Jr.,Right Corner 3,2.0,0.0,0.0,0.0,,5.0
Xavier Tillman,Above the Break 3,2.0,0.0,0.0,0.0,,50.0
Xavier Tillman,Restricted Area,2.0,1.0,50.0,1.0,100.0,50.0
Zach Edey,In The Paint (Non-RA),4.0,2.0,50.0,1.0,100.0,26.666666666666668
Zach Edey,Mid-Range,1.0,1.0,100.0,2.0,100.0,6.666666666666667
Zach Edey,Restricted Area,10.0,7.0,70.0,1.4,71.42857142857143,66.66666666666666
Zeke Nnaji,Above the Break 3,4.0,1.0,25.0,0.75,100.0,50.0
Zeke Nnaji,In The Paint (Non-RA),1.0,0.0,0.0,0.0,,12.5
Zeke Nnaji,Left Corner 3,1.0,0.0,0.0,0.0,,12.5
Zeke Nnaji,Restricted Area,1.0,0.0,0.0,0.0,,12.5
Zeke Nnaji,Right Corner 3,1.0,0.0,0.0,0.0,,12.5
