season,scope,cutoff,side,ind_n,ind_ppp,ind_share,share_rank
regular,all,5,off,840,1.6047619047619048,10.241404535479152,5
regular,all,5,def,637,1.5745682888540031,7.74373936299538,1
regular,all,7,off,1272,1.5078616352201257,15.508412582297002,8
regular,all,7,def,1099,1.4968152866242037,13.360077802090931,1
regular,all,8,off,1492,1.4403485254691688,18.19068519873202,8
regular,all,8,def,1333,1.465866466616654,16.204716751762703,3
regular,non_garbage,5,off,808,1.6101485148514851,10.251205277848262,4
regular,non_garbage,5,def,609,1.5747126436781609,7.689393939393939,1
regular,non_garbage,7,off,1220,1.5057377049180327,15.478304998731288,8
regular,non_garbage,7,def,1052,1.4990494296577948,13.282828282828282,1
regular,non_garbage,8,off,1434,1.4372384937238494,18.19335194113169,8
regular,non_garbage,8,def,1279,1.4683346364347145,16.1489898989899,4
playoffs,all,5,off,200,1.54,8.861320336730174,6
playoffs,all,5,def,162,1.4382716049382716,7.203201422854602,5
playoffs,all,7,off,311,1.5016077170418007,13.779353123615417,5
playoffs,all,7,def,256,1.41015625,11.382836816362827,2
playoffs,all,8,off,365,1.441095890410959,16.171909614532566,5
playoffs,all,8,def,319,1.335423197492163,14.184081814139619,3
playoffs,non_garbage,5,off,195,1.5435897435897437,9.133489461358314,3
playoffs,non_garbage,5,def,150,1.46,7.0754716981132075,4
playoffs,non_garbage,7,off,299,1.5050167224080269,14.004683840749415,4
playoffs,non_garbage,7,def,236,1.4194915254237288,11.132075471698114,1
playoffs,non_garbage,8,off,348,1.4425287356321839,16.29976580796253,4
playoffs,non_garbage,8,def,298,1.342281879194631,14.056603773584905,4
