TEAM,SHOT_ZONE_BASIC,fga,fgm,fg_pct,pps,assisted_make_pct,share
ATL,Above the Break 3,2185.0,747.0,34.18764302059497,1.025629290617849,74.16331994645248,29.024973432518596
ATL,Backcourt,19.0,1.0,5.2631578947368425,0.15789473684210525,0.0,0.25239107332624866
ATL,In The Paint (Non-RA),1713.0,781.0,45.59252772913018,0.9118505545826037,57.10627400768246,22.755047821466526
ATL,Left Corner 3,390.0,156.0,40.0,1.2,98.07692307692308,5.180658873538788
ATL,Mid-Range,455.0,187.0,41.0989010989011,0.8219780219780219,48.1283422459893,6.044102019128586
ATL,Restricted Area,2271.0,1481.0,65.21356230735358,1.3042712461470718,66.71168129642133,30.16737513283741
ATL,Right Corner 3,495.0,203.0,41.01010101010101,1.2303030303030302,96.05911330049261,6.575451647183847
BKN,Above the Break 3,2323.0,802.0,34.52432199741713,1.035729659922514,86.53366583541147,32.90368271954674
BKN,Backcourt,14.0,0.0,0.0,0.0,,0.19830028328611898
BKN,In The Paint (Non-RA),1371.0,529.0,38.584974471188914,0.7716994894237783,48.582230623818525,19.41926345609065
BKN,Left Corner 3,434.0,145.0,33.41013824884793,1.0023041474654377,97.24137931034483,6.147308781869689
BKN,Mid-Range,451.0,188.0,41.68514412416852,0.8337028824833703,47.340425531914896,6.388101983002834
BKN,Restricted Area,2005.0,1256.0,62.64339152119701,1.2528678304239402,57.245222929936304,28.399433427762037
BKN,Right Corner 3,462.0,166.0,35.93073593073593,1.077922077922078,98.19277108433735,6.543909348441926
BOS,Above the Break 3,3159.0,1152.0,36.46723646723647,1.0940170940170941,74.65277777777777,42.79328095367109
BOS,Backcourt,12.0,0.0,0.0,0.0,,0.1625575724735844
BOS,In The Paint (Non-RA),1099.0,499.0,45.4049135577798,0.908098271155596,42.68537074148296,14.88756434570577
BOS,Left Corner 3,394.0,146.0,37.055837563451774,1.1116751269035532,97.94520547945206,5.337306962882687
BOS,Mid-Range,641.0,266.0,41.49765990639626,0.8299531981279251,42.857142857142854,8.683283662963968
BOS,Restricted Area,1687.0,1191.0,70.59869590989923,1.4119739181979847,55.415617128463474,22.852885396911407
BOS,Right Corner 3,390.0,159.0,40.76923076923077,1.2230769230769232,96.85534591194968,5.283121105391493
CHA,Above the Break 3,2347.0,778.0,33.14870046868342,0.9944610140605028,77.12082262210797,32.115489874110565
CHA,Backcourt,22.0,0.0,0.0,0.0,,0.30103995621237
CHA,In The Paint (Non-RA),1543.0,591.0,38.30200907323396,0.7660401814646792,47.54653130287648,21.11384783798577
CHA,Left Corner 3,419.0,152.0,36.27684964200478,1.0883054892601431,95.39473684210526,5.7334428024083195
CHA,Mid-Range,619.0,233.0,37.64135702746365,0.752827140549273,54.07725321888412,8.47016967706623
CHA,Restricted Area,2003.0,1253.0,62.55616575137294,1.2511233150274588,57.06304868316042,27.40831964969896
CHA,Right Corner 3,355.0,135.0,38.028169014084504,1.1408450704225352,94.07407407407408,4.857690202517788
CHI,Above the Break 3,2548.0,920.0,36.106750392464676,1.0832025117739403,82.3913043478261,33.77070907886017
CHI,Backcourt,15.0,2.0,13.333333333333334,0.4,100.0,0.19880715705765406
CHI,In The Paint (Non-RA),1275.0,636.0,49.88235294117647,0.9976470588235294,60.691823899371066,16.898608349900595
CHI,Left Corner 3,490.0,208.0,42.44897959183673,1.273469387755102,95.1923076923077,6.494367130550033
CHI,Mid-Range,528.0,196.0,37.121212121212125,0.7443181818181818,50.0,6.998011928429423
CHI,Restricted Area,2295.0,1446.0,63.00653594771242,1.2601307189542483,55.94744121715076,30.417495029821072
CHI,Right Corner 3,394.0,135.0,34.263959390862944,1.0279187817258884,97.77777777777777,5.222001325381047
CLE,Above the Break 3,2520.0,952.0,37.77777777777778,1.1333333333333333,71.32352941176471,33.852767329392805
CLE,Backcourt,11.0,1.0,9.090909090909092,0.2727272727272727,100.0,0.1477700161203654
CLE,In The Paint (Non-RA),1392.0,699.0,50.21551724137931,1.0043103448275863,44.49213161659514,18.699623858140786
CLE,Left Corner 3,463.0,189.0,40.8207343412527,1.224622030237581,98.94179894179894,6.219774314884471
CLE,Mid-Range,582.0,247.0,42.439862542955325,0.8487972508591065,39.67611336032389,7.818377216550242
CLE,Restricted Area,2069.0,1403.0,67.81053649105849,1.3562107298211696,62.295081967213115,27.794196668457815
CLE,Right Corner 3,407.0,161.0,39.55773955773956,1.1867321867321867,95.65217391304348,5.46749059645352
DAL,Above the Break 3,2020.0,729.0,36.08910891089109,1.0826732673267327,75.17146776406035,28.078954684459273
DAL,Backcourt,15.0,0.0,0.0,0.0,,0.2085070892410342
DAL,In The Paint (Non-RA),1600.0,721.0,45.0625,0.90125,41.054091539528436,22.240756185710314
DAL,Left Corner 3,390.0,153.0,39.23076923076923,1.176923076923077,93.4640522875817,5.421184320266889
DAL,Mid-Range,813.0,334.0,41.082410824108244,0.8216482164821648,42.81437125748503,11.301084236864053
DAL,Restricted Area,1980.0,1368.0,69.0909090909091,1.3818181818181818,59.13742690058479,27.522935779816514
DAL,Right Corner 3,376.0,138.0,36.702127659574465,1.101063829787234,94.92753623188406,5.226577703641923
DEN,Above the Break 3,1987.0,732.0,36.83945646703573,1.105183694011072,80.8743169398907,26.99728260869565
DEN,Backcourt,38.0,2.0,5.2631578947368425,0.15789473684210525,100.0,0.5163043478260869
DEN,In The Paint (Non-RA),1472.0,712.0,48.369565217391305,0.967391304347826,60.95505617977528,20.0
DEN,Left Corner 3,325.0,139.0,42.76923076923077,1.283076923076923,94.24460431654676,4.415760869565218
DEN,Mid-Range,799.0,340.0,42.5531914893617,0.851063829787234,47.05882352941177,10.855978260869566
DEN,Restricted Area,2470.0,1688.0,68.34008097165992,1.3668016194331984,66.11374407582939,33.559782608695656
DEN,Right Corner 3,269.0,111.0,41.2639405204461,1.237918215613383,96.3963963963964,3.6548913043478257
DET,Above the Break 3,2163.0,779.0,36.014794267221454,1.079981507165973,81.38639281129653,29.37661279369822
DET,Backcourt,20.0,0.0,0.0,0.0,,0.2716284123319299
DET,In The Paint (Non-RA),1588.0,734.0,46.221662468513856,0.924433249370277,42.09809264305177,21.567295939155233
DET,Left Corner 3,320.0,121.0,37.8125,1.134375,96.69421487603306,4.346054597310879
DET,Mid-Range,699.0,283.0,40.486409155937054,0.8097281831187411,52.29681978798587,9.49341301100095
DET,Restricted Area,2174.0,1434.0,65.96136154553818,1.3192272309107635,56.55509065550906,29.526008420480782
DET,Right Corner 3,399.0,152.0,38.095238095238095,1.1428571428571428,96.05263157894737,5.418986826022002
GSW,Above the Break 3,2586.0,922.0,35.65351894818252,1.0696055684454757,83.83947939262472,34.889368591473286
GSW,Backcourt,22.0,1.0,4.545454545454546,0.13636363636363635,100.0,0.2968159740960604
GSW,In The Paint (Non-RA),1478.0,629.0,42.55751014884979,0.851150202976996,57.869634340222575,19.940636805180787
GSW,Left Corner 3,461.0,168.0,36.44251626898048,1.0932754880694142,95.83333333333333,6.2196438208310845
GSW,Mid-Range,633.0,237.0,37.44075829383886,0.7488151658767772,45.9915611814346,8.54020507285483
GSW,Restricted Area,1825.0,1212.0,66.41095890410959,1.3282191780821917,66.66666666666667,24.622234214786832
GSW,Right Corner 3,407.0,173.0,42.5061425061425,1.2751842751842752,98.26589595375722,5.491095520777118
HOU,Above the Break 3,2287.0,802.0,35.067774376912986,1.0520332313073897,74.06483790523691,29.860295077686384
HOU,Backcourt,15.0,0.0,0.0,0.0,,0.19584802193497847
HOU,In The Paint (Non-RA),1648.0,667.0,40.47330097087379,0.8094660194174758,41.37931034482759,21.517169343256302
HOU,Left Corner 3,287.0,106.0,36.933797909407666,1.10801393728223,93.39622641509433,3.7472254863559216
HOU,Mid-Range,847.0,335.0,39.55135773317591,0.7910271546635183,41.791044776119406,11.05888497192845
HOU,Restricted Area,2226.0,1444.0,64.86972147349506,1.2973944294699011,46.95290858725762,29.063846455150806
HOU,Right Corner 3,349.0,130.0,37.249283667621775,1.1174785100286533,97.6923076923077,4.556730643687165
IND,Above the Break 3,2146.0,770.0,35.880708294501396,1.076421248835042,79.74025974025975,29.292929292929294
IND,Backcourt,22.0,0.0,0.0,0.0,,0.3003003003003003
IND,In The Paint (Non-RA),1456.0,717.0,49.244505494505496,0.9848901098901099,55.64853556485355,19.874419874419875
IND,Left Corner 3,363.0,145.0,39.94490358126722,1.1983471074380165,93.79310344827586,4.954954954954955
IND,Mid-Range,918.0,401.0,43.68191721132898,0.8736383442265795,51.62094763092269,12.530712530712531
IND,Restricted Area,2018.0,1375.0,68.13676907829534,1.362735381565907,64.14545454545454,27.545727545727544
IND,Right Corner 3,403.0,166.0,41.19106699751861,1.2357320099255582,96.3855421686747,5.500955500955501
LAC,Above the Break 3,2062.0,754.0,36.56644034917556,1.0969932104752667,66.3129973474801,29.144876325088337
LAC,Backcourt,7.0,0.0,0.0,0.0,,0.0989399293286219
LAC,In The Paint (Non-RA),1739.0,801.0,46.060954571592866,0.9212190914318574,53.93258426966292,24.579505300353357
LAC,Left Corner 3,328.0,125.0,38.109756097560975,1.1432926829268293,96.0,4.636042402826855
LAC,Mid-Range,643.0,279.0,43.39035769828927,0.8678071539657853,39.784946236559136,9.088339222614842
LAC,Restricted Area,1955.0,1307.0,66.8542199488491,1.337084398976982,58.68400918133129,27.63250883392226
LAC,Right Corner 3,341.0,143.0,41.935483870967744,1.2580645161290323,93.7062937062937,4.819787985865724
LAL,Above the Break 3,2218.0,795.0,35.84310189359783,1.075293056807935,73.33333333333333,31.654060225488795
LAL,Backcourt,18.0,0.0,0.0,0.0,,0.25688597117168543
LAL,In The Paint (Non-RA),1386.0,597.0,43.073593073593074,0.8614718614718615,46.901172529313236,19.78021978021978
LAL,Left Corner 3,425.0,155.0,36.470588235294116,1.0941176470588236,98.70967741935483,6.065363208220352
LAL,Mid-Range,710.0,293.0,41.267605633802816,0.8253521126760563,40.61433447098976,10.132724418438704
LAL,Restricted Area,1930.0,1374.0,71.19170984455958,1.4238341968911916,62.372634643377005,27.543884686741833
LAL,Right Corner 3,320.0,142.0,44.375,1.33125,97.88732394366197,4.566861709718852
MEM,Above the Break 3,2262.0,838.0,37.04686118479222,1.1109637488947834,84.00954653937947,29.55317481055657
MEM,Backcourt,23.0,1.0,4.3478260869565215,0.13043478260869565,100.0,0.30049647243271493
MEM,In The Paint (Non-RA),2037.0,930.0,45.65537555228277,0.9131075110456554,48.27956989247312,26.61353540632349
MEM,Left Corner 3,473.0,172.0,36.36363636363637,1.0909090909090908,95.34883720930233,6.179775280898876
MEM,Mid-Range,503.0,231.0,45.92445328031809,0.9204771371769384,48.917748917748916,6.571727201463287
MEM,Restricted Area,2006.0,1368.0,68.19541375872383,1.3639082751744767,56.35964912280702,26.20851842174027
MEM,Right Corner 3,350.0,130.0,37.142857142857146,1.1142857142857143,98.46153846153847,4.572772406584792
MIA,Above the Break 3,2138.0,767.0,35.87464920486436,1.0762394761459309,82.92046936114733,29.952367609974782
MIA,Backcourt,15.0,0.0,0.0,0.0,,0.21014289717007564
MIA,In The Paint (Non-RA),1625.0,736.0,45.292307692307695,0.9058461538461539,50.27173913043478,22.765480526758193
MIA,Left Corner 3,503.0,203.0,40.357852882703774,1.2107355864811133,95.56650246305419,7.046791818436537
MIA,Mid-Range,608.0,261.0,42.92763157894737,0.8585526315789473,47.89272030651341,8.517792098627067
MIA,Restricted Area,1845.0,1197.0,64.8780487804878,1.2975609756097561,57.72765246449457,25.847576351919304
MIA,Right Corner 3,404.0,154.0,38.118811881188115,1.1435643564356435,97.40259740259741,5.659848697114037
MIL,Above the Break 3,2228.0,825.0,37.02872531418313,1.1108617594254937,81.93939393939394,31.460039536853994
MIL,Backcourt,13.0,2.0,15.384615384615385,0.46153846153846156,50.0,0.18356396498164362
MIL,In The Paint (Non-RA),1070.0,471.0,44.018691588785046,0.8803738317757009,46.496815286624205,15.108726348489126
MIL,Left Corner 3,378.0,170.0,44.973544973544975,1.3492063492063493,94.11764705882354,5.337475289466252
MIL,Mid-Range,1051.0,467.0,44.433872502378684,0.8886774500475737,37.25910064239829,14.840440553515958
MIL,Restricted Area,1958.0,1346.0,68.74361593462717,1.3748723186925433,52.15453194650817,27.647557187235243
MIL,Right Corner 3,384.0,164.0,42.708333333333336,1.28125,96.34146341463415,5.42219711945778
MIN,Above the Break 3,2387.0,891.0,37.327188940092164,1.119815668202765,71.71717171717172,33.23586744639376
MIN,Backcourt,25.0,0.0,0.0,0.0,,0.34809245335561123
MIN,In The Paint (Non-RA),1329.0,544.0,40.93303235515425,0.8186606471030851,48.89705882352941,18.504594820384295
MIN,Left Corner 3,460.0,189.0,41.08695652173913,1.232608695652174,94.17989417989418,6.404901141743247
MIN,Mid-Range,523.0,196.0,37.476099426386234,0.7495219885277247,44.89795918367347,7.282094124199387
MIN,Restricted Area,2061.0,1391.0,67.49150897622513,1.3498301795245027,59.23795830337886,28.696741854636592
MIN,Right Corner 3,397.0,153.0,38.53904282115869,1.1561712846347607,96.07843137254902,5.527708159287107
NOP,Above the Break 3,2089.0,709.0,33.93968405935855,1.0181905217807563,78.84344146685473,28.352334419109663
NOP,Backcourt,6.0,0.0,0.0,0.0,,0.08143322475570033
NOP,In The Paint (Non-RA),1570.0,647.0,41.210191082802545,0.824203821656051,53.013910355486864,21.308360477741587
NOP,Left Corner 3,358.0,140.0,39.10614525139665,1.1731843575418994,94.28571428571429,4.858849077090119
NOP,Mid-Range,741.0,302.0,40.7557354925776,0.815114709851552,52.317880794701985,10.05700325732899
NOP,Restricted Area,2218.0,1397.0,62.98467087466186,1.259693417493237,56.90765926986399,30.103148751357224
NOP,Right Corner 3,386.0,137.0,35.49222797927461,1.0647668393782384,96.35036496350365,5.238870792616721
NYK,Above the Break 3,1944.0,712.0,36.62551440329218,1.0987654320987654,76.68539325842697,26.575529733424467
NYK,Backcourt,18.0,0.0,0.0,0.0,,0.24606971975393027
NYK,In The Paint (Non-RA),1395.0,643.0,46.09318996415771,0.9218637992831541,45.878693623639194,19.070403280929597
NYK,Left Corner 3,423.0,153.0,36.170212765957444,1.0851063829787233,98.03921568627452,5.782638414217361
NYK,Mid-Range,837.0,368.0,43.966547192353644,0.8793309438470729,50.27173913043478,11.442241968557758
NYK,Restricted Area,2288.0,1511.0,66.04020979020979,1.3208041958041958,60.88682991396426,31.278195488721806
NYK,Right Corner 3,410.0,166.0,40.48780487804878,1.2146341463414634,95.18072289156626,5.604921394395078
OKC,Above the Break 3,2468.0,907.0,36.750405186385734,1.1025121555915722,81.14663726571114,32.473684210526315
OKC,Backcourt,5.0,0.0,0.0,0.0,,0.06578947368421052
OKC,In The Paint (Non-RA),1596.0,745.0,46.67919799498747,0.9335839598997494,45.90604026845637,21.0
OKC,Left Corner 3,395.0,156.0,39.49367088607595,1.1848101265822786,96.7948717948718,5.197368421052632
OKC,Mid-Range,829.0,371.0,44.75271411338963,0.8950542822677925,32.075471698113205,10.907894736842106
OKC,Restricted Area,1991.0,1352.0,67.90557508789553,1.3581115017579106,53.92011834319526,26.19736842105263
OKC,Right Corner 3,316.0,129.0,40.822784810126585,1.2246835443037976,96.89922480620154,4.157894736842105
ORL,Above the Break 3,2061.0,635.0,30.81028626880155,0.9243085880640466,77.79527559055119,29.300540233153257
ORL,Backcourt,24.0,0.0,0.0,0.0,,0.34119988626670456
ORL,In The Paint (Non-RA),1324.0,564.0,42.59818731117825,0.851963746223565,42.3758865248227,18.82286039237987
ORL,Left Corner 3,422.0,140.0,33.175355450236964,0.995260663507109,95.71428571428571,5.999431333522889
ORL,Mid-Range,828.0,330.0,39.85507246376812,0.7971014492753623,45.15151515151515,11.771396076201308
ORL,Restricted Area,1990.0,1315.0,66.08040201005025,1.321608040201005,55.361216730038024,28.291157236280924
ORL,Right Corner 3,385.0,146.0,37.922077922077925,1.1376623376623376,97.94520547945206,5.473414842195052
PHI,Above the Break 3,2368.0,791.0,33.40371621621622,1.0021114864864864,74.71554993678888,33.035714285714285
PHI,Backcourt,25.0,0.0,0.0,0.0,,0.34877232142857145
PHI,In The Paint (Non-RA),1217.0,513.0,42.15283483976992,0.8430566967953985,40.35087719298246,16.978236607142858
PHI,Left Corner 3,320.0,123.0,38.4375,1.153125,95.1219512195122,4.464285714285714
PHI,Mid-Range,715.0,293.0,40.97902097902098,0.8195804195804196,36.86006825938566,9.974888392857142
PHI,Restricted Area,2186.0,1407.0,64.36413540713632,1.2872827081427265,53.87348969438521,30.496651785714285
PHI,Right Corner 3,337.0,127.0,37.68545994065282,1.1305637982195846,94.48818897637796,4.701450892857143
PHX,Above the Break 3,2141.0,770.0,35.96450256889304,1.0789350770667911,84.02597402597402,30.261484098939928
PHX,Backcourt,7.0,0.0,0.0,0.0,,0.0989399293286219
PHX,In The Paint (Non-RA),1671.0,786.0,47.03770197486535,0.940754039497307,50.12722646310433,23.618374558303888
PHX,Left Corner 3,504.0,221.0,43.84920634920635,1.3154761904761905,98.64253393665159,7.1236749116607765
PHX,Mid-Range,969.0,474.0,48.916408668730654,0.978328173374613,50.0,13.696113074204947
PHX,Restricted Area,1323.0,945.0,71.42857142857143,1.4285714285714286,63.492063492063494,18.699646643109542
PHX,Right Corner 3,460.0,185.0,40.21739130434783,1.2065217391304348,97.83783783783784,6.501766784452297
POR,Above the Break 3,2295.0,780.0,33.98692810457516,1.0196078431372548,76.7948717948718,31.0302866414278
POR,Backcourt,19.0,1.0,5.2631578947368425,0.15789473684210525,0.0,0.2568956192536506
POR,In The Paint (Non-RA),1253.0,465.0,37.110933758978454,0.7422186751795691,45.16129032258065,16.94159004867496
POR,Left Corner 3,371.0,128.0,34.501347708894876,1.0350404312668464,95.3125,5.016224986479178
POR,Mid-Range,621.0,265.0,42.673107890499196,0.8534621578099839,40.0,8.39643050297458
POR,Restricted Area,2428.0,1538.0,63.344316309719936,1.2668863261943988,50.26007802340702,32.828555976203354
POR,Right Corner 3,409.0,148.0,36.18581907090464,1.0855745721271393,95.94594594594595,5.530016224986479
SAC,Above the Break 3,2174.0,754.0,34.68261269549218,1.0404783808647655,82.89124668435014,29.438050101557213
SAC,Backcourt,13.0,0.0,0.0,0.0,,0.17603249830737983
SAC,In The Paint (Non-RA),1604.0,810.0,50.49875311720698,1.0099750623441397,44.93827160493827,21.719702098849016
SAC,Left Corner 3,431.0,180.0,41.76334106728538,1.2529002320185614,96.66666666666667,5.836154366960054
SAC,Mid-Range,1227.0,530.0,43.19478402607987,0.8638956805215974,43.58490566037736,16.614759647935003
SAC,Restricted Area,1667.0,1157.0,69.40611877624475,1.388122375524895,58.85911840968021,22.572782667569395
SAC,Right Corner 3,269.0,98.0,36.43122676579926,1.0929368029739777,95.91836734693878,3.6425186188219363
SAS,Above the Break 3,2382.0,826.0,34.67674223341729,1.0403022670025188,81.35593220338983,32.355338223308884
SAS,Backcourt,17.0,0.0,0.0,0.0,,0.2309155120891062
SAS,In The Paint (Non-RA),1136.0,476.0,41.901408450704224,0.8380281690140845,52.10084033613445,15.430589513719099
SAS,Left Corner 3,428.0,161.0,37.61682242990654,1.1285046728971964,98.75776397515529,5.813637598478675
SAS,Mid-Range,749.0,306.0,40.85447263017357,0.8170894526034713,48.36601307189542,10.173865797337681
SAS,Restricted Area,2230.0,1486.0,66.63677130044843,1.3327354260089685,64.19919246298788,30.290681879923937
SAS,Right Corner 3,420.0,171.0,40.714285714285715,1.2214285714285715,97.6608187134503,5.704971475142624
TOR,Above the Break 3,1935.0,655.0,33.85012919896641,1.0155038759689923,87.32824427480917,25.93138568748325
TOR,Backcourt,21.0,0.0,0.0,0.0,,0.28142589118198874
TOR,In The Paint (Non-RA),1577.0,664.0,42.10526315789474,0.8421052631578947,53.765060240963855,21.133744304476014
TOR,Left Corner 3,429.0,156.0,36.36363636363637,1.0909090909090908,96.7948717948718,5.7491289198606275
TOR,Mid-Range,641.0,254.0,39.62558502340094,0.7925117004680188,55.118110236220474,8.59019029750737
TOR,Restricted Area,2458.0,1527.0,62.123677786818554,1.242473555736371,63.3267845448592,32.940230501206116
TOR,Right Corner 3,401.0,158.0,39.401496259351624,1.1820448877805487,96.83544303797468,5.373894398284642
UTA,Above the Break 3,2321.0,771.0,33.218440327445066,0.996553209823352,76.26459143968872,31.916941694169417
UTA,Backcourt,15.0,1.0,6.666666666666667,0.2,100.0,0.20627062706270624
UTA,In The Paint (Non-RA),1800.0,842.0,46.77777777777778,0.9355555555555556,52.96912114014252,24.752475247524753
UTA,Left Corner 3,486.0,194.0,39.91769547325103,1.1975308641975309,94.84536082474227,6.683168316831684
UTA,Mid-Range,522.0,196.0,37.547892720306514,0.7509578544061303,48.46938775510204,7.1782178217821775
UTA,Restricted Area,1683.0,1123.0,66.7260843731432,1.334521687462864,54.22974176313446,23.143564356435643
UTA,Right Corner 3,445.0,178.0,40.0,1.2,95.50561797752809,6.119361936193619
WAS,Above the Break 3,2615.0,878.0,33.5755258126195,1.007265774378585,77.67653758542141,35.47686881020214
WAS,Backcourt,21.0,0.0,0.0,0.0,,0.2849002849002849
WAS,In The Paint (Non-RA),1511.0,585.0,38.71608206485771,0.7743216412971542,52.64957264957265,20.499253832587165
WAS,Left Corner 3,318.0,112.0,35.22012578616352,1.0566037735849056,96.42857142857143,4.314204314204314
WAS,Mid-Range,699.0,262.0,37.48211731044349,0.7496423462088698,51.908396946564885,9.483109483109484
WAS,Restricted Area,1950.0,1311.0,67.23076923076923,1.3446153846153845,56.445461479786424,26.455026455026452
WAS,Right Corner 3,257.0,85.0,33.0739299610895,0.9922178988326849,98.82352941176471,3.4866368199701534
