player,team,on,validated_minutes,off_poss,def_poss,ortg,drtg,net,quick_share,opp_quick_share,tov_rate
Tyrese Haliburton,IND,False,1508.35,2898,2965,113.14699792960663,111.70320404721754,1.4437938823890883,16.321601104209797,13.861720067453625,15.217391304347828
Tyrese Haliburton,IND,True,2421.65,4719,4645,119.87709260436532,116.23250807319698,3.644584531168338,15.956770502225048,13.627556512378902,12.078830260648441
Sam Hauser,BOS,False,2411.0833333333335,4571,4587,119.79873113104354,110.5733594942228,9.225371636820734,12.688689564646685,14.977109221713539,12.666812513673156
Sam Hauser,BOS,True,1537.9166666666667,2843,2824,122.79282448118185,113.98725212464589,8.805572356535961,11.959198030249736,13.6685552407932,11.642631023566654
Kris Dunn,LAC,False,2168.8333333333335,4101,4096,115.41087539624482,113.1591796875,2.2516957087448164,15.02072665203609,15.087890625,15.654718361375275
Kris Dunn,LAC,True,1780.1666666666667,3426,3426,115.67425569176883,107.61821366024517,8.056042031523658,16.987740805604204,15.32399299474606,14.652656158785756
Ivica Zubac,LAC,False,1333.7333333333333,2507,2522,110.25129637016353,114.59159397303726,-4.340297602873733,14.559234144395692,16.05868358445678,14.798564020741923
Ivica Zubac,LAC,True,2615.266666666667,5020,5000,118.16733067729083,108.64,9.527330677290834,16.59362549800797,14.760000000000002,15.398406374501992
Myles Turner,IND,False,1778.1666666666667,3466,3477,116.87824581650317,114.40897325280415,2.469272563699021,16.272360069244087,14.49525452976704,13.473744950952108
Myles Turner,IND,True,2151.8333333333335,4151,4133,117.68248614791617,114.5172997822405,3.165186365675665,15.947964345940738,13.065569804016452,13.105275837147676
