OPPONENT,SHOT_ZONE_BASIC,fga,fgm,fg_pct,pps,assisted_make_pct,share
ATL,Above the Break 3,2237.0,835.0,37.326776933392935,1.1198033080017882,77.36526946107784,30.237902135712353
ATL,Backcourt,17.0,0.0,0.0,0.0,,0.22979183563125166
ATL,In The Paint (Non-RA),1386.0,624.0,45.02164502164502,0.9004329004329005,50.32051282051282,18.734793187347933
ATL,Left Corner 3,447.0,174.0,38.92617449664429,1.167785234899329,97.70114942528735,6.042173560421736
ATL,Mid-Range,721.0,323.0,44.79889042995839,0.8959778085991679,39.628482972136226,9.74587726412544
ATL,Restricted Area,2192.0,1446.0,65.96715328467154,1.3193430656934306,62.30982019363762,29.629629629629626
ATL,Right Corner 3,398.0,160.0,40.20100502512563,1.2060301507537687,97.5,5.379832387131657
BKN,Above the Break 3,2031.0,730.0,35.942885278188086,1.0782865583456425,82.32876712328768,29.396439426834565
BKN,Backcourt,22.0,1.0,4.545454545454546,0.13636363636363635,100.0,0.3184252424374005
BKN,In The Paint (Non-RA),1267.0,577.0,45.54064719810576,0.9108129439621152,50.606585788561524,18.33839918946302
BKN,Left Corner 3,452.0,170.0,37.610619469026545,1.1283185840707965,97.05882352941177,6.542191344622955
BKN,Mid-Range,553.0,224.0,40.50632911392405,0.810126582278481,43.30357142857143,8.00405268490375
BKN,Restricted Area,2161.0,1457.0,67.42248958815364,1.3484497917630727,62.663006177076184,31.278043132146475
BKN,Right Corner 3,423.0,158.0,37.35224586288416,1.1205673758865249,94.9367088607595,6.122448979591836
BOS,Above the Break 3,2353.0,797.0,33.871653208669784,1.0161495962600935,73.65119196988708,32.09657618333106
BOS,Backcourt,15.0,0.0,0.0,0.0,,0.2046105579047879
BOS,In The Paint (Non-RA),1568.0,682.0,43.494897959183675,0.8698979591836735,47.800586510263926,21.388623652980492
BOS,Left Corner 3,366.0,131.0,35.79234972677595,1.0737704918032787,95.41984732824427,4.992497612876824
BOS,Mid-Range,831.0,353.0,42.478941034897716,0.8495788206979543,49.29178470254958,11.335424907925248
BOS,Restricted Area,1891.0,1212.0,64.09307244843998,1.2818614489687996,52.31023102310231,25.79457099986359
BOS,Right Corner 3,307.0,127.0,41.36807817589577,1.241042345276873,96.06299212598425,4.1876960851179925
CHA,Above the Break 3,2515.0,848.0,33.71769383697813,1.0115308151093438,79.00943396226415,34.48512272041684
CHA,Backcourt,24.0,0.0,0.0,0.0,,0.3290826820238585
CHA,In The Paint (Non-RA),1247.0,592.0,47.47393744987971,0.9494787489975942,46.4527027027027,17.09858768682298
CHA,Left Corner 3,361.0,157.0,43.49030470914128,1.3047091412742382,94.26751592356688,4.949952008775538
CHA,Mid-Range,671.0,282.0,42.02682563338301,0.8405365126676602,48.58156028368794,9.200603318250378
CHA,Restricted Area,2098.0,1372.0,65.39561487130601,1.3079122974261201,59.11078717201166,28.767311120252298
CHA,Right Corner 3,377.0,158.0,41.90981432360743,1.257294429708223,98.10126582278481,5.169340463458111
CHI,Above the Break 3,2501.0,856.0,34.226309476209515,1.0267892842862856,77.2196261682243,32.10114234372995
CHI,Backcourt,15.0,0.0,0.0,0.0,,0.19252984212552945
CHI,In The Paint (Non-RA),1441.0,638.0,44.274809160305345,0.8854961832061069,55.01567398119122,18.495700166859198
CHI,Left Corner 3,366.0,128.0,34.97267759562842,1.0491803278688525,96.09375,4.697728147862919
CHI,Mid-Range,723.0,309.0,42.738589211618255,0.8547717842323651,48.86731391585761,9.27993839045052
CHI,Restricted Area,2377.0,1577.0,66.3441312578881,1.326882625157762,60.55802155992391,30.509562315492232
CHI,Right Corner 3,368.0,134.0,36.41304347826087,1.0923913043478262,96.26865671641791,4.723398793479656
CLE,Above the Break 3,2199.0,762.0,34.65211459754434,1.03956343792633,76.11548556430446,29.50093909310437
CLE,Backcourt,17.0,1.0,5.882352941176471,0.17647058823529413,0.0,0.22806546820499063
CLE,In The Paint (Non-RA),1473.0,644.0,43.72029871011541,0.8744059742023083,50.77639751552795,19.761202039173597
CLE,Left Corner 3,445.0,188.0,42.247191011235955,1.2674157303370785,95.2127659574468,5.969949020660048
CLE,Mid-Range,848.0,344.0,40.56603773584906,0.8113207547169812,38.08139534883721,11.376442178696001
CLE,Restricted Area,2057.0,1290.0,62.71268838113758,1.2542537676227516,56.97674418604651,27.595921652803863
CLE,Right Corner 3,415.0,153.0,36.86746987951807,1.106024096385542,97.38562091503267,5.567480547357124
DAL,Above the Break 3,2079.0,736.0,35.4016354016354,1.0620490620490621,80.29891304347827,27.64260071798963
DAL,Backcourt,12.0,0.0,0.0,0.0,,0.15955325089748704
DAL,In The Paint (Non-RA),1594.0,697.0,43.72647427854454,0.8745294855708908,46.48493543758967,21.193990160882862
DAL,Left Corner 3,411.0,149.0,36.25304136253041,1.0875912408759123,95.30201342281879,5.464698843238931
DAL,Mid-Range,745.0,315.0,42.281879194630875,0.8469798657718121,47.93650793650794,9.905597659885654
DAL,Restricted Area,2278.0,1466.0,64.35469710272169,1.2870939420544336,57.91268758526603,30.288525462039622
DAL,Right Corner 3,402.0,168.0,41.791044776119406,1.2537313432835822,97.02380952380952,5.345033905065816
DEN,Above the Break 3,2310.0,820.0,35.497835497835496,1.0649350649350648,80.97560975609755,30.279197797876524
DEN,Backcourt,16.0,0.0,0.0,0.0,,0.2097260453532573
DEN,In The Paint (Non-RA),1609.0,705.0,43.81603480422623,0.8763206960845246,53.61702127659574,21.09057543583694
DEN,Left Corner 3,456.0,185.0,40.57017543859649,1.2171052631578947,94.5945945945946,5.977192292567833
DEN,Mid-Range,781.0,302.0,38.668373879641486,0.7733674775928298,51.65562913907285,10.237252588805873
DEN,Restricted Area,2069.0,1391.0,67.23054615756404,1.3446109231512808,61.82602444284687,27.120199239743087
DEN,Right Corner 3,388.0,151.0,38.91752577319588,1.1675257731958764,96.6887417218543,5.0858565998164895
DET,Above the Break 3,2250.0,826.0,36.71111111111111,1.1013333333333333,75.30266343825666,31.206657420249652
DET,Backcourt,12.0,0.0,0.0,0.0,,0.1664355062413315
DET,In The Paint (Non-RA),1609.0,714.0,44.375388440024864,0.8875077688004972,47.338935574229694,22.316227461858528
DET,Left Corner 3,407.0,157.0,38.57493857493858,1.1572481572481572,92.99363057324841,5.64493758668516
DET,Mid-Range,718.0,309.0,43.03621169916435,0.8607242339832869,41.10032362459547,9.958391123439666
DET,Restricted Area,1829.0,1184.0,64.7348277747403,1.294696555494806,56.33445945945946,25.367545076282937
DET,Right Corner 3,385.0,136.0,35.324675324675326,1.0597402597402596,99.26470588235294,5.339805825242718
GSW,Above the Break 3,2187.0,767.0,35.07087334247828,1.0521262002743483,82.00782268578878,30.69042941341566
GSW,Backcourt,21.0,1.0,4.761904761904762,0.14285714285714285,100.0,0.29469548133595286
GSW,In The Paint (Non-RA),1848.0,842.0,45.56277056277056,0.9112554112554112,52.850356294536816,25.93320235756385
GSW,Left Corner 3,406.0,152.0,37.4384236453202,1.1231527093596059,97.36842105263158,5.697445972495088
GSW,Mid-Range,785.0,364.0,46.36942675159236,0.9273885350318471,45.05494505494506,11.015997754701095
GSW,Restricted Area,1517.0,1030.0,67.89716545814107,1.3579433091628215,56.213592233009706,21.288240246982877
GSW,Right Corner 3,362.0,160.0,44.19889502762431,1.3259668508287292,96.25,5.079988773505473
HOU,Above the Break 3,2125.0,749.0,35.247058823529414,1.0569411764705883,71.82910547396529,29.334621755935945
HOU,Backcourt,16.0,0.0,0.0,0.0,,0.22087244616234128
HOU,In The Paint (Non-RA),1654.0,689.0,41.65659008464329,0.8331318016928658,41.07402031930334,22.832689122032026
HOU,Left Corner 3,386.0,138.0,35.751295336787564,1.072538860103627,95.65217391304348,5.328547763666482
HOU,Mid-Range,707.0,271.0,38.33097595473833,0.7666195190947667,41.69741697416974,9.759801214798454
HOU,Restricted Area,2049.0,1351.0,65.93460224499756,1.3186920448999513,54.92227979274612,28.285477636664822
HOU,Right Corner 3,307.0,124.0,40.39087947882736,1.211726384364821,95.16129032258064,4.237990060739922
IND,Above the Break 3,2195.0,763.0,34.760820045558084,1.0428246013667426,79.68545216251638,29.774823657080844
IND,Backcourt,15.0,0.0,0.0,0.0,,0.20347259902333154
IND,In The Paint (Non-RA),1468.0,673.0,45.844686648501366,0.9168937329700273,43.536404160475485,19.913185024416713
IND,Left Corner 3,394.0,145.0,36.80203045685279,1.1040609137055837,93.79310344827586,5.344546934346175
IND,Mid-Range,708.0,310.0,43.78531073446328,0.8757062146892656,43.225806451612904,9.603906673901248
IND,Restricted Area,2218.0,1452.0,65.46438232642019,1.309287646528404,56.129476584022036,30.086814975583287
IND,Right Corner 3,374.0,150.0,40.106951871657756,1.2032085561497325,96.66666666666667,5.073250135648399
LAC,Above the Break 3,2285.0,790.0,34.57330415754923,1.0371991247264771,77.59493670886076,32.49431171786121
LAC,Backcourt,21.0,1.0,4.761904761904762,0.14285714285714285,100.0,0.2986348122866894
LAC,In The Paint (Non-RA),1469.0,626.0,42.614023144996594,0.852280462899932,51.757188498402556,20.890216154721276
LAC,Left Corner 3,374.0,136.0,36.36363636363637,1.0909090909090908,97.05882352941177,5.318543799772469
LAC,Mid-Range,666.0,270.0,40.54054054054054,0.8108108108108109,47.77777777777778,9.470989761092149
LAC,Restricted Area,1858.0,1280.0,68.89128094725511,1.3778256189451024,60.390625,26.422070534698523
LAC,Right Corner 3,359.0,137.0,38.16155988857939,1.1448467966573816,97.08029197080292,5.10523321956769
LAL,Above the Break 3,2321.0,818.0,35.24342955622576,1.0573028866867729,78.97310513447432,31.71198251127203
LAL,Backcourt,22.0,2.0,9.090909090909092,0.2727272727272727,50.0,0.3005875119551851
LAL,In The Paint (Non-RA),1536.0,656.0,42.708333333333336,0.8541666666666666,54.11585365853659,20.986473561962015
LAL,Left Corner 3,381.0,148.0,38.84514435695538,1.1653543307086613,95.94594594594595,5.205629184314797
LAL,Mid-Range,649.0,256.0,39.44530046224961,0.7904468412942989,48.828125,8.867331602677961
LAL,Restricted Area,2011.0,1369.0,68.07558428642466,1.3615116857284932,60.40905770635501,27.47643120644897
LAL,Right Corner 3,399.0,143.0,35.83959899749373,1.0751879699248121,97.9020979020979,5.4515644213690395
MEM,Above the Break 3,2452.0,869.0,35.44045676998369,1.0632137030995106,79.74683544303798,32.56740603001727
MEM,Backcourt,16.0,0.0,0.0,0.0,,0.21251162172931334
MEM,In The Paint (Non-RA),1536.0,634.0,41.276041666666664,0.8255208333333334,47.63406940063091,20.40111568601408
MEM,Left Corner 3,394.0,154.0,39.08629441624365,1.1725888324873097,98.05194805194805,5.23309868508434
MEM,Mid-Range,732.0,298.0,40.7103825136612,0.8142076502732241,43.288590604026844,9.722406694116085
MEM,Restricted Area,2032.0,1341.0,65.99409448818898,1.3198818897637796,60.32811334824758,26.988975959622792
MEM,Right Corner 3,367.0,139.0,37.87465940054496,1.1362397820163488,95.68345323741008,4.874485323416124
MIA,Above the Break 3,2318.0,819.0,35.33218291630716,1.0599654874892148,77.28937728937728,31.919581382539246
MIA,Backcourt,19.0,0.0,0.0,0.0,,0.26163591297163313
MIA,In The Paint (Non-RA),1480.0,692.0,46.75675675675676,0.9351351351351351,47.25433526011561,20.38006058936932
MIA,Left Corner 3,403.0,145.0,35.98014888337469,1.0794044665012408,95.17241379310344,5.54943541724043
MIA,Mid-Range,728.0,262.0,35.989010989010985,0.7197802197802198,48.85496183206107,10.02478656017626
MIA,Restricted Area,1945.0,1311.0,67.40359897172236,1.3480719794344473,61.40350877192982,26.783255301569813
MIA,Right Corner 3,369.0,154.0,41.734417344173444,1.2520325203252032,94.15584415584415,5.081244836133297
MIL,Above the Break 3,2425.0,829.0,34.18556701030928,1.0255670103092784,77.68395657418577,32.450153887327716
MIL,Backcourt,22.0,0.0,0.0,0.0,,0.29439314866854005
MIL,In The Paint (Non-RA),1443.0,628.0,43.52044352044352,0.8704088704088704,52.22929936305732,19.309514251304698
MIL,Left Corner 3,425.0,178.0,41.88235294117647,1.2564705882352942,96.06741573033707,5.687140372005888
MIL,Mid-Range,838.0,346.0,41.288782816229116,0.8257756563245824,47.97687861271676,11.213702662919845
MIL,Restricted Area,1960.0,1300.0,66.3265306122449,1.3265306122448979,56.07692307692308,26.22775324501539
MIL,Right Corner 3,360.0,133.0,36.94444444444444,1.1083333333333334,96.2406015037594,4.817342432757928
MIN,Above the Break 3,2207.0,768.0,34.79836882646126,1.0439510647938377,76.30208333333333,30.59753223346735
MIN,Backcourt,18.0,0.0,0.0,0.0,,0.2495494246499376
MIN,In The Paint (Non-RA),1542.0,677.0,43.90402075226978,0.8780804150453956,44.903988183161005,21.378067378344657
MIN,Left Corner 3,381.0,141.0,37.00787401574803,1.110236220472441,98.58156028368795,5.28212948842368
MIN,Mid-Range,702.0,311.0,44.3019943019943,0.886039886039886,41.80064308681672,9.732427561347567
MIN,Restricted Area,2019.0,1291.0,63.94254581475978,1.2788509162951955,57.78466305189775,27.991127131568
MIN,Right Corner 3,344.0,131.0,38.08139534883721,1.1424418604651163,96.94656488549619,4.769166782198807
NOP,Above the Break 3,2364.0,844.0,35.70219966159053,1.0710659898477157,80.92417061611374,31.86413263243025
NOP,Backcourt,18.0,0.0,0.0,0.0,,0.2426202992317024
NOP,In The Paint (Non-RA),1224.0,589.0,48.12091503267974,0.9624183006535948,47.87775891341256,16.49818034775576
NOP,Left Corner 3,475.0,188.0,39.578947368421055,1.1873684210526316,97.87234042553192,6.402480118614369
NOP,Mid-Range,592.0,240.0,40.54054054054054,0.8108108108108109,52.916666666666664,7.979512063620434
NOP,Restricted Area,2314.0,1557.0,67.28608470181504,1.3457216940363008,58.57418111753372,31.19018735678663
NOP,Right Corner 3,432.0,167.0,38.657407407407405,1.1597222222222223,96.40718562874251,5.822887181560858
NYK,Above the Break 3,2164.0,768.0,35.48983364140481,1.064695009242144,76.04166666666667,30.088987764182423
NYK,Backcourt,12.0,0.0,0.0,0.0,,0.16685205784204674
NYK,In The Paint (Non-RA),1304.0,590.0,45.24539877300614,0.9049079754601227,41.86440677966102,18.13125695216908
NYK,Left Corner 3,404.0,157.0,38.86138613861386,1.1658415841584158,94.90445859872611,5.617352614015573
NYK,Mid-Range,730.0,281.0,38.49315068493151,0.7698630136986301,39.8576512455516,10.150166852057842
NYK,Restricted Area,2234.0,1468.0,65.7117278424351,1.314234556848702,56.880108991825615,31.062291434927698
NYK,Right Corner 3,344.0,147.0,42.73255813953488,1.2819767441860466,96.59863945578232,4.78309232480534
OKC,Above the Break 3,2258.0,742.0,32.86093888396811,0.9858281665190434,81.26684636118598,31.669004207573632
OKC,Backcourt,22.0,0.0,0.0,0.0,,0.3085553997194951
OKC,In The Paint (Non-RA),1484.0,642.0,43.26145552560647,0.8652291105121294,47.81931464174455,20.813464235624124
OKC,Left Corner 3,459.0,176.0,38.3442265795207,1.1503267973856208,96.5909090909091,6.437587657784011
OKC,Mid-Range,650.0,261.0,40.15384615384615,0.803076923076923,45.97701149425287,9.1164095371669
OKC,Restricted Area,1771.0,1102.0,62.22473178994918,1.2444946357989837,57.89473684210526,24.838709677419356
OKC,Right Corner 3,486.0,186.0,38.27160493827161,1.1481481481481481,96.7741935483871,6.816269284712482
ORL,Above the Break 3,1925.0,684.0,35.532467532467535,1.065974025974026,73.83040935672514,28.817365269461074
ORL,Backcourt,14.0,1.0,7.142857142857143,0.21428571428571427,100.0,0.20958083832335328
ORL,In The Paint (Non-RA),1466.0,620.0,42.29195088676671,0.8458390177353342,46.61290322580645,21.94610778443114
ORL,Left Corner 3,314.0,127.0,40.445859872611464,1.213375796178344,95.2755905511811,4.700598802395209
ORL,Mid-Range,744.0,313.0,42.06989247311828,0.8413978494623656,41.853035143769965,11.137724550898204
ORL,Restricted Area,1899.0,1254.0,66.0347551342812,1.320695102685624,55.98086124401914,28.42814371257485
ORL,Right Corner 3,318.0,126.0,39.62264150943396,1.1886792452830188,96.03174603174604,4.7604790419161676
PHI,Above the Break 3,2266.0,870.0,38.39364518976169,1.1518093556928508,81.26436781609195,31.834785051980894
PHI,Backcourt,15.0,1.0,6.666666666666667,0.2,100.0,0.21073335206518687
PHI,In The Paint (Non-RA),1139.0,492.0,43.19578577699737,0.8639157155399473,51.829268292682926,16.00168586681652
PHI,Left Corner 3,430.0,160.0,37.2093023255814,1.1162790697674418,95.0,6.041022759202023
PHI,Mid-Range,571.0,236.0,41.33099824868651,0.8266199649737302,50.42372881355932,8.02191626861478
PHI,Restricted Area,2324.0,1580.0,67.98623063683304,1.359724612736661,60.25316455696203,32.64962067996628
PHI,Right Corner 3,373.0,136.0,36.46112600536193,1.093833780160858,96.32352941176471,5.240236021354313
PHX,Above the Break 3,2412.0,862.0,35.7379767827529,1.072139303482587,78.53828306264501,32.65637692932575
PHX,Backcourt,19.0,0.0,0.0,0.0,,0.25724343352288115
PHX,In The Paint (Non-RA),1626.0,743.0,45.694956949569494,0.9138991389913899,51.278600269179,22.014622258326565
PHX,Left Corner 3,380.0,155.0,40.78947368421053,1.2236842105263157,97.41935483870968,5.1448686704576225
PHX,Mid-Range,739.0,305.0,41.27198917456022,0.8254397834912043,45.90163934426229,10.005415651232061
PHX,Restricted Area,1875.0,1282.0,68.37333333333333,1.3674666666666666,58.03432137285491,25.38586515028432
PHX,Right Corner 3,335.0,146.0,43.582089552238806,1.3074626865671641,97.26027397260275,4.5356079068507995
POR,Above the Break 3,2090.0,748.0,35.78947368421053,1.0736842105263158,76.7379679144385,28.87537993920973
POR,Backcourt,14.0,1.0,7.142857142857143,0.21428571428571427,100.0,0.19342359767891684
POR,In The Paint (Non-RA),1417.0,591.0,41.70783345095272,0.8341566690190544,50.253807106598984,19.57723127935894
POR,Left Corner 3,400.0,151.0,37.75,1.1325,96.6887417218543,5.5263885051119095
POR,Mid-Range,812.0,378.0,46.55172413793103,0.9310344827586207,41.53439153439153,11.218568665377177
POR,Restricted Area,2125.0,1399.0,65.83529411764705,1.3167058823529412,59.54253037884203,29.358938933407018
POR,Right Corner 3,380.0,142.0,37.36842105263158,1.1210526315789473,97.88732394366197,5.250069079856314
SAC,Above the Break 3,2285.0,871.0,38.118161925601754,1.1435448577680525,80.13777267508611,31.75375208449138
SAC,Backcourt,16.0,1.0,6.25,0.1875,100.0,0.22234574763757642
SAC,In The Paint (Non-RA),1748.0,841.0,48.11212814645309,0.9622425629290617,53.269916765755056,24.291272929405224
SAC,Left Corner 3,390.0,154.0,39.48717948717949,1.1846153846153846,96.1038961038961,5.419677598665926
SAC,Mid-Range,692.0,273.0,39.45086705202312,0.7890173410404624,44.688644688644686,9.616453585325182
SAC,Restricted Area,1623.0,1102.0,67.89895255699322,1.3579790511398644,57.53176043557169,22.55419677598666
SAC,Right Corner 3,442.0,167.0,37.782805429864254,1.1334841628959276,96.40718562874251,6.142301278488048
SAS,Above the Break 3,2392.0,866.0,36.20401337792642,1.0861204013377928,79.56120092378752,31.52761302227494
SAS,Backcourt,22.0,0.0,0.0,0.0,,0.2899696849874786
SAS,In The Paint (Non-RA),1250.0,559.0,44.72,0.8944,50.089445438282645,16.475550283379466
SAS,Left Corner 3,419.0,155.0,36.9928400954654,1.1097852028639619,97.41935483870968,5.522604454988796
SAS,Mid-Range,774.0,346.0,44.70284237726098,0.8940568475452196,45.08670520231214,10.201660735468565
SAS,Restricted Area,2337.0,1513.0,64.74112109542148,1.2948224219084297,57.43555849306014,30.80268880980625
SAS,Right Corner 3,393.0,156.0,39.69465648854962,1.1908396946564885,96.7948717948718,5.179913009094504
TOR,Above the Break 3,2255.0,767.0,34.01330376940133,1.02039911308204,79.13950456323337,31.137807235570286
TOR,Backcourt,12.0,0.0,0.0,0.0,,0.16570008285004142
TOR,In The Paint (Non-RA),1298.0,558.0,42.98921417565485,0.8597842835130971,43.54838709677419,17.923225628279482
TOR,Left Corner 3,416.0,163.0,39.18269230769231,1.1754807692307692,95.0920245398773,5.7442695388014355
TOR,Mid-Range,635.0,254.0,40.0,0.8,48.031496062992126,8.768296050814692
TOR,Restricted Area,2216.0,1486.0,67.05776173285199,1.3411552346570397,57.335127860026915,30.59928196630765
TOR,Right Corner 3,410.0,149.0,36.34146341463415,1.0902439024390245,97.31543624161074,5.661419497376415
UTA,Above the Break 3,2606.0,910.0,34.91941673062164,1.0471987720644667,82.63736263736264,34.190501180792445
UTA,Backcourt,17.0,2.0,11.764705882352942,0.35294117647058826,50.0,0.22303857255313564
UTA,In The Paint (Non-RA),1760.0,869.0,49.375,0.9875,55.58112773302647,23.09105221726581
UTA,Left Corner 3,412.0,172.0,41.74757281553398,1.2524271844660195,96.51162790697674,5.405405405405405
UTA,Mid-Range,619.0,285.0,46.04200323101777,0.9208400646203554,47.719298245614034,8.121228024140645
UTA,Restricted Area,1839.0,1281.0,69.65742251223492,1.3931484502446982,59.17252146760344,24.127525583836263
UTA,Right Corner 3,369.0,136.0,36.856368563685635,1.1056910569105691,97.79411764705883,4.841249016006297
WAS,Above the Break 3,2352.0,829.0,35.24659863945578,1.0573979591836735,79.37273823884198,30.902640914465906
WAS,Backcourt,16.0,0.0,0.0,0.0,,0.210222047037183
WAS,In The Paint (Non-RA),1589.0,650.0,40.90623033354311,0.8181246066708622,52.76923076923077,20.87767704638024
WAS,Left Corner 3,434.0,172.0,39.63133640552996,1.1889400921658986,97.67441860465117,5.702273025883589
WAS,Mid-Range,737.0,304.0,41.248303934871096,0.824966078697422,50.0,9.683353041650243
WAS,Restricted Area,2072.0,1459.0,70.41505791505791,1.4083011583011582,58.67032213845099,27.223755091315198
WAS,Right Corner 3,411.0,169.0,41.119221411192214,1.2335766423357664,92.89940828402366,5.400078833267639
