GAMEID,TEAM,PTS
22400019,MEM,-1
22400022,BKN,-1
22400030,CHI,-1
22400043,ORL,-1
22400059,SAC,-1
22400063,IND,-1
22400064,BKN,-1
22400072,GSW,-1
22400072,POR,-1
22400075,OKC,-1
22400086,NOP,-1
22400094,SAS,-1
22400095,PHX,-1
22400097,PHI,-1
22400100,OKC,-1
22400126,GSW,-1
22400132,BOS,-1
22400140,POR,-1
22400144,GSW,-1
22400148,UTA,-1
22400151,DET,-1
22400155,GSW,-1
22400157,BOS,-1
22400161,HOU,-1
22400173,SAS,-1
22400181,MIN,-1
22400187,BKN,-1
22400192,OKC,-1
22400202,BOS,-1
22400203,NYK,-1
22400207,OKC,-1
22400210,POR,-1
22400211,LAL,-1
22400219,NYK,-1
22400221,NOP,-1
22400231,NOP,-1
22400234,PHX,-1
22400235,IND,-1
22400236,CLE,-1
22400250,ATL,-1
22400260,DET,-1
22400273,MIA,-1
22400284,GSW,-1
22400298,DEN,-1
22400306,MEM,-1
22400323,ATL,-1
22400330,NOP,-2
22400340,CHA,-2
22400342,OKC,-1
22400348,BKN,-1
22400353,WAS,-1
22400354,NOP,-1
22400361,OKC,-1
22400364,TOR,-1
22400367,NYK,-1
22400368,LAC,-1
22400369,IND,-1
22400370,ATL,-1
22400370,SAS,-2
22400376,SAC,-1
22400377,MIA,-2
22400379,BKN,-1
22400385,LAC,-1
22400388,HOU,-1
22400392,UTA,-1
22400396,MIA,-1
22400399,MEM,-1
22400400,OKC,-1
22400404,DET,-1
22400414,MEM,-2
22400419,NYK,-2
22400425,PHX,-1
22400436,BKN,-1
22400447,POR,-1
22400460,DAL,-1
22400461,DEN,-1
22400462,PHI,-1
22400469,CHA,-1
22400469,DET,-1
22400471,HOU,-1
22400485,MEM,-1
22400489,WAS,-1
22400492,SAC,-1
22400501,SAC,-1
22400505,NOP,-1
22400517,CLE,-1
22400519,MIN,-1
22400531,DEN,-1
22400544,ORL,-1
22400569,CHA,-1
22400571,BKN,-1
22400571,LAC,-2
22400593,ORL,-1
22400602,ATL,-2
22400615,CLE,-1
22400618,OKC,-1
22400619,SAC,-1
22400633,SAS,-1
22400638,DET,-1
22400638,ORL,-1
22400648,LAL,-1
22400655,DEN,-1
22400665,TOR,-1
22400665,WAS,-1
22400669,PHI,-1
22400674,WAS,-1
22400677,UTA,-1
22400701,DET,-1
22400715,LAL,-1
22400718,CLE,-2
22400720,BKN,-1
22400723,CHI,-1
22400725,UTA,-1
22400729,MIN,-1
22400737,BKN,-1
22400741,DAL,-1
22400749,PHX,-1
22400752,CHA,-1
22400755,MIN,-1
22400756,ORL,-3
22400763,POR,-2
22400765,IND,-1
22400770,CHA,-1
22400782,DAL,-1
22400785,SAC,-1
22400790,ATL,-1
22400798,MEM,-2
22400801,HOU,-1
22400807,BKN,-1
22400808,DEN,-1
22400812,GSW,-1
22400813,IND,-1
22400813,LAC,-3
22400816,TOR,-1
22400819,MEM,-1
22400820,OKC,-1
22400824,WAS,-1
22400833,SAS,-1
22400834,GSW,-1
22400845,GSW,-1
22400850,DET,-1
22400856,NYK,-1
22400860,CHA,-1
22400862,HOU,-1
22400862,SAC,-1
22400863,SAS,-1
22400867,POR,-1
22400875,CHA,-4
22400879,OKC,-1
22400880,SAC,-1
22400882,IND,-1
22400883,ORL,-1
22400887,MIN,-1
22400890,NOP,-1
22400894,WAS,-1
22400897,DAL,-1
22400908,OKC,-1
22400917,ORL,-1
22400918,BOS,-1
22400920,OKC,-1
22400930,BKN,-1
22400931,CHA,-1
22400936,DEN,-1
22400946,OKC,-1
22400971,MIA,-1
22400978,BKN,-1
22400985,PHI,-1
22400986,MIN,-1
22400993,CHA,-1
22401009,SAC,-1
22401012,MIL,-1
22401013,SAC,-1
22401016,MIN,-1
22401028,CHI,-1
22401031,ATL,-1
22401037,IND,-1
22401042,CHI,-1
22401043,MIL,-1
22401044,SAC,-1
22401045,ORL,-4
22401046,DET,-4
22401046,SAS,-4
22401047,GSW,-6
22401048,DAL,-2
22401048,NYK,-12
22401049,ATL,-7
22401049,HOU,-6
22401050,MEM,-6
22401051,POR,-4
22401052,OKC,-2
22401052,SAC,-1
22401056,LAC,-1
22401067,DET,-1
22401068,BKN,-2
22401068,LAC,-2
22401077,DAL,-1
22401078,LAL,-1
22401080,BOS,-1
22401083,MIL,-1
22401084,MIN,-1
22401093,MEM,-1
22401105,WAS,-1
22401106,MIA,-1
22401115,MIL,-1
22401120,BOS,-1
22401133,CHI,-1
22401140,NYK,-1
22401141,ORL,-1
22401163,SAS,-1
22401170,MIN,-1
22401184,LAC,-1
22401187,BOS,-1
22401197,TOR,-2
22401210,LAL,-1
22401211,BKN,-1
22401211,MEM,-2
22401213,LAC,-1
22401215,POR,-2
22401216,IND,-1
22401218,MIN,-1
22401224,BKN,-1
22401227,NYK,-1
22401229,MIL,-1
